Nombre;Referencia;Categoria;Descripcion
"ABRAZADERA 10-00 TITAN 3/8""";4;TORNILLERIA;
"ABRAZADERA 10-04 TITAN 1/2""";5;HERRAJES Y SOPORTES;102
ACEITE MULTIUSOS 30 ML TRUPER;28;LUBRICANTES;16711
ACEITE MULTIUSOS 90 ML TRUPER;29;LUBRICANTES;16712
ALCOHOL INDUSTRIAL (METANOL 80%) 375ML 1/2B;91;PINTURAS Y DISOLVENTES;
ALICATE NO 8 TIPO CRESCENT;98;HERRAMIENTA MANUAL;
AMARRE PLASTICO NEGRO 7,6 X 400mm FORTE UN;107;HERRAJES Y SOPORTES;16070
AMARRE PLASTICO N 15 NEGRO 2.5 U;120;HERRAJES Y SOPORTES;
AMARRE PLASTICO N 25 BLANCO 3.6 U;129;HERRAJES Y SOPORTES;
"ARANDELA 1/2"" UN";1574;TORNILLERIA;
"ARANDELA 1/4"" UN";191;TORNILLERIA;
"ARANDELA 3/16"" UN";193;TORNILLERIA;
"ARANDELA 3/8"" UN";194;TORNILLERIA;
"ARANDELA 7/16"" UN";197;TORNILLERIA;
BALDE DE CONSTRUCCION NEGRO;212;CONSTRUCCION;
"BISAGRA COMUN LATON 3""  INDUMA UNIDAD";239;HERRAJES Y SOPORTES;
"BISTURI 6"" BLISTER PRETUL";257;HERRAMIENTA MANUAL;22405
BOLSA NEGRA INDUSTRIAL N 39;3262;HOGAR Y COCINA;
BOMBILLO DICROICO 110 GU10;282;ELECTRICOS;1961
BOMBILLO RECARGABLE PORTATIL 15W ASTRO;3430;ELECTRICOS;
BOQUILLA BLANCA 2K MAXI;284;CONSTRUCCION;
BROCA ACERO HSS 17/64 INCOLMA;307;ABRASIVOS Y CONSUMIBLES;750281
BROCA ACERO HSS 9/64 INCOLMA;320;ABRASIVOS Y CONSUMIBLES;750125
BROCA HSS 1/4 MP TOOLS;327;ABRASIVOS Y CONSUMIBLES;1716
BROCA HSS 3/16 MP TOOLS;330;ABRASIVOS Y CONSUMIBLES;1901
"BROCA HSS ACERO RAPIDO 3/16"" TRUPER";342;PINTURAS Y DISOLVENTES;11126
"BROCHA POPULAR BLANCA 1 1/2"" GOYA";363;PINTURAS Y DISOLVENTES;1307
"BROCHA POPULAR BLANCA 2"" GOYA";367;PINTURAS Y DISOLVENTES;1308
"BROCHA POPULAR BLANCA 3"" GOYA";368;PINTURAS Y DISOLVENTES;1310
"CALIBRADOR PIE DE REY PULGADAS Y METRICO 5"" PRETUL";2417;HERRAMIENTA MANUAL;21454
"CANCAMO ABIERTO 1/2"" RANGER";466;TORNILLERIA;
CANDADO DE HIERRO 25 MM HERMEX;509;CERRAJERIA Y SEGURIDAD;22528
CERRADURA ALCOBA CLARA / OBSCURA CAJA SECURITY;589;CERRAJERIA Y SEGURIDAD;
"CHAZO EXPANSIVO 3/8X 17/8""";607;TORNILLERIA;
CHAZO PLASTICO 1/4 UN;621;TORNILLERIA;
"CHAZO SUPRA MARIPOSA PLASTICO 1/4"" UN";646;TORNILLERIA;
CHUPA CON GANCHO N 6;661;HERRAJES Y SOPORTES;
CINTA  ANTIDESLIZANTE 50 MM 50 MT TESA;672;PEGANTES;5383
CINTA AMARILLA LA ORIGINAL 18 MM X 50MT 3M;675;PEGANTES;39025
CINTA AMARILLA LA ORIGINAL 6 MM X 50MT 3M;676;PEGANTES;
CINTA AUTOFUNDENTE 1MT;677;PEGANTES;
CINTA DOBLE FAZ 1/2 2MT 3M;691;PEGANTES;33689
CINTA DOBLE FAZ 3/4 2MT 3M;692;PEGANTES;33696
CINTA EMPAQUE TRANSPARENTE 150 MT TRUPER;695;PEGANTES;12557
CINTA ENMASCARAR 201+12MM X 55 MT 3M;3123;PEGANTES;55502
CINTA ENMASCARAR 201+24MM X 50 MT 3M;702;PEGANTES;19473
CINTA ENMASCARAR 201+ 38MM X 50 MT 3M;3231;PEGANTES;
CINTA TEFLON PEQUEï¿½O;724;PEGANTES;13052
CINTA AISLANTE TEMFLEX NEGRO 19 MM X 9MT 3M;728;PEGANTES;14873
CINTA AISLANTE TEMFLEX NEGRO 19 MM X 18MT 3M;729;PEGANTES;25680
CLAVIJA DOMESTICAV 10A CODELCA;736;ELECTRICOS;
CLAVIJA INDUSTRIAL 15A KONTIKI;737;ELECTRICOS;FC2
CLAVO ACERADO 3/4 LISO CA MEJIA DOC;762D;TORNILLERIA;
"CODO SANITARIO CXC 11/2""";792;TUBERIAS Y ACCESORIOS;1107
CUCHILLO N6 MADERA EXCALIBUR;3443;HOGAR Y COCINA;
"CURVA CONDUIT SEMIPESADA 1/2""";864;TUBERIAS Y ACCESORIOS;3060
DISCO CORTE METAL 4 1/2 X 1/16 X 7/8  ABRACOL;904;ABRASIVOS Y CONSUMIBLES;41613
"DISCO CORTE METAL 41/2"" X 0.045 X 7/8"" DEWALT";916;ABRASIVOS Y CONSUMIBLES;43346
"DISCO CORTE METAL 7"" X 1/16"" X 7/8"" DEWALT";917;ABRASIVOS Y CONSUMIBLES;43347
"DISCO CORTE METAL 14"" X 7/64"" X 7/8"" PARA TRONZADORA PRETUL";921;ABRASIVOS Y CONSUMIBLES;22561
"DISCO CORTE METAL 7"" X 1/16"" X 7/8"" PREMIER";924;ABRASIVOS Y CONSUMIBLES;
"DISCO DESBASTE METAL 41/2"" X 1/4"" X 7/8"" TRUPER";929;ABRASIVOS Y CONSUMIBLES;12565
"DISCO FLAP 120 4 1/2"" AZUL PORRAS";934;ABRASIVOS Y CONSUMIBLES;
"DISCO FLAP 120 7"" AZUL PORRAS";935;ABRASIVOS Y CONSUMIBLES;
"DISCO FLAP 60 4 1/2"" AZUL PORRAS";937;ABRASIVOS Y CONSUMIBLES;
DUPLICADO DE LLAVE ESTANDAR;969;CERRAJERIA Y SEGURIDAD;
ESCOBILLAS PEQUEï¿½AS;3326;PARTES Y REPUESTOS;
ESMALTE EXPERTO BLANCO 1/4 G SUPER;1051;PINTURAS Y DISOLVENTES;301
EXTENSION CON POLO NARANJA 8MT;909;ELECTRICOS;45400
EXTENSION 3 MTS 9ft DUPLEX OSBLACK/TITANIUM;1144;ELECTRICOS;
EXTENSION 5 MTS 15ft DUPLEX OSBLACK/TITANIUM;1145;ELECTRICOS;
"FLEXOMETRO AMARILLO 8MT CINTA 1"" PRETUL";1187;HERRAMIENTA MANUAL;21603
GANCHO ADHESIVO JUMBO BLANCO;1214;HERRAJES Y SOPORTES;
GANCHO ADHESIVO MEDIANO BLANCO;1216;HERRAJES Y SOPORTES;
GRAFITO FUELLE;1228;LUBRICANTES;
"GRATA COPA ALAMBRE ONDULADO 4""X 5/8 TRUPER";1262;HERRAMIENTA MANUAL;11529
GUANTE LATEX NEGRO HGN  002 T L;1273;DOTACION INDUSTRIAL;
GUANTE NITRILO TALLA 8;1282;DOTACION INDUSTRIAL;
GUANTE CAUCHO TRITON CAL35 T 9;1290;DOTACION INDUSTRIAL;4616
GUASA 1/2 UN;3149;TORNILLERIA;
GUASA 1/4 UN;3150;TORNILLERIA;
GUASA 3/8 UN;3152;TORNILLERIA;
HERRAJE 2 PIEZAS;1294;GRIFERIA;
INTERRUPTOR SENCILLO BLANCO MERCURY;1338;ELECTRICOS;
"LLANA LISA MANGO PLASTICO 1 1X 5"" TRUPER";1461;HERRAMIENTA MANUAL;15412
LLAVE MIXTA 13 MMX145MM PRETUL;1502;HERRAMIENTA MANUAL;21907
"MACHETE TRES CANALES 20"" CORNETA";1536;HERRAMIENTA MANUAL;5449
MANGUERA LAVADORA ENTADA TER PLASTICA 2.40MT;1583;GRIFERIA;
MARTILLO CAB CONICA MADERA 25 MM;1617;HERRAMIENTA MANUAL;10558
MASILLA AUTOMOTRIZ POLIESTER P1500 1/4 G P;1621;PINTURAS Y DISOLVENTES;10381821 40%
MASILLA PEQUEï¿½A RALLY ORIGINAL;1630;PEGANTES;
"NIPLE GALVANIZADO KAUDAL 1/2 X3""";1681;TUBERIAS Y ACCESORIOS;29209
"NIPLE GALVANIZADO KAUDAL 3/4X1""";3303;GRIFERIA;
ORRING 006;1708;PARTES Y REPUESTOS;
ORRING 007;1709;PARTES Y REPUESTOS;
ORRING 008;1710;PARTES Y REPUESTOS;
ORRING 009;1711;PARTES Y REPUESTOS;
PASADOR ALEMAN  21/2;3267;CERRAJERIA Y SEGURIDAD;558
PASADOR ALEMAN 3;3269;CERRAJERIA Y SEGURIDAD;
PEGACOR GRIS MEGAPEGA X25K CORONA;1765;CONSTRUCCION;99947
PEGANTE BOXER UNIVERSAL BOTELLA GYD;1773;PEGANTES;
PIEDRA MOTORTOOL GRANDE UN;1790;PARTES Y REPUESTOS;
PIEDRA MOTORTOOL PEQUEï¿½A UN;1791;PARTES Y REPUESTOS;
PIEDRA REPUESTO ENCENDEDOR CHISPERO PAQ X 5;3313;HERRAMIENTA MANUAL;19272
PILA 9V GP;1794;ELECTRICOS;
PINTURA EN SPRAY NEGRO BRILLANTE 400ML PINTE;1823;PINTURAS Y DISOLVENTES;8842
PISTOLA CALEFATEO ESQUELETO REF TRUPER;1847;HERRAMIENTA MANUAL;17558
PULSADOR TIMBRE SENCILLO S/PONER DUOMO AVE;1928;ELECTRICOS;14013
PUNTA PHILIPS N2 STANLEY;1929;HERRAMIENTA MANUAL;
"PUNTILLA CON CABEZA  1"" UN";2598;TORNILLERIA;734
PUNTILLA CON CABEZA 2 X 400 GM;3196CA;TORNILLERIA;1016
RAFIA MILENIO 3 MM (1000) 1M;3609;SOGAS Y CADENAS;
"REMACHADORA PROFESIONAL 10"" TRUPER";2005;HERRAMIENTA MANUAL;17960
REMACHE POP 6-6 3/16 X 1/2 CAJA;2069CA;TORNILLERIA;
"RODILLO HILO BRICOLAGE 9"" GOYA";2102;PINTURAS Y DISOLVENTES;3663
"RODILLO JUNIOR POLIESTER TH 2"" GOYA";2106;PINTURAS Y DISOLVENTES;1198
"RODILLO JUNIOR POLIESTER TH 3"" GOYA";2107;PINTURAS Y DISOLVENTES;1199
"RODILLO JUNIOR POLIESTER TH 4"" GOYA";2108;PINTURAS Y DISOLVENTES;1200
"RODILLO JUNIOR POLIESTER TH 5"" GOYA";2109;PINTURAS Y DISOLVENTES;1201
SILICONA SUPERFLEX ROJA 50ML LOCTITE;3674;PEGANTES;
SILICONA EN TUBO TRANSPARENTE UNIFER;2217;PEGANTES;
SOLDADURA 6013 1/8 1/2 K WEST ARCO;2229;ABRASIVOS Y CONSUMIBLES;10240650
"SOLDADURA ELECTRICA 6013 1/8"" 1K TRUPER";2248;ABRASIVOS Y CONSUMIBLES;14361
"SOLDADURA ELECTRICA 6013 3/32"" 1K 50V TRUPER";2251;ABRASIVOS Y CONSUMIBLES;14360
SOLDADURA PVC 1/128 ENAR;2272;PEGANTES;1575
SOQUET T8 UN;2299;ELECTRICOS;
SOSCO EXTENSION LAVAMANOS;2301;GRIFERIA;1566
SUPER BONDER 3 GRAMOS LOCTITE;2315;PEGANTES;13846
SUPER PEGA INTANTANEO 20G;3661;PEGANTES;
TAPON OIDO REUTILIZABLE TRIPLE BARRERA TRUPER;2380;DOTACION INDUSTRIAL;14225
TESTER CON CAIMAN TIPO ESFERO TRUPER;2446;ELECTRICOS;13987Ideal para mediciï¿½n de corriente directa en baterï¿½as y circuitos de 12 V.Punta de acero.Mango de plï¿½stico transparente aislado para mayor seguridad con indicador de luz.Clip tipo pluma para portar en el bolsillo.Cable con caimï¿½n para tierra.
THINNER EXTRAFINO 1 BOTELLA 750CC;2450;PINTURAS Y DISOLVENTES;
TIJERA PARA HOJALATERO PRETUL;3171;HERRAMIENTA MANUAL;26052
TINTE WENGUE 200 CC SUPER;2470;PINTURAS Y DISOLVENTES;80
TOALLITAS  COLORES BORDADA;3565;ASEO;
TOMA AEREA INDUSTRIAL 15 AMP  KONTIKI;2473;ELECTRICOS;FT2
TOMA DOBLE BLANCA MERCURY;2476;ELECTRICOS;
TOMA DOBLE P/T BLANCA DUOMO AVE;2478;ELECTRICOS;35219
TOMA SOBREPONER MULTIPLE 2-6 LITEWAY;2483;ELECTRICOS;33278
"TORNILLO CR RO ZINC 3/16X1/2""UN";2538;TORNILLERIA;
"TORNILLO CR RO ZINC 5/32X1""UN";2545;TORNILLERIA;
"TORNILLO CR RO ZINC 5/32X21/2""UN";2550;TORNILLERIA;
"TORNILLO DRYWALL 6X2"" UN";2585;TORNILLERIA;
"TORNILLO DRYWALL 6X21/2"" UN";2588;TORNILLERIA;
"TORNILLO HEX RO ZINC 1/2X2""UN";2636;TORNILLERIA;
"TORNILLO HEX RO ZINC 1/4X1""UN";2639;TORNILLERIA;
"TORNILLO HEX RO ZINC 1/4X11/2""UN";2641;TORNILLERIA;
"TORNILLO HEX RO ZINC 3/8X1""UN";2647;TORNILLERIA;
"TORNILLO HEX RO ZINC 5/16X11/4""UN";2661;TORNILLERIA;
"TORNILLO HEX RO ZINC 5/16X31/2""UN";2666;TORNILLERIA;
"TORNILLO HEX RO ZINC 7/16X11/2""UN";2673;TORNILLERIA;
"TORNILLO HEX RO ZINC 7/16X2""UN";2674;TORNILLERIA;
"TORNILLO KLATH P/AGUDA 8X1/2""50";2683C;TORNILLERIA;
"TORNILLO KLATH P/BROCA 8X1/2""DOC";2685D;TORNILLERIA;
"TORNILLO LAMINA 14X11/4"" UN";2745;TORNILLERIA;
"TORNILLO LAMINA 6X1"" 50";2767C;TORNILLERIA;
"TORNILLO LAMINA 6X1"" UN";2767;TORNILLERIA;
"TORNILLO LAMINA 8X11/4"" UN";2791;TORNILLERIA;
"TUBO CONDUIT SEMIPESADO 1/2""";2811;TUBERIAS Y ACCESORIOS;3073
"TUERCA HEX RO 1/2"" UN";2919;TORNILLERIA;
"TUERCA HEX RO 1/4"" DOC";2921D;TORNILLERIA;
"TUERCA HEX RO 1/4"" UN";2921;TORNILLERIA;
"TUERCA HEX RO 3/16"" UN";2926;TORNILLERIA;
"TUERCA HEX RO 3/8"" DOC";2929D;TORNILLERIA;
"TUERCA HEX RO 3/8"" UN";2929;TORNILLERIA;
"TUERCA HEX RO 5/32"" UN";2934;TORNILLERIA;
"TUERCA HEX RO 7/16"" DOC";2936D;TORNILLERIA;
"TUERCA HEX RO 7/16"" UN";2936;TORNILLERIA;
UNION 1/2 COBRE;2947;TUBERIAS Y ACCESORIOS;1
"UNION SANITARIO 11/2""";2975;TUBERIAS Y ACCESORIOS;1141
"VALVULA BOLA PVC 1"" SOLDAR GRIVAL";3001;TUBERIAS Y ACCESORIOS;99861
VIDRIO PARA CARETA NO 11;3046;ABRASIVOS Y CONSUMIBLES;
VIDRIO PARA CARETA NO 12;3047;ABRASIVOS Y CONSUMIBLES;
"VINIPEL-STRETCH 12"" X300MT";3135;PEGANTES;
"VINIPEL-STRETCH 20"" X300MT";3136;PEGANTES;
"VINIPEL-STRETCH 5"" X300MT";3137;PEGANTES;
WIN PLASTICO TRADICIONAL BEIGE 2.2MT;3147;PERFILES Y WINES;WPTBE
BROCA ACERO HSS 5/32 NICHOLSON;3702;ABRASIVOS Y CONSUMIBLES;
BROCA ACERO HSS 3/16 NICHOLSON;3703;ABRASIVOS Y CONSUMIBLES;
PIN CHAVETA 5/32 X 3/4, 1, 11/4 y 11/2;3709;HERRAJES Y SOPORTES;
PIN CHAVETA 1/8X 1, 11/4 y 11/2;3710;HERRAJES Y SOPORTES;
"ABRAZADERA 10-06 TITAN 3/4""";6;HERRAJES Y SOPORTES;10511
"ABRAZADERA 10-08 TITAN 1""";7;HERRAJES Y SOPORTES;
"ABRAZADERA 10-16 TITAN 11/2""";8;HERRAJES Y SOPORTES;
ABRAZADERA NAVIDEï¿½A;3520;ABRASIVOS Y CONSUMIBLES;
GRAPA PARA MANGUERA LUCES DOC +CLAVO;3D;HERRAJES Y SOPORTES;
GRAPA.PARA MANGUERA LUCES UNIDAD + CLAVO;3;HERRAJES Y SOPORTES;
ABRAZADERA REF ACERO INOX AB - 10;9;HERRAJES Y SOPORTES;44235
ABRAZADERA REF ACERO INOX AB - 12;10;HERRAJES Y SOPORTES;44236
ABRAZADERA REF ACERO INOX AB - 16;11;HERRAJES Y SOPORTES;44237
ABRAZADERA REF ACERO INOX AB - 20;12;HERRAJES Y SOPORTES;44238
ABRAZADERA REF ACERO INOX AB - 24;13;HERRAJES Y SOPORTES;44239
ABRAZADERA REF ACERO INOX AB - 28;14;HERRAJES Y SOPORTES;44240
ABRAZADERA REF ACERO INOX AB - 36;15;HERRAJES Y SOPORTES;44242
ABRAZADERA REF ACERO INOX AB - 4;16;HERRAJES Y SOPORTES;44232
ABRAZADERA REF ACERO INOX AB - 44;17;HERRAJES Y SOPORTES;44244
ABRAZADERA REF ACERO INOX AB - 52;18;HERRAJES Y SOPORTES;44246
ABRAZADERA REF ACERO INOX AB - 60;19;HERRAJES Y SOPORTES;44248
ABRAZADERA REF ACERO INOX AB - 72;20;HERRAJES Y SOPORTES;44250
ABRAZADERA REF ACERO INOX AB - 8;21;HERRAJES Y SOPORTES;44234
ABRAZADERA REF ACERO INOX AB - 88;22;HERRAJES Y SOPORTES;44252
ABRAZADERA REF ACERO INOX AB - 7;23;HERRAJES Y SOPORTES;44256
ABRILLANTADOR DE LLANTAS 500ML FORTE;24;LUBRICANTES;41898
ACEITE 3 EN 1 ORIGINAL 90ML G;26;LUBRICANTES;14031
ACEITE 3 EN 1 ORIGINAL 30ML P;25;LUBRICANTES;14030
ACEITE 3 EN 1 AEROSOL 162ML 5,5 Oz;27;LUBRICANTES;41933
ACEITERA DE PIPETA FLEXIBLE 180 ML;30;HERRAMIENTA MANUAL;14870
ACEITERA DE PIPETA FLEXIBLE 300 ML;31;HERRAMIENTA MANUAL;14872
ACIDO MURIATICO 500 CC;32;ASEO;33425
ACIDO MURIATICO GALON;33;ASEO;33424
"ACOPLE RACOR BRONCE MACHO 1/2""";34;PARTES Y REPUESTOS;
ACOPLE FLEXIBLE BOCHERINI;35;GRIFERIA;YW262
"ACOPLE RACOR BRONCE HEMBRA 1/2""";36;PARTES Y REPUESTOS;
"ACOPLE RACOR HEMBRA BRONCE 1/4""";37;PARTES Y REPUESTOS;
"ACOPLE HEMBRA RAPIDO 1/4""";1313;ABRASIVOS Y CONSUMIBLES;IMCN1
ACOPLE LAVAMANOS 40 CM GRIVAL;3177;GRIFERIA;
ACOPLE LAVAMANOS CORTO ECO;38;GRIFERIA;
ACOPLE LAVAMANOS CORTO PLAST GRIFOS;39;GRIFERIA;2472
ACOPLE LAVAMANOS LARGO ECO;40;GRIFERIA;
ACOPLE LAVAMANOS LARGO PLAST GRIFOS;41;GRIFERIA;1598
ACOPLE LICUADORA MULTIMARCA;42;HOGAR Y COCINA;
ACOPLE LICUADORA OSTER COMPLETO;43;HOGAR Y COCINA;
ACOPLE LICUADORA OSTER CUADRANTE;44;HOGAR Y COCINA;
"ACOPLE RACOR MACHO BRONCE 1/4""";45;PARTES Y REPUESTOS;
"ACOPLE MACHO RAPIDO 1/4""";1312;ABRASIVOS Y CONSUMIBLES;IMCN0
ACOPLE RAPIDO COMPLETO;46;TUBERIAS Y ACCESORIOS;
ACOPLE RACOR RAPIDO GRIFO-MANGUERA TRUPER;47;GRIFERIA;12724
ACOPLE SANITARIO 40 CM GRIVAL;3178;GRIFERIA;
ACOPLE SANITARIO CORTO ECO;48;GRIFERIA;
ACOPLE SANITARIO CORTO PLAST GRIFOS;49;GRIFERIA;
ACOPLE SANITARIO LARGO ECO;50;GRIFERIA;
ACOPLE SANITARIO LARGO PLAST GRIFOS;51;GRIFERIA;
"ACOPLE YEE DE ALUMINIO ENTRADA 3/4"" TRUPER";52;GRIFERIA;10372
"ACOPLE YEE PLASTICO ENTRADA 3/4"" PRETUL";53;GRIFERIA;20050
"ADAPTADOR HEMBRA CPVC 1/2""";54;TUBERIAS Y ACCESORIOS;10106
"ADAPTADOR HEMBRA DE COBRE 1/2""";55;TUBERIAS Y ACCESORIOS;75736
"ADAPTADOR HEMBRA PF UAD PAVCO 1/2""";56;TUBERIAS Y ACCESORIOS;10085
"ADAPTADOR HEMBRA PVC 1""";57;TUBERIAS Y ACCESORIOS;2058
"ADAPTADOR HEMBRA PVC 1/2""";58;TUBERIAS Y ACCESORIOS;2015
"ADAPTADOR HEMBRA PVC 11/2""";59;TUBERIAS Y ACCESORIOS;2074
"ADAPTADOR HEMBRA PVC 11/4""";60;TUBERIAS Y ACCESORIOS;2066
"ADAPTADOR HEMBRA PVC 2""";61;TUBERIAS Y ACCESORIOS;2082
"ADAPTADOR HEMBRA PVC 3/4""";62;TUBERIAS Y ACCESORIOS;2040
"ADAPTADOR MACHO 1/2""";63;TUBERIAS Y ACCESORIOS;2210
"ADAPTADOR MACHO CPVC 1/2""";64;TUBERIAS Y ACCESORIOS;10186
"ADAPTADOR MACHO DE COBRE 1/2""";65;TUBERIAS Y ACCESORIOS;75733
"ADAPTADOR MACHO PF UAD 1/2"" PAVCO";66;TUBERIAS Y ACCESORIOS;10263
"ADAPTADOR MACHO PVC 1""";67;TUBERIAS Y ACCESORIOS;2252
"ADAPTADOR MACHO PVC 11/2""";68;TUBERIAS Y ACCESORIOS;2279
"ADAPTADOR MACHO PVC 11/4""";69;TUBERIAS Y ACCESORIOS;2260
"ADAPTADOR MACHO PVC 2""";70;TUBERIAS Y ACCESORIOS;2287
"ADAPTADOR MACHO PVC 3/4""";71;TUBERIAS Y ACCESORIOS;2236
ADAPTADOR RACHET 1/2 X 3/8;3311;HERRAMIENTA MANUAL;13422
"ADAPTADOR RATCHET M 1/2"" X 3/4""";72;HERRAMIENTA MANUAL;13426
"ADAPTADOR RATCHET M 1/2"" X 3/8""";73;HERRAMIENTA MANUAL;13422
ADAPTADOR SIFON BLANCO PLASGRIFOS;3359;TUBERIAS Y ACCESORIOS;48430
AEROSOL WD 40 104 ML 3O ONZ;75;LUBRICANTES;43389
AEROSOL WD 40 191 ML 5.5 ONZ;260;LUBRICANTES;14033
AGITADOR DE PINTURA AZUL GOYA;81;PINTURAS Y DISOLVENTES;1492
AGUASTOP PLASTICO RIOPLAST;76;GRIFERIA;
AGUASTOP VULCANIZADO ECO;3414;PEGANTES;10013706
AGUASTOP VULCANIZADO RIOPLAST;77;GRIFERIA;10139
AGUJA CAPOTERA;1314;ABRASIVOS Y CONSUMIBLES;IMCN2
AGUJA DE COSER A MANO PAï¿½O;78;PARTES Y REPUESTOS;
AGUJA DE COSER A MANO UN;79;PARTES Y REPUESTOS;
AGUJA PARA INFLAR BALON;80;PARTES Y REPUESTOS;
ALAMBRE N 10 COLORES 1MT PROCABLES;3495;CONSTRUCCION;20%
ALAMBRE N 12 COLORES 1MT PROCABLES;86;ELECTRICOS;30%
ALAMBRE N 12 DE COBRE DESNUDO;3169;ELECTRICOS;
ALAMBRE N 14 COLORES 1MT PROCABLES;87;ELECTRICOS;8767
ALAMBRE N 14 DE COBRE DESNUDO 1MT;88;ELECTRICOS;
ALAMBRE GALVANIZADO C-14 CHIPA 5V;3399C;CONSTRUCCION;
ALAMBRE GALVANIZADO C-14 KILO;3499;CONSTRUCCION;
ALAMBRE GALVANIZADO C-18 CHIPA 8V;83C;CONSTRUCCION;687
ALAMBRE GALVANIZADO C-18 KILO;83;CONSTRUCCION;687
ALAMBRE NEGRO C-18 CHIPA 8V;85V;CONSTRUCCION;689
ALAMBRE NEGRO C-18 KILO;85;CONSTRUCCION;689
ALCOHOL ANTISEPTICO (ETANOL 70%) 375ML 1/2B;89;HOGAR Y COCINA;
ALCOHOL ANTISEPTICO (ETANOL 70%) 750ML 1B;90;HOGAR Y COCINA;
ALCOHOL INDUSTRIAL (METANOL 80%) 750ML 1B;92;PINTURAS Y DISOLVENTES;
ALDABA PEQUEï¿½A;3684;TORNILLERIA;
"ALICATE CORTA FRIO MANGO PVC 6"" PRETUL";93;HERRAMIENTA MANUAL;22636
"ALICATE ELECTRICISTA MANGO PVC 8"" PRETUL";94;HERRAMIENTA MANUAL;22609
"ALICATE MINIATURA CORTA FRIO 4"" PRETUL";95;HERRAMIENTA MANUAL;22663
"ALICATE MINIATURA PUNTA AGUJA 5""  PRETUL";101;HERRAMIENTA MANUAL;22665
"ALICATE MINIATURA PUNTA LARGA 5"" PRETUL";96;HERRAMIENTA MANUAL;22662
"ALICATE MINIATURA PUNTA REDONDA 5"" PRETUL";97;HERRAMIENTA MANUAL;22666
"ALICATE MINIATURA TIPO TENAZA 4"" PRETUL";104;HERRAMIENTA MANUAL;22664
"ALICATE PELACABLE 9"" PRETUL";99;HERRAMIENTA MANUAL;22710
ALICATE PUNTA 90ï¿½ PARA CERRAR ANILLOS TUPER;100;HERRAMIENTA MANUAL;17362
"ALICATE PUNTA LARGA 6"" MANGO PVC PRETUL";102;HERRAMIENTA MANUAL;22624
"ALICATE SACABOCADO 9"" TRUPER";103;HERRAMIENTA MANUAL;17340
AMARRE PLASTICO NEGRO 7,6 X 40cm FORTE DOC;107D;HERRAJES Y SOPORTES;16070
AMARRE PLASTICO NEGRO 7,6 X 40cm FORTE PAQ X 100;107P;HERRAJES Y SOPORTES;16070
AMARRE PARA TEJA CORTO DOC;147D;CONSTRUCCION;
AMARRE PARA TEJA CORTO PAQ X 100;147C;CONSTRUCCION;
AMARRE PARA TEJA CORTO UN;147;CONSTRUCCION;
AMARRE PARA TEJA LARGO DOC;150D;CONSTRUCCION;
AMARRE PARA TEJA LARGO PAQ X 100;150P;CONSTRUCCION;
AMARRE PARA TEJA LARGO UN;150;CONSTRUCCION;
AMARRE PICADO PAQUETE;3397P;HERRAJES Y SOPORTES;39882
AMARRE PICADO X UN;3397;HERRAJES Y SOPORTES;39882
AMARRE PLASTICO 120 CM VOLTECK UN;151;HERRAJES Y SOPORTES;48988
AMARRE PLASTICO 45 CM VOLTECK BOLSA X 10;152;HERRAJES Y SOPORTES;48985
AMARRE PLASTICO 45 CM VOLTECK UN;153;HERRAJES Y SOPORTES;48985
AMARRE PLASTICO 70 CM VOLTECK BOLSA X 10;154;HERRAJES Y SOPORTES;48986
AMARRE PLASTICO 70 CM VOLTECK UN;155;HERRAJES Y SOPORTES;48986
AMARRE PLASTICO 90 CM VOLTECK UN;156;HERRAJES Y SOPORTES;48986
AMARRE PLASTICO BLANCO 4.8 X 30 cm FORTE  UN;3366;HERRAJES Y SOPORTES;16057
AMARRE PLASTICO BLANCO 4.8 X 25cm FORTE UN;4584;HERRAJES Y SOPORTES;16057
AMARRE PLASTICO BLANCO 4.8 X 37cmFORTE UN;3368;HERRAJES Y SOPORTES;16058
AMARRE PLASTICO BLANCO 7.6 X 40cm FORTE U;108;HERRAJES Y SOPORTES;
AMARRE PLASTICO N 10 BLANCO 2.4 DOC;110D;HERRAJES Y SOPORTES;
AMARRE PLASTICO N 10 BLANCO 2.4 PAQ X 100;111C;HERRAJES Y SOPORTES;
AMARRE PLASTICO N 10 BLANCO 2.4 UN;111;HERRAJES Y SOPORTES;
AMARRE PLASTICO N 10 NEGRO 2.5 DOC;114D;HERRAJES Y SOPORTES;
AMARRE PLASTICO N 10 NEGRO 2.5 PAQ X 100;114P;HERRAJES Y SOPORTES;
AMARRE PLASTICO N 10 NEGRO 2.5 UN;114;HERRAJES Y SOPORTES;
AMARRE PLASTICO N 15 BLANCO 25 DOC;117D;HERRAJES Y SOPORTES;
AMARRE PLASTICO N 15 BLANCO 25 PAQ X 100;117P;HERRAJES Y SOPORTES;
AMARRE PLASTICO N 15 BLANCO 25 U;117;HERRAJES Y SOPORTES;
AMARRE PLASTICO N 15 NEGRO 2.5 DOC;120D;HERRAJES Y SOPORTES;
AMARRE PLASTICO N 15 NEGRO 2.5 PAQ X 100;120P;HERRAJES Y SOPORTES;
AMARRE PLASTICO N 20 BLANCO 3.6 DOC;123D;HERRAJES Y SOPORTES;
AMARRE PLASTICO N 20 BLANCO 3.6 PAQ X 100;123P;HERRAJES Y SOPORTES;
AMARRE PLASTICO N 20 BLANCO 3.6 U;123;HERRAJES Y SOPORTES;
AMARRE PLASTICO N 20 NEGRO 3.6 DOC;126D;HERRAJES Y SOPORTES;
AMARRE PLASTICO N 20 NEGRO 3.6 PAQ X 100;126P;HERRAJES Y SOPORTES;
AMARRE PLASTICO N 20 NEGRO 3.8 U;126;HERRAJES Y SOPORTES;
AMARRE PLASTICO N 25 BLANCO 3.6 DOC;129D;HERRAJES Y SOPORTES;
AMARRE PLASTICO N 25 BLANCO 3.6 PAQ X 100;129P;HERRAJES Y SOPORTES;
AMARRE PLASTICO N 25 NEGRO 3.6 DOC;132D;HERRAJES Y SOPORTES;
AMARRE PLASTICO N 25 NEGRO 3.6 PAQ X 100;132P;HERRAJES Y SOPORTES;
AMARRE PLASTICO N 25 NEGRO 3.6 U;132;HERRAJES Y SOPORTES;
AMARRE PLASTICO N 30 BLANCO 3.6 DOC;135D;HERRAJES Y SOPORTES;
AMARRE PLASTICO N 30 BLANCO 3.6 PAQ X 100;135P;HERRAJES Y SOPORTES;
AMARRE PLASTICO N 30 BLANCO 3.6 U;135;HERRAJES Y SOPORTES;
AMARRE PLASTICO N 30 NEGRO 3.6 DOC;138D;HERRAJES Y SOPORTES;
AMARRE PLASTICO N 30 NEGRO 3.6 PAQ X 100;138P;HERRAJES Y SOPORTES;
AMARRE PLASTICO N 30 NEGRO 3.6 U;138;HERRAJES Y SOPORTES;
AMARRE PLASTICO N 40 BLANCO 4.8 DOC;141D;HERRAJES Y SOPORTES;
AMARRE PLASTICO N 40 BLANCO 4.8 PAQ X 100;141P;HERRAJES Y SOPORTES;
AMARRE PLASTICO N 40 BLANCO 4.8 U;141;HERRAJES Y SOPORTES;
AMARRE PLASTICO N 40 NEGRO 4.8 DOC;144D;HERRAJES Y SOPORTES;
AMARRE PLASTICO N 40 NEGRO 4.8 PAQ X 100;144P;HERRAJES Y SOPORTES;
AMARRE PLASTICO N 40 NEGRO 4.8 U;144;HERRAJES Y SOPORTES;
AMARRE PLASTICO NEGRO 4.8 X 25cm FORTE UN;3373;HERRAJES Y SOPORTES;16067
AMARRE REUTILIZABLE 4.6 X20cm forte UN;3376;HERRAJES Y SOPORTES;16104
ANGEO PLASTICO 90 CM BLANCO O VERDE 1MT;157;CONSTRUCCION;938M
ANGEO PLASTICO 90 CM BLANCO O VERDE 30M;157R;CONSTRUCCION;938
ANGULO DE ALUMINIO 3/4 1M;159;PERFILES Y WINES;3237
ANGULO DE ALUMINIO 3/4 TIRA X 6MT;159T;PERFILES Y WINES;3237
ANGULO PARA TECHOS PVC 3MT;161;PERFILES Y WINES;FA3
ANTENA CON BASE PARA TV UDUKE;162;ELECTRICOS;
ANTENA CONEJO PARA TV TERMINAL COAXIAL;163;ELECTRICOS;
ANTENA TDT PARA TV 3MT;164;ELECTRICOS;9421
ANTENA TDT PARA TV 5MT;165;ELECTRICOS;9422
ANTICORROSIVO BLANCO 1 GALON SUPER;170;PINTURAS Y DISOLVENTES;125
ANTICORROSIVO BLANCO 1/2 G SUPER;166;PINTURAS Y DISOLVENTES;125
ANTICORROSIVO BLANCO 1/32 G SUPER;167;PINTURAS Y DISOLVENTES;125
ANTICORROSIVO BLANCO 1/4 G SUPER;168;PINTURAS Y DISOLVENTES;125
ANTICORROSIVO BLANCO 1/8 G SUPER;169;PINTURAS Y DISOLVENTES;125
ANTICORROSIVO GRIS 1 GALON SUPER;175;PINTURAS Y DISOLVENTES;117
ANTICORROSIVO GRIS 1/2 G SUPER;171;PINTURAS Y DISOLVENTES;117
ANTICORROSIVO GRIS 1/32 G SUPER;172;PINTURAS Y DISOLVENTES;117
ANTICORROSIVO GRIS 1/4 G SUPER;173;PINTURAS Y DISOLVENTES;117
ANTICORROSIVO GRIS 1/8 G SUPER;174;PINTURAS Y DISOLVENTES;117
ANTICORROSIVO NEGRO MATE 1 GALON SUPER;180;PINTURAS Y DISOLVENTES;128
ANTICORROSIVO NEGRO MATE 1/2 G SUPER;176;PINTURAS Y DISOLVENTES;128
ANTICORROSIVO NEGRO MATE 1/32 G SUPER;177;PINTURAS Y DISOLVENTES;128
ANTICORROSIVO NEGRO MATE 1/4 G SUPER;178;PINTURAS Y DISOLVENTES;128
ANTICORROSIVO NEGRO MATE 1/8 G SUPER;179;PINTURAS Y DISOLVENTES;128
ANTICORROSIVO ROJO 1 GALON SUPER;185;PINTURAS Y DISOLVENTES;120
ANTICORROSIVO ROJO 1/2 G SUPER;181;PINTURAS Y DISOLVENTES;120
ANTICORROSIVO ROJO 1/32 G SUPER;182;PINTURAS Y DISOLVENTES;120
ANTICORROSIVO ROJO 1/4 G SUPER;183;PINTURAS Y DISOLVENTES;120
ANTICORROSIVO ROJO 1/8 G SUPER;184;PINTURAS Y DISOLVENTES;120
ANTICORROSIVO VERDE 1 GALON SUPER;190;PINTURAS Y DISOLVENTES;125
ANTICORROSIVO VERDE 1/2 G SUPER;186;PINTURAS Y DISOLVENTES;125
ANTICORROSIVO VERDE 1/32 G SUPER;187;PINTURAS Y DISOLVENTES;125
ANTICORROSIVO VERDE 1/4 G SUPER;188;PINTURAS Y DISOLVENTES;125
ANTICORROSIVO VERDE 1/8 G SUPER;189;PINTURAS Y DISOLVENTES;125
"ARANDELA 1/8"" UN";192;TORNILLERIA;
"ARANDELA 5/16"" UN";195;TORNILLERIA;
"ARANDELA 5/32"" UN";196;TORNILLERIA;
"ARANDELA A 1"" UN";198;TORNILLERIA;
"ARANDELA A 3/4"" UN";199;TORNILLERIA;
"ARANDELA A 5/8"" UN";200;TORNILLERIA;
"ARANDELA A 7/8"" UN";201;TORNILLERIA;
"ARANDELA A 9/16"" UN";202;TORNILLERIA;
ARBOL VALVULA DE ENTRADA AZUL Y BLANCO BOCHERINI;203;GRIFERIA;A111
ARBOL VALVULA DE ENTRADA 5/16 PLAST GRIFOS;204;GRIFERIA;2461
ARENA DE PEï¿½A 1 LONA;207;CONSTRUCCION;50%
ARENA DE PEï¿½A 1 MT 24 LONAS;206;CONSTRUCCION;0.3
ARENA DE PEï¿½A 1 PALADA;208;CONSTRUCCION;
ARENA DE PEï¿½A 1/2 MT 12 LONAS;205;CONSTRUCCION;30%
ARENA DE POZO 1 LONA;3562;CONSTRUCCION;
ARENA DE POZO 1 MT;3564;CONSTRUCCION;
ARENA DE POZO 1/2 MT 12 LONAS;3563;CONSTRUCCION;
ARENA DE RIO 1 LONA;209;CONSTRUCCION;
ASIENTO SANITARIO BASIC BLANCO/BEIGE CORONA;210;GRIFERIA;32806
ATATODO COLORES OVILLO PEQUEï¿½O;211;SOGAS Y CADENAS;
ATOMIZADOR 1 LITRO KLINTEK;3206;ASEO;55938
ATOMIZADOR 1/2 LITRO RECICLADO;3205;ASEO;55937
AZADON 2LBS H-304 FORTE;3510;HERRAMIENTA MANUAL;2056
BANDEJA TERMOFORMADA PEQUEï¿½A GOYA;3663;PINTURAS Y DISOLVENTES;
BARBUQUEJO 3 APOYOS;2419;DOTACION INDUSTRIAL;12512
BARBUQUEJO 4 APOYOS;213;DOTACION INDUSTRIAL;19223
BARNIZ BRILLANTE MADETEC 1 GALON PINTUCO;218;PINTURAS Y DISOLVENTES;10014465
BARNIZ BRILLANTE MADETEC 1/2 G PINTUCO;214;PINTURAS Y DISOLVENTES;10014465
BARNIZ BRILLANTE MADETEC 1/32 G PINTUCO;215;PINTURAS Y DISOLVENTES;10014465
BARNIZ BRILLANTE MADETEC 1/4 G PINTUCO;216;PINTURAS Y DISOLVENTES;10014465
BARNIZ BRILLANTE MADETEC 1/8 G PINTUCO;217;PINTURAS Y DISOLVENTES;10014465
BARNIZ EXPERTO TRANSPARENTE 1 GALON SUPER;223;PINTURAS Y DISOLVENTES;320
BARNIZ EXPERTO TRANSPARENTE 1/2 G SUPER;219;PINTURAS Y DISOLVENTES;320
BARNIZ EXPERTO TRANSPARENTE 1/32 G SUPER;220;PINTURAS Y DISOLVENTES;320
BARNIZ EXPERTO TRANSPARENTE 1/4 G SUPER;221;PINTURAS Y DISOLVENTES;320
BARNIZ EXPERTO TRANSPARENTE 1/8 G SUPER;222;PINTURAS Y DISOLVENTES;320
BARRA AGRICOLA 1-1/8 1200mm x 102mm TRUPER;3549;HERRAMIENTA MANUAL;19985
BARREDOR DE PUERTA 92 CM;3453;HOGAR Y COCINA;14078
BARRILITO PARA MANGUERA DE GAS BRONCE;224;PARTES Y REPUESTOS;
BASE PARA LICUADORA CON CUCHILLAS SAMURAI;225;HOGAR Y COCINA;
BASE PARA LICUADORA OSTER;226;HOGAR Y COCINA;
BASE PARA LICUADORA SAMURAI;227;HOGAR Y COCINA;
BENJAMIN BEIGE MERCURY;229;ELECTRICOS;
BENJAMIN NEGRO MERCURY;230;ELECTRICOS;
BETUN BOWY NEGRO 32 GR;231;LUBRICANTES;
BETUN BOWY NEGRO 325 GR;3210;LUBRICANTES;
BETUN BOWY NEGRO 55 GR;232;LUBRICANTES;40%
BETUN BOWY PROFESIONAL NEGRO 230GR;233;LUBRICANTES;40%
BETUN BOWY PROFESIONAL NEGRO KILO;3440;PINTURAS Y DISOLVENTES;30%
BICARBONATO BOLSITA;3380;ASEO;112
"BISAGRA COMUN LATON 1"" INDUMA UNIDAD";234;HERRAJES Y SOPORTES;
BISAGRA COMUN LATON 11/2  INDUMA UNIDAD;235;HERRAJES Y SOPORTES;539
"BISAGRA COMUN LATON 2"" INDUMA UNIDAD";236;HERRAJES Y SOPORTES;
"BISAGRA COMUN LATON 21/2""  INDUMA UNIDAD";237;HERRAJES Y SOPORTES;541
"BISAGRA COMUN LATON 21/2"" X 21/2"" INDUMA UNIDAD";238;HERRAJES Y SOPORTES;524
"BISAGRA COMUN LATON 3/4"" INDUMA UNIDAD";240;HERRAJES Y SOPORTES;
"BISAGRA COMUN LATON 31/2"" INDUMA UNIDAD";241;HERRAJES Y SOPORTES;544
"BISAGRA COMUN LATON 4""  INDUMA UNIDAD";242;HERRAJES Y SOPORTES;
"BISAGRA NUDO 3X3"" INDUMA UNIDAD";243;HERRAJES Y SOPORTES;527
"BISAGRA OMEGA 2"" GATO UNIDAD";245;HERRAJES Y SOPORTES;
"BISAGRA OMEGA 21/2"" GATO UNIDAD";246;HERRAJES Y SOPORTES;
"BISAGRA OMEGA 3"" GATO UNIDAD";247;HERRAJES Y SOPORTES;
BISAGRA PARCHE PAR;248;HERRAJES Y SOPORTES;967
BISAGRA PLANA VENTANA UNIDAD;249;HERRAJES Y SOPORTES;
"BISAGRA REDONDA 1/2"" UNIDAD";250;HERRAJES Y SOPORTES;
"BISAGRA REDONDA 3/4"" CORTA UNIDAD";251;HERRAJES Y SOPORTES;
"BISAGRA REDONDA 3/4"" LARGA UNIDAD";3287;HERRAJES Y SOPORTES;
"BISAGRA REDONDA 3/8"" UNIDAD";252;HERRAJES Y SOPORTES;
"BISAGRA REDONDA 5/8"" CORTA UNIDAD";253;HERRAJES Y SOPORTES;
"BISAGRA REDONDA 5/8"" LARGA UNIDAD";254;HERRAJES Y SOPORTES;
BISAGRA REDONDA ALA N3 MEDIANA UNIDAD;3289;HERRAJES Y SOPORTES;
BISAGRA SEMI PARCHE PAR;255;HERRAJES Y SOPORTES;
"BISTURI 5"" BLISTER PRETUL";256;HERRAMIENTA MANUAL;22403
"BISTURI 6"" CON GRIP TRUPER";258;HERRAMIENTA MANUAL;16977
BISTURI METALICO GRANDE;1318;HERRAMIENTA MANUAL;
BISTURI PLASTICO ECO GRANDE;261;HERRAMIENTA MANUAL;
"BISTURI TIPO LAPIZ PROFESIONAL 6""";3323;HERRAMIENTA MANUAL;16969
BLOQUE N 5 BLANCO 12X30CM;3688;CONSTRUCCION;TODO TIPO DE OBRA CIVILO MAMPOSTERIA
BOCALLAVE GATO GUERRERO;3348;CERRAJERIA Y SEGURIDAD;UNUL12
BOLSA DE ESTOPA FINA 200GM ROJA;264;PINTURAS Y DISOLVENTES;
BOLSA DE ESTOPA FINA 100G NEGRA;265;PINTURAS Y DISOLVENTES;
BOLSA NEGRA N 22 PAQUETE;3460;HOGAR Y COCINA;
BOLSA NEGRA N 22 UNIDAD;3614;HOGAR Y COCINA;
BOLSA NEGRA N 28 UNIDAD;875;HOGAR Y COCINA;
BOLSA NEGRA N 32 UNIDAD;2421;HOGAR Y COCINA;
BOMBA MANUAL PARA INFLAR 80 PSI PRETUL;3459;HERRAMIENTA MANUAL;21690
BOMBILLO 100W RISE;266;ELECTRICOS;
BOMBILLO 150W SYLVANIA;267;ELECTRICOS;994
BOMBILLO CANDELABRO;3176;ELECTRICOS;
BOMBILLO VELA E27;3172;ELECTRICOS;
BOMBILLO CANDELABRO TRANSPARENTE;3173;ELECTRICOS;
BOMBILLO VEHICULO 1 CONTACTO;268;ELECTRICOS;19
BOMBILLO VEHICULO 2 CONTACTO;269;ELECTRICOS;20
BOMBILLO GU10 5W MERCURY;270;ELECTRICOS;45818
BOMBILLO LED 10.7 W KALLEY;271;ELECTRICOS;16234
BOMBILLO LED 4W ILUMAX;272;ELECTRICOS;18121
BOMBILLO LED 5W E27 LUZ BLANCA MERCURY;273;ELECTRICOS;50763
BOMBILLO LED 8.5 W KALLEY;274;ELECTRICOS;16227
BOMBILLO LED 50W ZAFIRO;275;ELECTRICOS;
BOMBILLO LED 30W ZAFIRO;276;ELECTRICOS;
BOMBILLO 9W LED CON SENSOR MERCURY;3201;ELECTRICOS;1008
BOMBILLO LED PERFUME NEVERA 3W MERCURY;3349;ELECTRICOS;UNUL34
BOMBILLO LED PROYECTOS;277;ELECTRICOS;742
BOMBILLO LINTERNA;278;ELECTRICOS;300
BOMBILLO MULTIUSO 25 W 40;279;ELECTRICOS;21
BOMBILLO PIMPON COLORES;3174;DOTACION INDUSTRIAL;
BOMBILLO VELA E14;280;ELECTRICOS;50058
BOQUILLA BEIGE 2K MAXI;283;CONSTRUCCION;
BOQUILLA BLANCA CONCOLOR 2K CORONA;285;CONSTRUCCION;93419 40%
BOQUILLA NEGRA 2K MAXI;287;CONSTRUCCION;
BOQUILLA PARA MANGUERA PLASTICA PRETUL;286;GRIFERIA;21140
BOQUILLA PISTOLA CHORRO;288;PARTES Y REPUESTOS;
BOQUILLA PISTOLA PUNTO;289;PARTES Y REPUESTOS;
BOQUILLA CAOBA 2K MAXI;290;CONSTRUCCION;
BOQUILLERA 3x1 ALUMINIO 1M;291;PERFILES Y WINES;2001750%
BOQUILLERA 3x1 ALUMINIO TIRA 6MT;291T;PERFILES Y WINES;2001740%
BORNERA PARA BREAKERS TACOS 2;1739;CONSTRUCCION;43259
BORNERA PARA BREAKERS TACOS 3;1740;LUBRICANTES;43260
BORNES DE PLOMO PARA BATERIA 2 PIEZAS TRUPER;3551;HERRAMIENTA ELECTRICA;23041
BORNES PARA BATERIA PAR 12V 6E UYUSTOOLS;3496;ELECTRICOS;
BOTON MADERA NATUTAL MIEL CAOBA Y NEGRO LISO;293;HERRAJES Y SOPORTES;
BOTON METALICO BICELADO GRANDE;294;HERRAJES Y SOPORTES;
BREAKER TACO DE RIEL 1 X 40 EXTERIOR;3442;ELECTRICOS;10013731
BREAKER TACO PLUG 40 A EXE;3512;ELECTRICOS;44631
"BRIDA FLEXIBLE 3"" CORTA SANITARIO";295;GRIFERIA;334
BRILLA METAL GRANDE FOXTER;296;LUBRICANTES;
BRILLA METAL PEQUEï¿½O FOXTER;297;LUBRICANTES;
BROCA ACERO HSS 1/16 INCOLMA;298;ABRASIVOS Y CONSUMIBLES;750026
BROCA ACERO HSS 1/2 INCOLMA;299;ABRASIVOS Y CONSUMIBLES;750505
BROCA ACERO HSS 1/4 INCOLMA;300;ABRASIVOS Y CONSUMIBLES;750265
BROCA ACERO HSS 1/8 INCOLMA;301;ABRASIVOS Y CONSUMIBLES;750109
BROCA ACERO HSS 11/32 INCOLMA;302;ABRASIVOS Y CONSUMIBLES;750380
BROCA ACERO HSS 11/64 INCOLMA;303;ABRASIVOS Y CONSUMIBLES;750166
BROCA ACERO HSS 13/32 INCOLMA;304;ABRASIVOS Y CONSUMIBLES;750448
BROCA ACERO HSS 13/64 INCOLMA;305;ABRASIVOS Y CONSUMIBLES;750208
BROCA ACERO HSS 15/64 INCOLMA;306;ABRASIVOS Y CONSUMIBLES;750240
BROCA ACERO HSS 19/64 INCOLMA;308;ABRASIVOS Y CONSUMIBLES;750323
BROCA ACERO HSS 21/64 INCOLMA;309;ABRASIVOS Y CONSUMIBLES;750364
BROCA ACERO HSS 3/16 INCOLMA;310;ABRASIVOS Y CONSUMIBLES;750182
BROCA ACERO HSS 3/32 INCOLMA;311;ABRASIVOS Y CONSUMIBLES;750067
BROCA ACERO HSS 3/8 INCOLMA;312;ABRASIVOS Y CONSUMIBLES;750422
BROCA ACERO HSS 5/16 INCOLMA;313;ABRASIVOS Y CONSUMIBLES;750349
BROCA ACERO HSS 5/32 INCOLMA;314;ABRASIVOS Y CONSUMIBLES;750141
BROCA ACERO HSS 5/64 INCOLMA;315;ABRASIVOS Y CONSUMIBLES;750042
BROCA ACERO HSS 7/16 INCOLMA;316;ABRASIVOS Y CONSUMIBLES;750463
BROCA ACERO HSS 7/32 INCOLMA;317;ABRASIVOS Y CONSUMIBLES;750224
BROCA ACERO HSS 7/64 INCOLMA;318;ABRASIVOS Y CONSUMIBLES;750083
BROCA ACERO HSS 9/32 INCOLMA;319;ABRASIVOS Y CONSUMIBLES;750307
"BROCA CONCRETO 1/2 X 12"" TRUPER";3272;ABRASIVOS Y CONSUMIBLES;11233
"BROCA CONCRETO 1/4 X 12"" TRUPER";3270;ABRASIVOS Y CONSUMIBLES;11209
"BROCA CONCRETO 1/4 X 4"" TRUPER";350;ABRASIVOS Y CONSUMIBLES;11203
"BROCA CONCRETO 3/16 X 4"" TRUPER";351;ABRASIVOS Y CONSUMIBLES;11200
"BROCA CONCRETO 3/8 x 5"" TRUPER";352;ABRASIVOS Y CONSUMIBLES;11221
"BROCA CONCRETO 5/16 X 12"" TRUPER";3271;ABRASIVOS Y CONSUMIBLES;11218
"BROCA CONCRETO 5/16 X 4"" TRUPER";353;ABRASIVOS Y CONSUMIBLES;11212
"BROCA CONCRETO SDS RANURADA 1/2 X 6"" TRUPER";3276;ABRASIVOS Y CONSUMIBLES;11279
"BROCA CONCRETO SDS RANURADA 1/4 X 6"" TRUPER";3273;ABRASIVOS Y CONSUMIBLES;11264
"BROCA CONCRETO SDS RANURADA 3/8 X 6"" TRUPER";3275;ABRASIVOS Y CONSUMIBLES;11272
"BROCA CONCRETO SDS RANURADA 3/8"" X 12"" TRUPER";3332;TUBERIAS Y ACCESORIOS;11275
"BROCA CONCRETO SDS RANURADA 5/16 X 6"" TRUPER";3274;ABRASIVOS Y CONSUMIBLES;11269
"BROCA ESPADA PARA MADERA 1"" TRUPER";321;ABRASIVOS Y CONSUMIBLES;11384
"BROCA ESPADA PARA MADERA 1/2"" TRUPER";322;ABRASIVOS Y CONSUMIBLES;11372
"BROCA ESPADA PARA MADERA 3/4"" TRUPER";323;ABRASIVOS Y CONSUMIBLES;11378
"BROCA ESPADA PARA MADERA 3/8"" TRUPER";324;ABRASIVOS Y CONSUMIBLES;11366
BROCA HSS 1/16 MP TOOLS;325;ABRASIVOS Y CONSUMIBLES;2674
BROCA HSS 1/2 MP TOOLS;326;ABRASIVOS Y CONSUMIBLES;1023
BROCA HSS 1/8 MP TOOLS;328;ABRASIVOS Y CONSUMIBLES;1079
BROCA HSS 11/64 MP TOOLS;329;ABRASIVOS Y CONSUMIBLES;1029
BROCA HSS 3/32 MP TOOLS;331;ABRASIVOS Y CONSUMIBLES;3411
BROCA HSS 3/8 MP TOOLS;332;ABRASIVOS Y CONSUMIBLES;33239
BROCA HSS 5/16 MP TOOLS;333;ABRASIVOS Y CONSUMIBLES;
BROCA HSS 5/32 MP TOOLS;334;ABRASIVOS Y CONSUMIBLES;4089
BROCA HSS 5/64 MP TOOLS;335;ABRASIVOS Y CONSUMIBLES;1043
BROCA HSS 7/16 MP TOOLS;336;ABRASIVOS Y CONSUMIBLES;3458
BROCA HSS 7/64 MP TOOLS;337;ABRASIVOS Y CONSUMIBLES;613
BROCA HSS 9/64 MP TOOLS;338;ABRASIVOS Y CONSUMIBLES;2843
"BROCA HSS ACERO RAPIDO 1/4"" TRUPER";339;ABRASIVOS Y CONSUMIBLES;11134
"BROCA HSS ACERO RAPIDO 1/8"" TRUPER";340;ABRASIVOS Y CONSUMIBLES;11118
"BROCA HSS ACERO RAPIDO 13/64"" TUPER";341;ABRASIVOS Y CONSUMIBLES;11128
"BROCA HSS ACERO RAPIDO 5/8"" TRUPER";343;ABRASIVOS Y CONSUMIBLES;11170
"BROCA HSS ACERO RAPIDO 9/16"" TRUPER";344;ABRASIVOS Y CONSUMIBLES;11168
"BROCA MURO 1/2"" DIAGER";345;ABRASIVOS Y CONSUMIBLES;
"BROCA MURO 1/2"" MAKITA";3297;ABRASIVOS Y CONSUMIBLES;THRO716U
"BROCA MURO 1/4"" DIAGER";346;ABRASIVOS Y CONSUMIBLES;
"BROCA MURO 3/16"" DIAGER";347;ABRASIVOS Y CONSUMIBLES;
"BROCA MURO 3/8"" DIAGER";348;ABRASIVOS Y CONSUMIBLES;
"BROCA MURO 5/16"" DIAGER";349;ABRASIVOS Y CONSUMIBLES;
"BROCA PARA ROUTER TOOLCRAFT D 7/8"" X L 3/4""";3340;ABRASIVOS Y CONSUMIBLES;
"BROCHA CERDA SINTETICA 1"" PINTE";3515;PINTURAS Y DISOLVENTES;112375
"BROCHA CERDA SINTETICA 1/2"" PINTE";3514;PINTURAS Y DISOLVENTES;112367
"BROCHA CERDA SINTETICA 11/2"" PINTE";3516;PINTURAS Y DISOLVENTES;112383
"BROCHA CERDA SINTETICA 2"" PINTE";3517;PINTURAS Y DISOLVENTES;112391
"BROCHA CERDA SINTETICA 21/2"" PINTE";3518;PINTURAS Y DISOLVENTES;112409
"BROCHA CERDA SINTETICA 3"" PINTE";3519;PINTURAS Y DISOLVENTES;112417
"BROCHA MANGO MADERA 2"" PRETUL";355;PINTURAS Y DISOLVENTES;24473
"BROCHA MANGO MADERA 3"" PRETUL";356;PINTURAS Y DISOLVENTES;24475
"BROCHA MANGO MADERA 4"" PRETUL";357;PINTURAS Y DISOLVENTES;24476
"BROCHA MANGO PLASTICO 1"" TRUPER";358;PINTURAS Y DISOLVENTES;14481
"BROCHA MANGO PLASTICO 1/2"" TRUPER";359;PINTURAS Y DISOLVENTES;14480
"BROCHA MANGO PLASTICO 11/2"" TRUPER";360;PINTURAS Y DISOLVENTES;14482
"BROCHA MANGO PLASTICO 2"" TRUPER";361;PINTURAS Y DISOLVENTES;14483
"BROCHA MANGO PLASTICO 21/2"" TRUPER";362;PINTURAS Y DISOLVENTES;14484
"BROCHA MANGO PLASTICO 3"" TRUPER";354;PINTURAS Y DISOLVENTES;14485
"BROCHA POPULAR BLANCA 1"" GOYA";364;PINTURAS Y DISOLVENTES;1306
"BROCHA POPULAR BLANCA 1/2"" GOYA";365;PINTURAS Y DISOLVENTES;1305
"BROCHA POPULAR BLANCA 2 1/2"" GOYA";366;PINTURAS Y DISOLVENTES;1309
"BROCHA POPULAR BLANCA 4"" GOYA";369;PINTURAS Y DISOLVENTES;1311
"BROCHA POPULAR BLANCA 5"" GOYA";370;PINTURAS Y DISOLVENTES;1312
"BROCHA POPULAR BLANCA 6"" GOYA";371;PINTURAS Y DISOLVENTES;1313
"BROCHA PROFESIONAL PLASTICO 5"" PINTUCO";372;PINTURAS Y DISOLVENTES;10338412
BUSHING GALVANIZADO 1/2 X 3/8;396;TUBERIAS Y ACCESORIOS;20231
BUSHING BRONCE 1/2 X 3/8;374;PARTES Y REPUESTOS;
BUSHING BRONCE 3/8 X 1/4;375;PARTES Y REPUESTOS;
BUSHING GALVANIZADO 3/4 X 1/2;373;TUBERIAS Y ACCESORIOS;20331
"BUJE ADAP CAUCHO 11/2"" A SIFON LAVAMANOS";376;TUBERIAS Y ACCESORIOS;
"BUJE ADAP CAUCHO 11/2"" A SIFON LAVAPLATOS";377;TUBERIAS Y ACCESORIOS;
"BUJE ADAP CAUCHO 11/4"" A SIFON LAVAMANOS";378;TUBERIAS Y ACCESORIOS;
"BUJE ADAP CAUCHO 11/4"" A SIFON LAVAPLATOS";379;TUBERIAS Y ACCESORIOS;
"BUJE ADAP CAUCHO 2"" A SIFON LAVAMANOS";380;TUBERIAS Y ACCESORIOS;
"BUJE ADAP CAUCHO 2"" A SIFON LAVAPLATOS";381;TUBERIAS Y ACCESORIOS;
"BUJE SANITARIO 2X11/2""";382;TUBERIAS Y ACCESORIOS;1102
"BUJE SANITARIO 3X11/2""";383;TUBERIAS Y ACCESORIOS;1103
"BUJE SANITARIO 3X2""";384;TUBERIAS Y ACCESORIOS;1104
"BUJE SANITARIO 4X2""";385;TUBERIAS Y ACCESORIOS;1105
"BUJE SANITARIO 4X3""";386;TUBERIAS Y ACCESORIOS;1106
"BUJE PVC SOLDADO 11/2X 11/4""";387;TUBERIAS Y ACCESORIOS;2406
"BUJE PVC SOLDADO  11/2X 3/4""";388;TUBERIAS Y ACCESORIOS;2384
"BUJE PVC SOLDADO 11/4X3/4""";389;TUBERIAS Y ACCESORIOS;2368
"BUJE PVC SOLDADO  1X1/2""";390;TUBERIAS Y ACCESORIOS;2325
"BUJE PVC SOLDADO  1X3/4""";391;TUBERIAS Y ACCESORIOS;2341
"BUJE PVC SOLDADO  2X1""";392;TUBERIAS Y ACCESORIOS;2414
"BUJE PVC SOLDADO  2X11/2""";393;TUBERIAS Y ACCESORIOS;2430
"BUJE PVC SOLDADO  2X11/4""";394;TUBERIAS Y ACCESORIOS;2422
"BUJE PVC SOLDADO  3/4X1/2""";395;TUBERIAS Y ACCESORIOS;2309
CABEZA TELEDUCHA CROMADA BOCHERINI;397;GRIFERIA;HE16
CABLE 1X1 1.5mt;398;ELECTRICOS;
CABLE 2X1  1.5mt;399;ELECTRICOS;
CABLE 2X2 1.5mt;400;ELECTRICOS;
CABLE 2X2 fino USA 1.5mt;401;ELECTRICOS;
CABLE 3X1 1.5mt;402;ELECTRICOS;
CABLE 3X3  1.5mt;403;ELECTRICOS;
CABLE 3X3  3mt;404;ELECTRICOS;
CABLE ANTENA COAXIAL BLANCO;405;ELECTRICOS;
CABLE ANTENA COAXIAL NEGRO;406;ELECTRICOS;
CABLE DE PODER TREBOL;407;ELECTRICOS;
CABLE DE PODER FINO;408;ELECTRICOS;447
CABLE DUPLEX  2X10 CABLEXCOL 1MT;409;ELECTRICOS;
CABLE DUPLEX 2X12 CABLEXCOL 1MT;410;ELECTRICOS;
CABLE DUPLEX 2X14 CABLEXCOL 1MT;411;ELECTRICOS;
CABLE DUPLEX 2X16 CABLEXCOL 1MT;412;ELECTRICOS;
CABLE DUPLEX 2X8 CABLEXCOL 1MT;413;ELECTRICOS;
CABLE ENCAUCHETADO 2X12;3350;ELECTRICOS;653
CABLE ENCAUCHETADO 2X14;414;ELECTRICOS;654
CABLE ENCAUCHETADO 3X12;3351;ELECTRICOS;658
CABLE GRABADORA ECO;415;ELECTRICOS;
CABLE GRABADORA FINO;416;ELECTRICOS;
CABLE HDMI 1.5MT;417;ELECTRICOS;
CABLE HDMI 3MT;418;ELECTRICOS;3581
CABLE HDMI 5MT;419;ELECTRICOS;3490
CABLE N6 VERDE 8 HILOS;420;ELECTRICOS;
CABLE POLARIZADO 2X18 CONCABLES 1MT;421;ELECTRICOS;
CABLE POLARIZADO 2X22 CONCABLES 1MT;422;ELECTRICOS;
CABLE TELEFONICO 2 PARES 1MT;3280;ELECTRICOS;
CABLE TIMBRE 1MT;423;ELECTRICOS;
CABLE UTP RED CATEGORIA 5E;3265;ELECTRICOS;
CABLE VEHICULO NEGRO N 14;424;ELECTRICOS;
CABLES PARA INICIAR 3 MT 8 AWG TRUPER;426;ELECTRICOS;17543  Cable de aluminio revestido de cobre.Mayor flexibilidad para fï¿½cil manejo, no se enredan.Pinzas con pintura electrostï¿½tica y mordazas de acero recubiertas de cobre.Funda para fï¿½cil transporte y almacenamiento.
CABLES PARA INICIAR 3.5 MT 6 AWG TRUPER;427;ELECTRICOS;17544  Cable extra largo de aluminio revestido de cobre.Mayor flexibilidad para fï¿½cil manejo, no se enredan.Pinzas con pintura electrostï¿½tica y mordazas de acero recubiertas de cobre.Funda para fï¿½cil transporte y almacenamiento.
CABLES PARA INICIAR PRETUL;425;ELECTRICOS;22807Cable de aluminio revestido de cobre.Mayor flexibilidad para fï¿½cil manejo, no se enredan.Pinzas con revestimiento de PVC y mordazas de acero recubiertas de cobre.Funda para fï¿½cil transporte y almacenamiento.
CABO PALA;428;HERRAMIENTA MANUAL;1107
CABO PIKA;429;HERRAMIENTA MANUAL;1109
CABUYA FIQUE DELGADA N1 180G FORTE;3308;SOGAS Y CADENAS;6002
CABUYA FIQUE GRUESA N3 180G FORTE;430;SOGAS Y CADENAS;6004
CABUYA MULTIUSOS COLORES N12 150 MT CIPLAS;431;SOGAS Y CADENAS;10234227
CABUYA FIQUE NATURAL 10MM X 1MT FORTE;1582;SOGAS Y CADENAS;44507
CADENA MARQUETERIA ZINCADA;3290;HERRAJES Y SOPORTES;
CADENA PLASTICO 8MM AMARILLA 1MT TRUPER;432;SOGAS Y CADENAS;44182
"CADENA SOLDADA GALVANIZADA 1/8""";433;SOGAS Y CADENAS;488718
"CADENA SOLDADA GALVANIZADA 5/16""";434;SOGAS Y CADENAS;488759
"CADENA SOLDADA GALVANIZADA 5/32""";435;SOGAS Y CADENAS;488726
"CADENA SOLDADA PULIDA 1/4""";436;SOGAS Y CADENAS;488544
CAIMAN CON CABLE COLORES UN;437;ELECTRICOS;
CAIMAN ROJO NEGRO MINI PAR;438;ELECTRICOS;
CAIMAN ROJO NEGRO PEQUEï¿½O PAR;439;ELECTRICOS;
CAJA 10 X 10 GALVANIZADA CAL 20 ELECTRICA;440;ELECTRICOS;10359064
CAJA 10 X 10 PLASTICA ELECTRICA;441;ELECTRICOS;
CAJA 4 X 4 GALVANIZADA CAL 20 ELECTRICA;442;ELECTRICOS;10359068
CAJA 4 X 4 GALVANIZADA LIVIANA ELECTRICA;443;ELECTRICOS;10359069
CAJA 4 X 4 PLASTICA 2400 ELECTRICA;444;ELECTRICOS;10359069
CAJA 5800 GALVANIZADA LIVIANA ELECTRICA;445;ELECTRICOS;2727
CAJA 5800 GALVANIZADA PESADA ELECTRICA;1317;ABRASIVOS Y CONSUMIBLES;IMCN5
CAJA 5800 PVC ELECTRICA;446;ELECTRICOS;316
CAJA OCTAGONAL PLASTICA ELECTRICA;447;ELECTRICOS;
CAJA OCTAGONAL GALVANIZADA PESADA CAL 20  ELECTRICA;448;ELECTRICOS;10359073
CAJA OCTAGONAL GALVANIZADA LIVIANA  ELECTRICA;449;ELECTRICOS;
CAJA PARA HERRAMIENTA ROSA PRETUL;450;HERRAMIENTA MANUAL;26712
CAJA TELEFONICA X 1;451;ELECTRICOS;
CAJA TELEFONICA X 2;452;ELECTRICOS;
CAJA PARA TOMA DOBLE SOBREPONER PLASTICA ELECTRICA;453;ELECTRICOS;10360178
CAJA PARA CAMARA SOBREPONER 10 X 5 X 10 ELECTRICA;454;ELECTRICOS;10360179
CAL HIDRATADA 10K;455;CONSTRUCCION;FC10
CAL HIDRATADA 1K;456;CONSTRUCCION;FC1
CALIBRADOR CABEZA DOBLE 200 LBS TRUPER;3009;HERRAMIENTA MANUAL;18244
"CANALETA CON ADHESIVO 1""";457;PERFILES Y WINES;
"CANALETA CON ADHESIVO 1/2""";458;PERFILES Y WINES;
"CANALETA CON ADHESIVO 11/2""";459;PERFILES Y WINES;
"CANALETA CON ADHESIVO 11/4""";460;PERFILES Y WINES;
"CANALETA CON ADHESIVO 3/4""";461;PERFILES Y WINES;
"CANASTILLA LAVAPLATOS 4"" GRIVAL";462;GRIFERIA;56864
"CANASTILLA LAVAPLATOS CROMADA 4"" PLAST GRIFOS";463;GRIFERIA;2819
"CANCAMO ABIERTO 1 1/4""";464;TORNILLERIA;
"CANCAMO ABIERTO 1"" RANGER";465;TORNILLERIA;
"CANCAMO ABIERTO 3/4"" RANGER";467;TORNILLERIA;
"CANCAMO ABIERTO 5/8"" RANGER";468;TORNILLERIA;
"CANCAMO ABIERTO 7/8"" RANGER";469;TORNILLERIA;
CANCAMO CERRADO N 1 RANGER;470;TORNILLERIA;
CANCAMO CERRADO N 10 RANGER;471;TORNILLERIA;
CANCAMO CERRADO N 12 RANGER;472;TORNILLERIA;
CANCAMO ABIERTO;473;TORNILLERIA;
CANCAMO CERRADO N 2 RANGER;474;TORNILLERIA;
CANCAMO CERRADO N 4 RANGER;475;TORNILLERIA;
CANCAMO CERRADO N 6 RANGER;476;TORNILLERIA;
CANCAMO CERRADO N 8 RANGER;477;TORNILLERIA;
CANCAMO CROMADO ABIERTO N10;478;TORNILLERIA;44380
CANCAMO CROMADO CERRADO N10;479;TORNILLERIA;44373
CANCAMO CROMADO CERRADO N5;480;TORNILLERIA;44370
CANCAMO CROMADO CERRADO N6;481;TORNILLERIA;44371
"CANCAMO EN ELE 11/2""";484;ELECTRICOS;
"CANCAMO EN ELE  1""";482;ELECTRICOS;
"CANCAMO EN ELE  1/2""";483;ELECTRICOS;
"CANCAMO EN ELE  11/4""";485;ELECTRICOS;
"CANCAMO EN ELE  7/8""";486;ELECTRICOS;
CANDADO 25MM LATON GATO;491;CERRAJERIA Y SEGURIDAD;1086
CANDADO 30MM LATON GATO;492;CERRAJERIA Y SEGURIDAD;33039
CANDADO 38MM LATON GATO;493;CERRAJERIA Y SEGURIDAD;10861
CANDADO 40MM LATON GATO;494;CERRAJERIA Y SEGURIDAD;
CANDADO 50MM LATON GATO;495;CERRAJERIA Y SEGURIDAD;525
CANDADO 60MM LATON GATO;496;CERRAJERIA Y SEGURIDAD;332
CANDADO ALEMAN 40 MM YALE 840;497;CERRAJERIA Y SEGURIDAD;10234354
CANDADO ALEMAN 50 MM YALE 850;498;CERRAJERIA Y SEGURIDAD;10234355 30%
CANDADO ALEMAN 70 MM YALE 870;499;CERRAJERIA Y SEGURIDAD;10234357
CANDADO ALEMAN INTEMPERIE 50 MM 850 YALE;3408;CERRAJERIA Y SEGURIDAD;10234356
CANDADO ANTICIZALLA LATON 50MM STANLEY;500;CERRAJERIA Y SEGURIDAD;43352
CANDADO BICICLETA CON CLAVE HERMEX;501;CERRAJERIA Y SEGURIDAD;43924
CANDADO BICICLETA CON LLAVE;3522;CERRAJERIA Y SEGURIDAD;
CANDADO CROMO 20 MM WORKEY;502;CERRAJERIA Y SEGURIDAD;1603
CANDADO CROMO 25 MM WORKEY;503;CERRAJERIA Y SEGURIDAD;1602
CANDADO CROMO 30 MM WORKEY;504;CERRAJERIA Y SEGURIDAD;
CANDADO CROMO 40 MM WORKEY;505;CERRAJERIA Y SEGURIDAD;1605
CANDADO CROMO 50 MM WORKEY;506;CERRAJERIA Y SEGURIDAD;33054
CANDADO CROMO 60 MM WORKEY;507;CERRAJERIA Y SEGURIDAD;33055
CANDADO DE HIERRO 20 MM HERMEX;508;CERRAJERIA Y SEGURIDAD;22526
CANDADO DE HIERRO 30 MM BLISTER HERMEX BASIC;3192;CERRAJERIA Y SEGURIDAD;23523
CANDADO DE HIERRO 30 MM HERMEX;510;CERRAJERIA Y SEGURIDAD;23522
CANDADO DE HIERRO 40 MM HERMEX;511;CERRAJERIA Y SEGURIDAD;23518
CANDADO DE HIERRO 50 MM HERMEX;512;CERRAJERIA Y SEGURIDAD;23519
CANDADO DE HIERRO 63 MM CROMO HERMEX;513;CERRAJERIA Y SEGURIDAD;43801
CANDADO GOLD WALL BLISS 30 MM ORIGINAL;3419;CERRAJERIA Y SEGURIDAD;
CANDADO GOLD WALL BLISS 40 MM ORIGINAL;3277;CERRAJERIA Y SEGURIDAD;
CANDADO GOLD WALL BLISS 50 MM ORIGINAL;3278;CERRAJERIA Y SEGURIDAD;
CANDADO INTEMPERIE NEGRO 220/51 YALE 8816;3193;CERRAJERIA Y SEGURIDAD;
CANDADO INTEMPERIE NEGRO 220/61 YALE 8816;514;CERRAJERIA Y SEGURIDAD;360511 40%
CANDADO INTEMPERIE NEGRO 220/71 YALE 8817;3309;CERRAJERIA Y SEGURIDAD;
CANDADO LAMINADO 30 MM INTEMPERIE FANAL;3604;CERRAJERIA Y SEGURIDAD;43383
CANDADO LAMINADO 40 MM INTEMPERIE FANAL;3605;CERRAJERIA Y SEGURIDAD;43390
CANDADO LAMINADO 50 MM INTEMPERIE FANAL;3607;CERRAJERIA Y SEGURIDAD;43406
CANDADO LAMINADO RECUBIERTO 50 MM HERMEX;515;CERRAJERIA Y SEGURIDAD;43368
CANDADO LATON 50MM STANLEY;516;CERRAJERIA Y SEGURIDAD;27411
CANDADO MALETERO CLAVE 25 MM HERMEX;517;CERRAJERIA Y SEGURIDAD;43350
CANDADO MALETERO CLAVE 36 MM HERMEX;518;CERRAJERIA Y SEGURIDAD;43351
CANDADO AMARILLO ECONOMICO 20;3283;CERRAJERIA Y SEGURIDAD;THRO14U
CANDADO AMARILLO ECONOMICO 25;3394;TORNILLERIA;
CANECA PLASTICA 5 GALONES;519;PINTURAS Y DISOLVENTES;
CAï¿½AMO ARO;520;SOGAS Y CADENAS;9998
CAOLIN IMPALPABLE 1K;521;CONSTRUCCION;FCR1
CAOLIN IMPALPABLE 25K;522;CONSTRUCCION;FCR25 40%
CAPUCHON CABLE AWG 16-10 TRANSPARENTE;3649;ELECTRICOS;TECO-077
CAPUCHON NYLON CABLE 22-16 AWG TRANSPARENTE;3648;ELECTRICOS;TECO-076
CARETA PARA SOLDAR PRETUL;523;DOTACION INDUSTRIAL;26005
CARETA PARA SOLDAR TIPO PALETA;524;HERRAMIENTA MANUAL;1860
CARGADOR DE BATERIAS MAX AA 2 - 4 5005;525;ELECTRICOS;10393595
CARPINCOL X 250 G MR-60 APLICADOR PEGATEX;527;PEGANTES;4008
CARPINCOL X 500 G MR-60 APLICADOR PEGATEX;528;PEGANTES;2078
CARPINCOL X 1k G MR-60 APLICADOR PEGATEX;526;PEGANTES;4007
CARTON CORRUGADO 1MT;2112;CONSTRUCCION;FRC1
VASTAGO CARTUCHO REPUESTO BOCHERINI;529;GRIFERIA;C-FA12104
CARTUCHO PINTUCO FLEX  BLANCO 300ML;530;PEGANTES;10339014
CARTUCHO PINTUCO FLEX  GRIS 300ML;3355;PEGANTES;10339015
CARTUCHO PINTUCO FLEX  NEGRO 300ML;3356;PEGANTES;10345639
CASCO DE SEGURIDAD AMARILLO PRETUL;531;DOTACION INDUSTRIAL;25037
CASCO DE SEGURIDAD BLANCO PRETUL;532;DOTACION INDUSTRIAL;25038
CASQUETE 3/4 CAUCHO SILLA;533;HERRAJES Y SOPORTES;
CASQUETE 5/8 CAUCHO SILLA;534;HERRAJES Y SOPORTES;
CASQUETE BASTON EN CAUCHO;535;HERRAJES Y SOPORTES;
CASQUETE MULETA EN CAUCHO;536;HERRAJES Y SOPORTES;
CATALIZADOR AZUL PARA 1/4 G SUPER;537;PINTURAS Y DISOLVENTES;270
CAUCHO OLLA PANEX AZUL 2-4 LITROS;540;HOGAR Y COCINA;
CAUCHO OLLA PANEX AZUL 4-6 LITROS;538;HOGAR Y COCINA;
CAUCHO OLLA PANEX AZUL 8-10 LITROS;539;HOGAR Y COCINA;
CAUCHO OLLA EXPRESS 4-6 LITOS UNIVERSAL;541;HOGAR Y COCINA;
CAUCHO OLLA NEGRO 4-6 LITROS;542;HOGAR Y COCINA;
CAUCHO OLLA UNIEXPRESS 18-20-22;3416;HOGAR Y COCINA;
CAUCHO OLLA UNIVERSAL ORIGINAL BLANCO;3361;HOGAR Y COCINA;49002
CAUTIN 30W ECONOMICO;543;ELECTRICOS;1193
CAUTIN TIPO LAPIZ 30 W PRETUL;544;ELECTRICOS;22806Punta de latï¿½n con recubrimiento de nï¿½quel.
CAUTIN TIPO LAPIZ 45 W PRETUL;545;ELECTRICOS;22809Punta de latï¿½n con recubrimiento de nï¿½quel
CEMENTO BLANCO USO GENERAL 1K;546;CONSTRUCCION;4618105
CEMENTO BLANCO USO GENERAL 5K;547;CONSTRUCCION;4618239
CEMENTO BLANCO USO GENRAL 20K ARGOS;548;CONSTRUCCION;
CEMENTO BLANCO USO GENERAL 40K ARGOS;549;CONSTRUCCION;
CEMENTO GRIS 25K TEQUENDAMA;550;CONSTRUCCION;2245
CEMENTO GRIS 50K TEQUENDAMA;551;CONSTRUCCION;2245
CEMENTO GRIS USO GENERAL 1K CORONA;552;CONSTRUCCION;4618089
CEMENTO GRIS USO GENERAL 25K CORONA;553;CONSTRUCCION;4616797 30%
CEMENTO GRIS USO GENERAL 50K ARGOS;554;CONSTRUCCION;4616801
CEMENTO GRIS USO GENERAL 50K CORONA;555;CONSTRUCCION;742 14%
CEMENTO GRIS USO GENERAL 5K CORONA;556;CONSTRUCCION;4618240
CEMENTO PARA RADIADOR CRC 55 GRS;557;LUBRICANTES;2656
CEMENTO PL285 X 120 ML PEGATEX;558;PEGANTES;2231
CEMENTO PL285 X 375 ML PEGATEX;559;PEGANTES;2238
CEMENTO PL285 X 60 ML PEGATEX;560;PEGANTES;2244
CEMENTO PL285 X 750 ML BOTELLA PEGATEX;561;PEGANTES;2245
CEPILLERO PLASTGRIFOS;3304;GRIFERIA;TUMMI5
CEPILLO GRATA ACERO AL CARBONO 51 TRUPER;562;HERRAMIENTA MANUAL;11553
CEPILLO GRATA ACERO AL CARBONO 64 TRUPER;563;HERRAMIENTA MANUAL;11559
CEPILLO GRATA CURVO ONDULADO TRUPER;564;HERRAMIENTA MANUAL;11540
CEPILLO PARA BETUNAR MINI;565;HERRAMIENTA MANUAL;
CEPILLO PARA BETUNAR MEDIANO N 4;566;HERRAMIENTA MANUAL;
CEPILLO PARA PINTOR SEMI-RIGIDO CERDA TRUPER;3542;HERRAMIENTA MANUAL;14497
CEPILLO TIPO PLANCHA;3292;ASEO;
CERA BRILLO SIMONIZ 225 GR;567;LUBRICANTES;41885
CERA LIQUIDA PARA AUTO ACRILICA KLINTEK;2418;ASEO;57090
CERA LIQUIDA SUPER BLUE 300ML SIMONIZ;568;LUBRICANTES;41891
CERA SIEMPRE NUEVO SIMONIZ 200 GR;3378;LUBRICANTES;44740
CERRADURA CIL MANIJA ALCOBA INOX IBIZA VERA;570;CERRAJERIA Y SEGURIDAD;34628
CERRADURA CIL MANIJA BAï¿½O INOX IBIZA VERA;571;CERRAJERIA Y SEGURIDAD;34629
CERRADURA CIL MARIPOSA CROMO HERMEX;3203;CERRAJERIA Y SEGURIDAD;23614
CERRADURA CIL POMO ALCOBA INOX VERA;572;CERRAJERIA Y SEGURIDAD;17001
CERRADURA CIL POMO ALCOBA MADERA VERA;573;CERRAJERIA Y SEGURIDAD;634
CERRADURA CIL POMO BAï¿½O INOX VERA;574;CERRAJERIA Y SEGURIDAD;17002
CERRADURA CLASICA TERRAZA SAFE;569;CERRAJERIA Y SEGURIDAD;
CERRADURA DE SEGURIDAD DOBLE INOX VERA;587;CERRAJERIA Y SEGURIDAD;854
CERRADURA DE SEGURIDAD SENCILLO INOX VERA;588;CERRAJERIA Y SEGURIDAD;794
CERRADURA SOBREPONER DERECHA FORTE;575;CERRAJERIA Y SEGURIDAD;5637
CERRADURA DOBLE CILINDRO CROMO HERMEX;3202;CERRAJERIA Y SEGURIDAD;23611
CERRADURA SOBREPONER IZQUIERDA FORTE;576;CERRAJERIA Y SEGURIDAD;5652
CERRADURA MANIJA BAï¿½O SAFE;577;CERRAJERIA Y SEGURIDAD;7304
CERRADURA MUEBLE 1550 NIQUEL VERA;578;CERRAJERIA Y SEGURIDAD;7705
CERRADURA MUEBLE 1555 Nï¿½QUEL VERA;579;CERRAJERIA Y SEGURIDAD;7706
CERRADURA MUEBLE 1560 NIQUEL VERA;580;CERRAJERIA Y SEGURIDAD;7708
CERRADURA POMA BAï¿½O SAFE VERA;3363;CERRAJERIA Y SEGURIDAD;17002
CERRADURA POMO ENTRADA PRINCIPAL SAFE;581;CERRAJERIA Y SEGURIDAD;40474
CERRADURA POMO FANAL ENTRADA PRINCIPAL;3209;CERRAJERIA Y SEGURIDAD;
CERRADURA SOBREPONER 3 MACHOS DERECHA VERA;582;CERRAJERIA Y SEGURIDAD;7428
CERRADURA SOBREPONER P DERERECHA YALE 987 C;583;CERRAJERIA Y SEGURIDAD;10234610 15%
CERRADURA SOBREPONER P IZQUIERDA YALE 987 C;584;CERRAJERIA Y SEGURIDAD;10234612 15%
CERRADURA SOBREPONER VF6 3 MACHOS IZQ VERA;585;CERRAJERIA Y SEGURIDAD;7869
CERRADURA VITRINA 1557 NIQUEL VERA;586;CERRAJERIA Y SEGURIDAD;10207
CERRADURA VITRINA ECO;3381;CERRAJERIA Y SEGURIDAD;169
GRAPA COLGANTE PARA CUADRO PEQUEï¿½A;590;HERRAJES Y SOPORTES;
CHAROLA DE PLASTICO PARA RODILLO TRUPER;591;PINTURAS Y DISOLVENTES;19211
"CHAZO ANCLAJE ABIERTO 1/2""";592;TORNILLERIA;
"CHAZO ANCLAJE ABIERTO 1/4""";593;TORNILLERIA;
"CHAZO ANCLAJE ABIERTO 3/8""";594;TORNILLERIA;
"CHAZO ANCLAJE ABIERTO 5/16""";595;TORNILLERIA;
"CHAZO ANCLAJE CERRADO 1/2""";596;TORNILLERIA;
"CHAZO ANCLAJE CERRADO 1/4""";597;TORNILLERIA;
"CHAZO ANCLAJE CERRADO 3/8""";598;TORNILLERIA;
"CHAZO ANCLAJE CERRADO 5/16""";599;TORNILLERIA;
"CHAZO DRYWALL PLASTICO 1/4""";600;TORNILLERIA;
"CHAZO DRYWALL PLASTICO 5/16""";601;TORNILLERIA;
"CHAZO EXPANSIVO 1/2X 17/8""";602;TORNILLERIA;
"CHAZO EXPANSIVO 1/2X 21/2""";603;TORNILLERIA;
"CHAZO EXPANSIVO 1/4X 13/8""";604;TORNILLERIA;
"CHAZO EXPANSIVO 1/4X 21/4""";605;TORNILLERIA;
"CHAZO EXPANSIVO 3/8X 11/2""";606;TORNILLERIA;
"CHAZO EXPANSIVO 3/8X 21/2""";608;TORNILLERIA;
"CHAZO EXPANSIVO 3/8X 3""";609;TORNILLERIA;
"CHAZO EXPANSIVO 5/16X 11/2""";610;TORNILLERIA;
"CHAZO EXPANSIVO 5/16X 17/8""";611;TORNILLERIA;
"CHAZO EXPANSIVO 5/16X 21/2""";612;TORNILLERIA;
"CHAZO EXPANSIVO 5/16X 3""";613;TORNILLERIA;
"CHAZO MARIPOSA ANCLAJE 1/4""X2""";614;TORNILLERIA;
"CHAZO MARIPOSA ANCLAJE 3/16""X2""";615;TORNILLERIA;
CHAZO PLASTICO 1/2 100;610C;TORNILLERIA;
CHAZO PLASTICO 1/2 DOC;618D;TORNILLERIA;
CHAZO PLASTICO 1/2 UN;618;TORNILLERIA;
CHAZO PLASTICO 1/4 100;621C;TORNILLERIA;
CHAZO PLASTICO 1/4 DOC;621D;TORNILLERIA;
CHAZO PLASTICO 3/16 100;624C;TORNILLERIA;
CHAZO PLASTICO 3/16 DOC;624D;TORNILLERIA;
CHAZO PLASTICO 3/16 UN;624;TORNILLERIA;
CHAZO PLASTICO 3/8 100;627C;TORNILLERIA;
CHAZO PLASTICO 3/8 DOC;627D;TORNILLERIA;
CHAZO PLASTICO 3/8 UN;627;TORNILLERIA;
CHAZO PLASTICO 5/16 100;630C;TORNILLERIA;
CHAZO PLASTICO 5/16 DOC;630D;TORNILLERIA;
CHAZO PLASTICO 5/16 UN;630;TORNILLERIA;
"CHAZO PUNTILLA PLASTICO 1/4 X 11/4""100";633C;TORNILLERIA;
"CHAZO PUNTILLA PLASTICO 1/4 X 11/4""DOC";633D;TORNILLERIA;
"CHAZO PUNTILLA PLASTICO 1/4 X 11/4""U";633;TORNILLERIA;
"CHAZO PUNTILLA PLASTICO 1/4 X 15/8""100";636C;TORNILLERIA;
"CHAZO PUNTILLA PLASTICO 1/4 X 15/8""DOC";636D;TORNILLERIA;
"CHAZO PUNTILLA PLASTICO 1/4 X 15/8""U";636;TORNILLERIA;
"CHAZO PUNTILLA PLASTICO 1/4 X 21/4""100";639C;TORNILLERIA;
"CHAZO PUNTILLA PLASTICO 1/4 X 21/4""DOC";639D;TORNILLERIA;
"CHAZO PUNTILLA PLASTICO 1/4 X 21/4""U";639;TORNILLERIA;
"CHAZO PUNTILLA PLASTICO 1/4 X 27/8""100";642C;TORNILLERIA;
"CHAZO PUNTILLA PLASTICO 1/4 X 27/8""DOC";642D;TORNILLERIA;
"CHAZO PUNTILLA PLASTICO 1/4 X 27/8""U";642;TORNILLERIA;
"CHAZO PUNTILLA PLASTICO 1/4 X 31/2""100";645C;TORNILLERIA;
"CHAZO PUNTILLA PLASTICO 1/4 X 31/2""DOC";645D;TORNILLERIA;
"CHAZO PUNTILLA PLASTICO 1/4 X 31/2""U";645;TORNILLERIA;
"CHAZO SUPRA MARIPOSA PLASTICO 5/16""";647;TORNILLERIA;
CHEQUE ANTIRRETORNO 1/2 PVC PCP;648;TUBERIAS Y ACCESORIOS;53380
"CHEQUE CORTINA 1"" VERONI SW";649;TUBERIAS Y ACCESORIOS;3557
"CHEQUE CORTINA 1/2""  GRIVAL";650;TUBERIAS Y ACCESORIOS;1271
"CHEQUE CORTINA 1/2"" VERONI SW";651;TUBERIAS Y ACCESORIOS;751
"CHEQUE CORTINA 3/4"" VERONI SW";652;TUBERIAS Y ACCESORIOS;1273
CHINCHES EN CAJA PLASTIFICADO COLORES SURTIDOS;653;HERRAJES Y SOPORTES;2800
CHIPOTE MARTILLO DE CAUCHO GRANDE ECO;654;HERRAMIENTA MANUAL;
CHIPOTE MARTILLO DE CAUCHO MEDIANO ECO;655;HERRAMIENTA MANUAL;
CHIPOTE MARTILLO DE CAUCHO PEQUEï¿½O ECO;656;HERRAMIENTA MANUAL;
CHUPA BAï¿½O DE SILICONA EN COLORES;657;ASEO;127813
CHUPA BAï¿½O NEGRA;658;ASEO;
CHUPA CON GANCHO N 3;659;HERRAJES Y SOPORTES;
CHUPA CON GANCHO N 4;660;HERRAJES Y SOPORTES;
CHUPA DOBLE CARA;662;HERRAJES Y SOPORTES;
CHUPA PLANA N3;663;HERRAJES Y SOPORTES;
CIMBRA CON COLORANTE 15 MT UDUKE;664;CONSTRUCCION;28574
"CINCEL DE CORTE FRIO 1/2 X 10"" TRUPER";665;HERRAMIENTA MANUAL;12121
"CINCEL DE CORTE FRIO 1/2 x 6"" TRUPER";666;HERRAMIENTA MANUAL;12115
"CINCEL DE CORTE FRIO 3/4 X 10"" CON GRIP TRUPER";667;HERRAMIENTA MANUAL;12275
"CINCEL DE CORTE FRIO 3/8 X 10"" TRUPER";668;HERRAMIENTA MANUAL;12112
"CINCEL DE CORTE FRIO 3/8 X 6"" TRUPER";669;HERRAMIENTA MANUAL;12106
"CINCEL DE CORTE FRIO 5/8 x 8"" TRUPER";670;HERRAMIENTA MANUAL;12130
CINCEL DE PUNTA PARA CONCRETO;671;HERRAMIENTA MANUAL;13050
CINTA AISLANTE PROFESIONAL DUO 23 3M;673;PEGANTES;
CINTA AMARILLA LA ORIGINAL (1/2) 12 MM X 50MT 3M;674;PEGANTES;90796
CINTA AUTOFUNDENTE 9MT ROLLO;678;PEGANTES;
"CINTA AUTOMOTRIZ VERDE (1/2"") 12 MM 3M";679;PEGANTES;19262
"CINTA AUTOMOTRIZ VERDE (3/4"") 18 MM 3M";680;PEGANTES;96477
"CINTA AUTOMOTRIZ VERDE (1"") 24 MM 3M";681;PEGANTES;96493
CINTA AISLANTE 9 MT BLANCO TRUPER;682;PEGANTES;13515
CINTA AISLANTE 9 MT VERDE TRUPER;683;PEGANTES;13511
CINTA AISLANTE 9 MT AMARILLA TRUPER;689;PEGANTES;13512
CINTA AISLANTE 9 MT AZUL TRUPER;684;PEGANTES;13514
CINTA DE AISLAR 9 MT BLANCO TRUPER;685;PEGANTES;13515
CINTA AISLANTE 9 MT NEGRA TRUPER;686;PEGANTES;12501
CINTA AISLANTE 9 MT ROJA TRUPER;687;PEGANTES;13513
CINTA DE AISLAR 9 MT VERDE TRUPER;688;PEGANTES;13511
CINTA EMPAQUE TRANSPARENTE 12MM  X 40 MT 3M;690;PEGANTES;
CINTA DOBLE FAZ 19 MM 1.5 M PRETUL;693;PEGANTES;20004
CINTA DOBLE FAZ 19 MM 5 M PRETUL;694;PEGANTES;20005
CINTA DOBLE FAZ GAPOR 18MM X 3MT;488;PEGANTES;
CINTA DOBLE FAZ GAPOR 18MM X 5MT;487;PEGANTES;
CINTA DOBLE FAZ VHB 4910 1 MT 3M;3492;PINTURAS Y DISOLVENTES;147
CINTA DOBLE FAZ VHB 4911 ROLLO 5MT 3M;3493;PINTURAS Y DISOLVENTES;147
CINTA EMPAQUE TRANSPARENTE 100 MT 3M;696;PEGANTES;35379
CINTA EMPAQUE TRANSPARENTE 100 MT PORRAS;731;PEGANTES;
CINTA EMPAQUE TRANSPARENTE 200 MT PORRAS;732;PEGANTES;
CINTA EMPAQUE TRANSPARENTE 30 MT PORRAS;733;PEGANTES;
CINTA EMPAQUE TRANSPARENTE 40 MT 3M;698;PEGANTES;24106
CINTA EMPAQUE TRANSPARENTE 40 MT TRUPER;3357;PEGANTES;12551
CINTA EMPAQUE TRANSPARENTE 50 MT PORRAS;734;PEGANTES;
CINTA EMPAQUE TRANSPARENTE 50 MT TRUPER;699;PEGANTES;12555
"CINTA ENMASCARAR 101+ (3/4"") 18MM X 25 MT 3M";2220;PEGANTES;
"CINTA ENMASCARAR 201+ (3/4"") 18MM X 50 MT 3M";701;PEGANTES;19459
"CINTA ENMASCARAR 201+ (2"") 48MM X 50 MT 3M";3494;PEGANTES;19510
"CINTA ENMASCARAR ECO 1"" 25 MT MATIX";705;PEGANTES;
"CINTA ENMASCARAR ECO 1/2"" 25 MT MATIX";703;PEGANTES;
"CINTA ENMASCARAR ECO 11/2"" 25 MT MATIX";706;PEGANTES;
"CINTA ENMASCARAR ECO 2"" 25 MT MATIX";707;PEGANTES;
"CINTA ENMASCARAR ECO 3/4"" 25 MT MATIX";704;PEGANTES;
CINTA FILO 1 MT;3457;PERFILES Y WINES;143
CINTA FILO CAJA 30 MT;259;PERFILES Y WINES;143
CINTA LED FUCSIA 12 V ROLLO X 5MT MERCURY;908;ELECTRICOS;50979
CINTA MALLA DRYWALL 50 MM X 20MT;708;PEGANTES;216
CINTA MALLA DRYWALL 50 MM X 50MT;709;PEGANTES;216
CINTA METRICA FIBRA DE VIDRIO 20 M TRUPER;710;HERRAMIENTA MANUAL;12638
CINTA MULTIUSOS TRANSPARENTE 12MM 40MT;712;PEGANTES;
CINTA MULTIUSOS TRANSPARENTE 12MM 5MT;711;PEGANTES;
CINTA PARA DUCTO 48MM X30 MT PRETUL;713;PEGANTES;20529
CINTA PELIGRO X 1 MT;3184;CONSTRUCCION;
CINTA PELIGRO X 100 MT;715;CONSTRUCCION;
CINTA PELIGRO X 500MT;714;CONSTRUCCION;
CINTA REFLECTIVA BICICLETA AMARILLA;716;TUBERIAS Y ACCESORIOS;41394
CINTA REFLECTIVA BICICLETA BLANCA;717;TUBERIAS Y ACCESORIOS;41370
CINTA REFLECTIVA BICICLETA ROJA;718;TUBERIAS Y ACCESORIOS;41417
CINTA TAPAGOTERAS 10 CM X 1 MT ALUMBAND;719;CONSTRUCCION;10395717
CINTA TAPAGOTERAS 10 CM X 5 MT ALUMBAND;720;CONSTRUCCION;10395717
CINTA TAPAGOTERAS 20 CM X 1 MT ALUMBAND;721;CONSTRUCCION;10395718
CINTA TAPAGOTERAS 20 CM X 5 MT ALUMBAND;722;CONSTRUCCION;10395718
"CINTA TEFLON 1"" 13 MT TRUPER";725;PEGANTES;12514
"CINTA TEFLON 1/2"" 13 MT TRUPER";726;PEGANTES;12512
"CINTA TEFLON 3/4"" 13 MT TRUPER";727;PEGANTES;12513
"CINTA TEFLON INDUSTRIAL 3/4"" X 15 MT";723;PEGANTES;1304
CINTA TEFLON INDUSTRIAL SEAL PROFESIONAL TRUPER;3358;TUBERIAS Y ACCESORIOS;12516
CINTA AISLANTE TEMFLEX NEGRO 19 MM X 5MT 3M;730;PEGANTES;37243
CLAVIJA DOMESTICA 15A KONTIKI;735;ELECTRICOS;FC1
CLAVIJA INDUSTRIAL 15A POLO/TIERRA KONTIKI;738;ELECTRICOS;FC3
CLAVIJA P/TRABADA 20A KONTIKI;739;ELECTRICOS;FC4
CLAVIJA PLANA BLANCA AVE;740;ELECTRICOS;35752
CLAVIJA PLANA NEGRA AVE;741;ELECTRICOS;
CLAVIJA TELEFONICA CUBO;742;ELECTRICOS;
CLAVIJA TRIFASICA 20A KONTIKI;743;ELECTRICOS;
CLAVIJA TRIFASICA 50A CODELCA;744;ELECTRICOS;869
"CLAVO ACERADO 1 1/2"" LISO CA MEJIA DOC";747D;TORNILLERIA;
"CLAVO ACERADO 1 1/2"" LISO CA MEJIA LIBRA";747CA;TORNILLERIA;
"CLAVO ACERADO 1 1/2"" LISO CA MEJIA U";747;TORNILLERIA;
"CLAVO ACERADO 1 1/2"" VERTICAL CA MEJIA DOC";3657D;TORNILLERIA;
"CLAVO ACERADO 1 1/2"" VERTICAL CA MEJIA LIBRA";3657CA;TORNILLERIA;
"CLAVO ACERADO 1 1/2"" VERTICAL CA MEJIA U";3657;TORNILLERIA;
"CLAVO ACERADO 1"" LISO CA MEJIA DOC";750D;TORNILLERIA;
"CLAVO ACERADO 1"" LISO CA MEJIA LIBRA";750CA;TORNILLERIA;
"CLAVO ACERADO 1"" LISO CA MEJIA U";750;TORNILLERIA;
"CLAVO ACERADO 2 1/2"" LISO CIA MEJIA DOC";753D;TORNILLERIA;
"CLAVO ACERADO 2 1/2"" LISO CIA MEJIA LIBRA";753CA;TORNILLERIA;
"CLAVO ACERADO 2 1/2"" LISO CIA MEJIA U";753;TORNILLERIA;
"CLAVO ACERADO 2"" LISO CA MEJIA DOC";756D;TORNILLERIA;
"CLAVO ACERADO 2"" LISO CA MEJIA LIBRA";756CA;TORNILLERIA;
"CLAVO ACERADO 2"" LISO CA MEJIA U";756;TORNILLERIA;
"CLAVO ACERADO 3"" LISO CA MEJIA DOC";759D;TORNILLERIA;
"CLAVO ACERADO 3"" LISO CA MEJIA LIBRA";759CA;TORNILLERIA;
"CLAVO ACERADO 3"" LISO CA MEJIA U";759;TORNILLERIA;
CLAVO ACERADO 3/4 LISO CA MEJIA LIBRA;762CA;TORNILLERIA;
CLAVO ACERADO 3/4 LISO CA MEJIA U;762;TORNILLERIA;
"CLAVO ACERADO 3/4"" VERTICAL CA MEJIA DOC";3660D;TORNILLERIA;
"CLAVO ACERADO 3/4"" VERTICAL CA MEJIA LIBRA";3660CA;TORNILLERIA;
"CLAVO ACERADO 3/4"" VERTICAL CA MEJIA U";3660;TORNILLERIA;
"CLAVO VERTICAL 1"" CA MEJIA DOC";765D;TORNILLERIA;
"CLAVO VERTICAL 1"" CA MEJIA LIBRA";765CA;TORNILLERIA;
"CLAVO VERTICAL 1"" CA MEJIA U";765;TORNILLERIA;
"CLAVO VERTICAL 2 1/2"" CA MEJIA DOC";769D;TORNILLERIA;
"CLAVO VERTICAL 2 1/2"" CA MEJIA LIBRA";769CA;TORNILLERIA;
"CLAVO VERTICAL 2 1/2"" CA MEJIA U";769;TORNILLERIA;
"CLAVO VERTICAL 2"" CA MEJIA DOC";772D;TORNILLERIA;
"CLAVO VERTICAL 2"" CA MEJIA LIBRA";772CA;TORNILLERIA;
"CLAVO VERTICAL 2"" CA MEJIA U";772;TORNILLERIA;
"CLAVO VERTICAL 3"" CA MEJIA DOC";775D;TORNILLERIA;
"CLAVO VERTICAL 3"" CA MEJIA LIBRA";775CA;TORNILLERIA;
"CLAVO VERTICAL 3"" CA MEJIA U";775;TORNILLERIA;
CLIP MARIPOSA;777;HOGAR Y COCINA;
"CODO COBRE 1/2""";783;TUBERIAS Y ACCESORIOS;1
"CODO CPVC 1/2""";782;TUBERIAS Y ACCESORIOS;10853
"CODO GALVANIZADO 1/2""";779;TUBERIAS Y ACCESORIOS;20402
"CODO PVC LISO/ROSCA PRESION 1/2""";778;TUBERIAS Y ACCESORIOS;14111
"CODO GALVANIZADO 3/4""";780;TUBERIAS Y ACCESORIOS;20401
"CODO GALVANIZADO 3/8""";781;TUBERIAS Y ACCESORIOS;20401
CODO CALLE GALVANIZADO 1/2;784;TUBERIAS Y ACCESORIOS;21402
CODO CALLE GALVANIZADO 3/8;3585;TUBERIAS Y ACCESORIOS;21401
"CODO PVC 1""";785;TUBERIAS Y ACCESORIOS;3240
"CODO PVC 1/2""";786;TUBERIAS Y ACCESORIOS;3356
"CODO PVC 11/2""";787;TUBERIAS Y ACCESORIOS;3119
"CODO PVC 11/4""";788;TUBERIAS Y ACCESORIOS;3100
"CODO PVC 2""";789;TUBERIAS Y ACCESORIOS;2127
"CODO PVC 3/4""";790;TUBERIAS Y ACCESORIOS;3372
"CODO ROSCA PRESION 1/2""";791;TUBERIAS Y ACCESORIOS;3224
"CODO SANITARIO CXC 2""";793;TUBERIAS Y ACCESORIOS;1109
"CODO SANITARIO CXC 3""";794;TUBERIAS Y ACCESORIOS;1111
"CODO SANITARIO CXC 4""";795;TUBERIAS Y ACCESORIOS;1113
"CODO SANITARIO CXE 11/2""";796;TUBERIAS Y ACCESORIOS;1108
"CODO SANITARIO CXE 2""";797;TUBERIAS Y ACCESORIOS;1110
"CODO SANITARIO CXE 3""";798;TUBERIAS Y ACCESORIOS;1112
"CODO SANITARIO CXE 4""";799;TUBERIAS Y ACCESORIOS;1114
COLBON 120 GR MULTIPEGA;800;PEGANTES;
COLBON 20 GR  MULTIPEGA;802;PEGANTES;
COLBON 270 GR MULTIPEGA;801;PEGANTES;
CONCENTRADO PEQUEï¿½O AMARILLO;803;PINTURAS Y DISOLVENTES;253
CONCENTRADO PEQUEï¿½O AZUL;804;PINTURAS Y DISOLVENTES;254
CONCENTRADO PEQUEï¿½O NARANJA;805;PINTURAS Y DISOLVENTES;260
CONCENTRADO PEQUEï¿½O NEGRO;806;PINTURAS Y DISOLVENTES;33419
CONCENTRADO PEQUEï¿½O OCRE;807;PINTURAS Y DISOLVENTES;256
CONCENTRADO PEQUEï¿½O ROJO;808;PINTURAS Y DISOLVENTES;255
CONCENTRADO PEQUEï¿½O VERDE;809;PINTURAS Y DISOLVENTES;255
CONCENTRADO PEQUEï¿½O VIOLETA;810;PINTURAS Y DISOLVENTES;257
CONECTOR ELECTRICO 50A;811;ELECTRICOS;5F1-60A
CONECTOR RAPIDO ACERO CROMADO 1/4 HEMBRA PRETUL;3488;PINTURAS Y DISOLVENTES;27022
CONECTOR RAPIDO ACERO CROMADO 1/4 MACHO PRETUL;3489;PINTURAS Y DISOLVENTES;27023
CONVERTIDOR DE POLO A TIERRA SAKURA;812;ELECTRICOS;FC7
CONVERTIDOR PLUG DE JACK A 1/4;3403;ELECTRICOS;
CONVERTIDOR REDONDO A PLANO CODELCA;814;ELECTRICOS;
CONVERTIDOR REDONDO A PLANO NEGRO;813;ELECTRICOS;FC17
"COPA GALVANIZADA 1/2"" X 3/8""";815;TUBERIAS Y ACCESORIOS;20221
COPA MANDO 1/2 6 PUNTAS 26MM TRUPER;816;HERRAMIENTA MANUAL;13524
COPA MANDO 1/2 6 PUNTAS 11 MM TRUPER;817;HERRAMIENTA MANUAL;13261
COPA MANDO 1/2 6 PUNTAS 12 MM TRUPER;818;HERRAMIENTA MANUAL;13262
COPA MANDO 1/2 6 PUNTAS 13 MM TRUPER;819;HERRAMIENTA MANUAL;13263
COPA MANDO 1/2 6 PUNTAS 17 MM TRUPER;820;HERRAMIENTA MANUAL;13267
COPA MANDO 1/2 6 PUNTAS 18 MM TRUPER;821;HERRAMIENTA MANUAL;13268
COPA MANDO 1/2 6 PUNTAS 27 MM TRUPER;822;HERRAMIENTA MANUAL;101007
"COPA GALVANIZADA 3/4"" X 3/8""";823;TUBERIAS Y ACCESORIOS;20232
"COPA LARGA MANDO 3/8 6 PUNTAS 13/16"" PARA BUJIAS TRUPER";824;HERRAMIENTA MANUAL;13657
COPA MANDO 1/2 6 PUNTAS 14 MM TRUPER;825;HERRAMIENTA MANUAL;13264
COPA MANDO 1/2 6 PUNTAS 15 MM TRUPER;826;HERRAMIENTA MANUAL;13265
COPA MANDO 1/2 6 PUNTAS 16 MM TRUPER;827;HERRAMIENTA MANUAL;13266
COPA MANDO 1/2 6 PUNTAS 19 MM TRUPER;828;HERRAMIENTA MANUAL;13269
COPA MANDO 1/2 6 PUNTAS 20 MM TRUPER;829;HERRAMIENTA MANUAL;13270
COPA MANDO 1/2 6 PUNTAS 21 MM TRUPER;830;HERRAMIENTA MANUAL;13271
COPA MANDO 1/2 6 PUNTAS 22 MM TRUPER;831;HERRAMIENTA MANUAL;13272
COPA MANDO 1/2 6 PUNTAS 23 MM TRUPER;832;HERRAMIENTA MANUAL;13273
COPA MANDO 1/2 6 PUNTAS 24 MM TRUPER;833;HERRAMIENTA MANUAL;13274
COPA MANDO 1/2 6 PUNTAS 25 MM TRUPER;834;HERRAMIENTA MANUAL;14275
"COPA LARGA MANDO 3/8 6 PUNTAS 5/8"" PARA BUJIAS TRUPER";835;HERRAMIENTA MANUAL;13655
"COPA BRONCE 1/2""";836;PARTES Y REPUESTOS;
"PIEDRA COPA DESBASTE 5"" 5/8"" - 11 GRANO 3";837;ABRASIVOS Y CONSUMIBLES;13787
COPA LARGA MANDO 3/8 6 PUNTAS 13MM;838;HERRAMIENTA MANUAL;13773
"PUNTA COPA MAGNETICA 1/4"" FORTE";839;HERRAMIENTA MANUAL;29923
"PUNTA COPA MAGNETICA 3/8"" FORTE";840;HERRAMIENTA MANUAL;29925
"PUNTA COPA MAGNETICA 5/16"" FORTE";841;HERRAMIENTA MANUAL;29924
CORAZA 1/2 X 1 MT VERDE;842;ELECTRICOS;2420M
CORAZA 1/2 X 50 MT LIVIANA;843;ELECTRICOS;
CORAZA 1/2 X 50 MT VERDE PESADA;844;ELECTRICOS;2420
CORAZA 3/4 X 1 MT;845;ELECTRICOS;
CORAZA 3/4 X 25 MT;846;ELECTRICOS;
"CORREA PARA REMOLQUE CON GANCHO 2""X5.8MT";3589;HERRAMIENTA MANUAL;18344
RODAJA CORTA BALDOSA CON BURIL UDUKE 10 MM;3307;HERRAMIENTA MANUAL;
RODAJA CORTA BALDOSA CON BURIL UDUKE 18 MM;3306;HERRAMIENTA MANUAL;
"CORTA BALDOZA 16"" PRETUL";847;HERRAMIENTA MANUAL;20996
CORTA CIRCUITO 30 A FUSIBLE CILLES;848;ELECTRICOS;
CORTA FRIO N 6 AMARILLO;849;HERRAMIENTA MANUAL;
CORTA TUBO 18 MM TRUPER;850;HERRAMIENTA MANUAL;12853
CORTA TUBO TIPO TIJERA 1 - 5/8 TRUPER;851;HERRAMIENTA MANUAL;12860
CORTA VIDRIO 6 CUCHILLAS TRUPER;852;HERRAMIENTA MANUAL;12954
CORTA VIDRIO JOBO;3335;HERRAMIENTA MANUAL;
CORTINA DE BAï¿½O TELA;3352;HOGAR Y COCINA;UNUL34
CREOLINA 120 ML;853;ASEO;3130
CREOLINA 240 ML;854;ASEO;2988
"CRUCETAS PARA RUEDA 14"" PRETUL";855;HERRAMIENTA MANUAL;21800
"CRUCETAS PARA RUEDA 18"" TRUPER";856;HERRAMIENTA MANUAL;15480
CUCHILLA BISTURI PEQUEï¿½A 9 MM 10 PIEZAS TRUPER;3319;HERRAMIENTA MANUAL;16962
CUCHILLA BISTURI GRANDE UN;857;ABRASIVOS Y CONSUMIBLES;1380U
CUCHILLA BISTURI GRANDE X CAJA 10 UN;858;ABRASIVOS Y CONSUMIBLES;1380
CUCHILLA BISTURI GRANDE 18 MM 10 PIEZAS TRUPER;3526;HERRAMIENTA MANUAL;16965
CUCHILLA LICUADORA OSTER GENERICA;859;HOGAR Y COCINA;
CUCHILLA LICUADORA OSTER ORIGINAL;860;HOGAR Y COCINA;
CUCHILLO N4 MADERA EXCALIBUR;3617;HOGAR Y COCINA;
CUELGA CUADRO METALICO;861;TORNILLERIA;
CUELGA CUADRO TRIANGULO;862;TORNILLERIA;
CUERDA TRENZADA POLIPROPILENO BLANCO #3 FORTE 1M;3375;SOGAS Y CADENAS;39884
CUERDA TRENZADA POLIPROPILENO NEGRA #4  FORTE 1M;3374;SOGAS Y CADENAS;40218
"CURVA CONDUIT SEMIPESADA 1""";863;TUBERIAS Y ACCESORIOS;3032
"CURVA CONDUIT PESADA 1"" GERFOR";866;TUBERIAS Y ACCESORIOS;3020
"CURVA CONDUIT PESADA 1/2"" GERFOR";867;TUBERIAS Y ACCESORIOS;3025
"CURVA CONDUIT PESADA 3/4"" GERFOR";868;TUBERIAS Y ACCESORIOS;3024
"CURVA CONDUIT SEMIPESADA 3/4""";865;TUBERIAS Y ACCESORIOS;3033
DESENGRASANTE 500 ML;869;ASEO;
DESENGRASANTE GALON;870;ASEO;
DESENGRASANTE LITRO;871;ASEO;
DESINFECTANTE LITRO;874;ASEO;
DESINFECTANTE 500  ML;872;ASEO;
DESINFECTANTE GALON;873;ASEO;
DESTAPADOR DE CAï¿½ERIAS SODA CAUSTICA ESCAMA 250 GR;877;ASEO;33409
DESTAPADOR DE CAï¿½ERIAS SODA CAUSTICA ESCAMA 1 KILO;878;ASEO;595
DESTAPADOR DE CAï¿½ERIAS SODA CAUSTICA ESCAMA 1 LIBRA;879;ASEO;292
DESTAPADOR DE CAï¿½ERIAS SODA CAUSTICA LIQUIDO 500 GR;876;ASEO;294
"DESTORNILLADOR ESTRELLA 3/16"" X 3""RANGER";886;HERRAMIENTA MANUAL;
"DESTORNILLADOR PALA 3/16"" X 3"" RANGER";887;HERRAMIENTA MANUAL;
"DESTORNILLADOR ESTRELLA 1/4"" X 4""RANGER";889;HERRAMIENTA MANUAL;
"DESTORNILLADOR PALA 1/4"" X 4"" RANGER";888;HERRAMIENTA MANUAL;
"DESTORNILLADOR ESTRELLA 1/4"" X 6"" RANGER";890;HERRAMIENTA MANUAL;
"DESTORNILLADOR PALA 1/4"" X 6 RANGER";891;HERRAMIENTA MANUAL;
DESTORNILLADOR DE COPA PRETUL C/U;3458;HERRAMIENTA MANUAL;21420
DESTORNILLADOR DOBLE PUNTA USA;881;HERRAMIENTA MANUAL;
"DESTORNILLADOR ESTRELLA 5/16"" X 6"" PVC PRETUL";3318;HERRAMIENTA MANUAL;21470
"DESTORNILLADOR PALA GABINETE 1/8"" X 8"" MANGO PVC PRETUL";3191;HERRAMIENTA MANUAL;21466
DESTORNILLADOR INALAMBRICO BATERIA 3.6V TRUPER;3544;HERRAMIENTA ELECTRICA;17033
"DESTORNILLADOR PALA 1/4 X 6"" MANGO PVC PRETUL";882;HERRAMIENTA MANUAL;21484
"DESTORNILLADOR PALA 3/16"" X4"" PRETUL";3320;HERRAMIENTA MANUAL;21480
"DESTORNILLADOR PALA 5/16 X 6"" MANGO PVC PRETUL";883;HERRAMIENTA MANUAL;21463
ESTUCHE DESTORNILLADOR PARA RELOJ ECO;3421;HERRAMIENTA MANUAL;10016277
DESTORNILLADOR ESTRELLA PERILLERO RANGER;892;HERRAMIENTA MANUAL;
DESTORNILLADOR PALA PERILLERO RANGER;893;HERRAMIENTA MANUAL;
"DESTORNILLADOR ESTRELLA 1/4"" X 4"" MANGO PVC PRETUL";884;HERRAMIENTA MANUAL;21496
"DESTORNILLADOR ESTRELLA 1/4"" X 6"" MANGO PVC PRETUL";885;HERRAMIENTA MANUAL;21499
"DESTORNILLADOR ESTRELLA 3/16 "" X 4""PRETUL";3524;HERRAMIENTA MANUAL;21495
"DESTORNILLADOR ESTRELLA 3/16 "" X 6""PRETUL";3525;HERRAMIENTA MANUAL;21494
DESTORNILLADOR ESTRELLA TATAMACO ENCAUCHETADO;894;HERRAMIENTA MANUAL;
DESTORNILLADOR TIPO RATCHET 13 PUNTAS PRETUL;3455;HERRAMIENTA MANUAL;22974
DESTORNILLADOR PALA 1/8 X 4 PRETUL;3321;HERRAMIENTA MANUAL;21486
DESTORNILLADOR 6 PUNTAS PRETUL;895;HERRAMIENTA MANUAL;21372
DIABLO ROJO;896;ASEO;
DIAFRAGMA FUSION BOCHERINI;897;GRIFERIA;R-GB2
DIAFRAGMA GOLD AUTO COMPLETO 120V BOCHERINI;898;GRIFERIA;R-11BS110
DIAFRAGMA GOLD SUPER AUROMATICA BOCHERINI;899;GRIFERIA;R-2B2ZS
DIAFRAGMA VICTORY BOCHERINI;900;GRIFERIA;R-7B2-V
DIAFRAGMA VICTORY COMPLETO 120V BOCHERINI;3180;GRIFERIA;R-22B120
DILATADORES DE BALDOSA 1MM-1.5MM X 100 UDUKE;901;HERRAJES Y SOPORTES;
DILATADORES DE BALDOSA 2MM X 100 UDUKE;902;HERRAJES Y SOPORTES;
DILATADORES DE BALDOSA 3MM X 100 UDUKE;903;HERRAJES Y SOPORTES;
"DISCO CORTE METAL 14"" X 1/8"" X 7/8""  PARA TRONZADORA DEWALT";906;ABRASIVOS Y CONSUMIBLES;8570
DISCO CORTE DIAMANTADO CONTINUO 4 1/2 TOOLS;907;ABRASIVOS Y CONSUMIBLES;
"DISCO CORTE DIAMANTADO SEGMENTADO 7"" TOOLS";910;ABRASIVOS Y CONSUMIBLES;
"DISCO CORTE DIAMANTADO SEGMENTADO 9"" TOOLS";911;ABRASIVOS Y CONSUMIBLES;
"DISCO CORTE METAL 7"" X 5/64"" X 7/8""  PRETUL";912;ABRASIVOS Y CONSUMIBLES;22346
"DISCO CORTE METAL 41/2"" X 1/16"" X 7/8"" PRETUL";913;ABRASIVOS Y CONSUMIBLES;22345
"DISCO CORTE METAL 9"" X 5/64"" X 7/8"" TRUPER";914;ABRASIVOS Y CONSUMIBLES;11587
"DISCO CORTE METAL 9"" X 5/64"" X 7/8"" PRETUL";915;ABRASIVOS Y CONSUMIBLES;22347
"DISCO CORTE METAL 9"" X 5/64"" X 7/8"" DEWALT";905;ABRASIVOS Y CONSUMIBLES;
"DISCO CORTE METAL 41/2"" X 1/16"" X 7/8"" BOSCH";918;ABRASIVOS Y CONSUMIBLES;24764
"DISCO CORTE METAL 7"" X 1/16"" X 7/8"" ABRACOL";920;ABRASIVOS Y CONSUMIBLES;73882
"DISCO CORTE METAL 14"" X 1/8"" X 7/8"" PARA TRONZADORA TRUPER";922;ABRASIVOS Y CONSUMIBLES;11567
"DISCO CORTE METAL 41/2"" PREMIER";3182;ABRASIVOS Y CONSUMIBLES;60 40%
"DISCO CORTE METAL 7"" X 1/16"" X 7/8"" BOSCH";3194;ABRASIVOS Y CONSUMIBLES;73882
"DISCO CORTE METAL 7"" X 5/64"" X 7/8"" TRUPER";923;ABRASIVOS Y CONSUMIBLES;10665
"DISCO CORTE METAL 7""X1/8""X7/8"" DEWALT";3331;PARTES Y REPUESTOS;40367
"DISCO CORTE METAL 9"" X 5/64"" X 7/8""  PREMIER";925;ABRASIVOS Y CONSUMIBLES;C1DC0030
"DISCO CORTE SIERRA 40 DIENTES 41/2"" TOOLS";926;ABRASIVOS Y CONSUMIBLES;
"DISCO CORTE SIERRA 40 DIENTES 7"" TOOLS";927;ABRASIVOS Y CONSUMIBLES;
"DISCO CORTE SIERRA 40 DIENTES 9"" VIGOR";928;ABRASIVOS Y CONSUMIBLES;
"DISCO DESBASTE METAL 41/2"" X 1/4"" X 7/8"" DEWALT";931;ABRASIVOS Y CONSUMIBLES;
"DISCO DESBASTE METAL 7"" X 1/4"" X 7/8"" DEWALT";932;ABRASIVOS Y CONSUMIBLES;
"DISCO DESBASTE METAL 7"" X 1/4"" X 7/8"" TRUPER";930;ABRASIVOS Y CONSUMIBLES;12567
"DISCO DESBASTE METAL 9"" X 1/4"" X 7/8""PREMIER";933;ABRASIVOS Y CONSUMIBLES;C1DP0004
"DISCO FLAP 40 41/2"" PRETUL";936;ABRASIVOS Y CONSUMIBLES;22350
"DISCO FLAP 60 4 1/2"" PRETUL";938;ABRASIVOS Y CONSUMIBLES;22351
"DISCO FLAP 80 4 1/2"" AZUL PORRAS";939;ABRASIVOS Y CONSUMIBLES;
"DISCO FLAP 80 4 1/2"" PRETUL";940;ABRASIVOS Y CONSUMIBLES;22352
"DISCO PIEDRA CORTE DIAMETRO 4"" X1/2"" TRUPER";3329;PARTES Y REPUESTOS;
"DISCO PIEDRA CORTE DIAMETRO 7"" X1/8"" TRUPER";3330;PARTES Y REPUESTOS;11566
"DISCO VELCRO 4 1/2"" N100";941;ABRASIVOS Y CONSUMIBLES;
"DISCO VELCRO 4 1/2"" N120";942;ABRASIVOS Y CONSUMIBLES;
"DISCO VELCRO 4 1/2"" N150";943;ABRASIVOS Y CONSUMIBLES;
"DISCO VELCRO 4 1/2"" N180";944;ABRASIVOS Y CONSUMIBLES;
"DISCO VELCRO 4 1/2"" N220";945;ABRASIVOS Y CONSUMIBLES;
"DISCO VELCRO 4 1/2"" N320";946;ABRASIVOS Y CONSUMIBLES;
"DISCO VELCRO 4 1/2"" N400";947;ABRASIVOS Y CONSUMIBLES;
"DISCO VELCRO 4 1/2"" N60";948;ABRASIVOS Y CONSUMIBLES;
"DISCO VELCRO 4 1/2"" N80";949;ABRASIVOS Y CONSUMIBLES;
DISPENSADOR DE INCRUSTAR DOSIFICADOR BOCHERINI;950;GRIFERIA;YW158
DISPENSADOR DE SHAMPOO BOCHERINI;951;GRIFERIA;DBC1B
DUCHA 3 TEMPERATURAS KONTIKI;952;GRIFERIA;
DUCHA ACRILICA CROMO PLASTGRIFOS;953;GRIFERIA;2671
DUCHA CALENTADOR DIRIGIBLE 120V KONTIKI;954;GRIFERIA;K002
DUCHA GOLD BLANCA 120V SM SELECTOR BOCHERINI;955;GRIFERIA;SM-1301110
DUCHA GOLD SUPER BLANCA CON MINIDUCHA BOCHERINI;956;GRIFERIA;2101110
DUCHA GOLD SUPER BLANCA SIN MINIDUCHA BOCHERINI;957;GRIFERIA;SM-2101110
DUCHA LAVACABEZAS RACOR KONTIKI;958;GRIFERIA;
DUCHA LAVAPLATOS PLASTCA ROSCA PLASTGRIFOS;959;GRIFERIA;187
DUCHA MAXI ZENT BLANCA 120V BOCHERINI;960;GRIFERIA;1801110
DUCHA PLASTICA BLANCA RIOPLAST;961;GRIFERIA;
DUCHA PREMIUM ZENT BLANCA 110V BOCHERINI;962;GRIFERIA;1101110
DUCHA PREMIUM ZENT SILVER O COLORES BOCHERINI;963;GRIFERIA;1108110
DUCHA VICTORY BLANCA 120V (con mini ducha) BOCHERINI;965;GRIFERIA;1201110 35%
DUCHA VICTORY BLANCA 120V SIN MINIDUCHA BOCHERINI;967;GRIFERIA;SM-1201110
DUCHA VICTORY BLANCA DIRIGIBLE SLIM 120V BOCHERINI;966;GRIFERIA;1201110S
DUCHA VICTORY SALON DE BELLEZA BOCHERINI;964;GRIFERIA;1201110SB
DUPLICADO DE LLAVE PARTIDA;3183;PERFILES Y WINES;
DUPLICADO DE LLAVE 3005;970;CERRAJERIA Y SEGURIDAD;
DUPLICADO DE LLAVE MOTIVO;971;CERRAJERIA Y SEGURIDAD;
DUPLICADO DE LLAVE VEHICULO;968;CERRAJERIA Y SEGURIDAD;
FILTRO ECONOMIZADOR ABS CROMADO BOCHERINI;972;GRIFERIA;EPC
FILTRO ECONOMIZADOR METALICO  BOCHERINI;973;GRIFERIA;EMC
ELECTRODO LOZA;974;ELECTRICOS;
EMBOLO PARA ARBOL DE ENTRADA;3264;GRIFERIA;
EMBUDO PLASTICO 250ML;975;HERRAMIENTA MANUAL;11205
EMBUDO PLASTICO FLEXIBLE 500ML;976;HERRAMIENTA MANUAL;11207
"EMPAQUE AD DE 1""";977;GRIFERIA;BOLSA
EMPAQUE BASE LICUADORA OSTER;978;HOGAR Y COCINA;
EMPAQUE BASE LICUADORA SAMURAI;979;HOGAR Y COCINA;
"EMPAQUE CANASTILLA 2""";980;GRIFERIA;BOLSA
"EMPAQUE CANASTILLA 4"" LAVPLATOS";981;GRIFERIA;
EMPAQUE CANASTILLA GRICOL;982;GRIFERIA;BOLSA
EMPAQUE CONO DELGADO CISTERNA;983;GRIFERIA;BOLSA
EMPAQUE CONO GRUESO CISTERNA;984;GRIFERIA;BOLSA
EMPAQUE CONO GRUESO GRIVAL;985;GRIFERIA;
EMPAQUE GAS TAIWANES;986;GRIFERIA;
EMPAQUE KIT CUELLO GANZO;987;GRIFERIA;BOLSA
EMPAQUE KIT CUELLO GANZO GRIVAL;988;GRIFERIA;BOLSA
EMPAQUE KIT ESTOPERO;989;GRIFERIA;BOLSA
EMPAQUE KIT MONOCONTROL;990;GRIFERIA;BOLSA
"EMPAQUE LLAVE 1/2""";991;GRIFERIA;
"EMPAQUE LLAVE 3/4""";992;GRIFERIA;
"EMPAQUE LLAVE 3/8""";993;GRIFERIA;
EMPAQUE LLAVE 3/8 CONICO;994;GRIFERIA;
EMPAQUE LLAVE LAVAMANOS AD 1/2;995;GRIFERIA;BOLSA
DISPONIBLE;996;GRIFERIA;
EMPAQUE PESTAï¿½A LAVAMANOS;997;GRIFERIA;BOLSA
EMPAQUE PISTOLA NEGRO;998;PINTURAS Y DISOLVENTES;2509
EMPAQUE MANGUERA PARA RACOR  COLOR / NEGRO;999;GRIFERIA;
EMPAQUE PISTOLA SAGOLI;1000;PINTURAS Y DISOLVENTES;
"EMPAQUE SIFON 11/2"" INTEGRAL";1001;GRIFERIA;BOLSA
"EMPAQUE SIFON 11/4"" INTEGRAL";1002;GRIFERIA;BOLSA
EMPAQUE SIFON BOTELLA;1003;GRIFERIA;BOLSA
"EMULSION ASFALTICA 1/4""";1004;CONSTRUCCION;33267
EMULSION ASFALTICA 1G;1005;CONSTRUCCION;2278
EMULSION ASFALTICA 3.5 K SIKA;1006;CONSTRUCCION;12230
EMULSION ASFALTICA 5G CANECA;1007;CONSTRUCCION;
ENCENDEDOR BRIKE ELECTRONICO;1469;HERRAMIENTA ELECTRICA;
ENCENDEDOR BRIKE PIEDRA;3261;HERRAMIENTA ELECTRICA;
ENCENDEDOR CHISPERO MANUAL;1008;HERRAMIENTA MANUAL;19271
ENTREPAï¿½O METALICO SB10;1009;HERRAJES Y SOPORTES;
ENTREPAï¿½O PLASTICO 1/4 CAFE Y BLANCO;1010;HERRAJES Y SOPORTES;
ENTREPAï¿½O PLASTICO 3/16 CAFE Y BLANCO;1011;HERRAJES Y SOPORTES;
ENVASE NEGRO 1/32 PLASTICO;1013;PINTURAS Y DISOLVENTES;
ENVASE NEGRO 1/4 PLASTICO;1012;PINTURAS Y DISOLVENTES;
ENVASE NEGRO 1/8 PLASTICO;1014;PINTURAS Y DISOLVENTES;
EPOXIMIL SOLDADURA EN FRIO 98GM LOCTITE;1015;PEGANTES;20117
ESCALERA TIPO TIJERA 5 PELDAï¿½OS 0.11M3;3532;HERRAMIENTA MANUAL;16743
ESCOBA METALICA 22 DIENTES CURVA TRUPER;1016;HERRAMIENTA MANUAL;14322
ESCOBA VENECIA MANGO MADERA;3291;ASEO;
ESCOBILLAS  MEDIANAS;3328;TUBERIAS Y ACCESORIOS;UHRP12
ESCOBILLAS GRANDES;3327;PARTES Y REPUESTOS;
"ESCUADRA CANTONERA 2"" X 2""";3599;HERRAMIENTA ELECTRICA;41039
"ESCUADRA CANTONERA 3""X 3""";3600;HERRAMIENTA ELECTRICA;41041
"ESCUADRA CARPINTERO 10"" 25CM  TRUPER";1017;HERRAMIENTA MANUAL;14374
"ESCUADRA CARPINTERO 8"" 20CM TRUPER";1018;HERRAMIENTA MANUAL;14372
"ESCUADRA DE COMBINACION 12"" TRUPER";3541;HERRAMIENTA MANUAL;14380
ESCUADRA REFUERZO ZINC C14 1.1/4;1019;HERRAJES Y SOPORTES;12345
ESCUADRA REFUERZO ZINC C14 11/2;1023;HERRAJES Y SOPORTES;12346
"ESCUADRA REFUERZO ZINC C14 2""";3294;HERRAJES Y SOPORTES;12347
ESCUADRA REFUERZO ZINC C14 2.1/2;1020;HERRAJES Y SOPORTES;12348
ESCUADRA REFUERZO ZINC C14 3;1021;HERRAJES Y SOPORTES;12349
ESCUADRA REFUERZO ZINC C14 4;1022;HERRAJES Y SOPORTES;12350
ESCUADRA REFUERZO ZINC C16 1/2;3511;HERRAJES Y SOPORTES;43983
ESCUADRA REFUERZO ZINC C16 3/4;1024;HERRAJES Y SOPORTES;12344
LIBRE;1025;CERRAJERIA Y SEGURIDAD;
ESCUDO PLASTICO BLANCO;1026;GRIFERIA;
ESCUDO REGISTRO DUCHA TIPO G;1027;GRIFERIA;
ESMALTE ALUMINIO MEZCLA 1 GALON SUPER;1032;PINTURAS Y DISOLVENTES;99
ESMALTE ALUMINIO MEZCLA 1/2 G SUPER;1028;PINTURAS Y DISOLVENTES;99
ESMALTE ALUMINIO MEZCLA 1/32 G SUPER;1029;PINTURAS Y DISOLVENTES;99
ESMALTE ALUMINIO MEZCLA 1/4 G SUPER;1030;PINTURAS Y DISOLVENTES;99
ESMALTE ALUMINIO MEZCLA 1/8 G SUPER;1031;PINTURAS Y DISOLVENTES;99
ESMALTE BLANCO MATE 1 GALON SUPER;1037;PINTURAS Y DISOLVENTES;113
ESMALTE BLANCO MATE 1/2 G SUPER;1033;PINTURAS Y DISOLVENTES;113
ESMALTE BLANCO MATE 1/32 G SUPER;1034;PINTURAS Y DISOLVENTES;113
ESMALTE BLANCO MATE 1/4 G SUPER;1035;PINTURAS Y DISOLVENTES;113
ESMALTE BLANCO MATE 1/8 G SUPER;1036;PINTURAS Y DISOLVENTES;113
ESMALTE DOMESTICO BLANCO 1 GALON;2420;PINTURAS Y DISOLVENTES;10014381
ESMALTE DOMESTICO MATE SS BLANCO 1 GALON;1038;PINTURAS Y DISOLVENTES;10014429
ESMALTE DOMESTICO MATE SS NEGRO 1 GALON;3415;PINTURAS Y DISOLVENTES;100162772 30%
ESMALTE EXPERTO AMARILLO 1 GAL0N SUPER;1043;PINTURAS Y DISOLVENTES;306
ESMALTE EXPERTO AMARILLO 1/2 G SUPER;1039;PINTURAS Y DISOLVENTES;306
ESMALTE EXPERTO AMARILLO 1/32 G SUPER;1040;PINTURAS Y DISOLVENTES;306
ESMALTE EXPERTO AMARILLO 1/4 G SUPER;1041;PINTURAS Y DISOLVENTES;306
ESMALTE EXPERTO AMARILLO 1/8 G SUPER;1042;PINTURAS Y DISOLVENTES;306
ESMALTE EXPERTO AZUL 1 GALON SUPER;1048;PINTURAS Y DISOLVENTES;308
ESMALTE EXPERTO AZUL 1/2 G SUPER;1044;PINTURAS Y DISOLVENTES;308
ESMALTE EXPERTO AZUL 1/32 G SUPER;1045;PINTURAS Y DISOLVENTES;308
ESMALTE EXPERTO AZUL 1/4 G SUPER;1046;PINTURAS Y DISOLVENTES;308
ESMALTE EXPERTO AZUL 1/8 G SUPER;1047;PINTURAS Y DISOLVENTES;308
ESMALTE EXPERTO BLANCO 1 GALON SUPER;1053;PINTURAS Y DISOLVENTES;301
ESMALTE EXPERTO BLANCO 1/2 G SUPER;1049;PINTURAS Y DISOLVENTES;301
ESMALTE EXPERTO BLANCO 1/32 G SUPER;1050;PINTURAS Y DISOLVENTES;301
ESMALTE EXPERTO BLANCO 1/8 G SUPER;1052;PINTURAS Y DISOLVENTES;301
ESMALTE EXPERTO CAOBA 1 GALON SUPER;1058;PINTURAS Y DISOLVENTES;312
ESMALTE EXPERTO CAOBA 1/2 G SUPER;1054;PINTURAS Y DISOLVENTES;312
ESMALTE EXPERTO CAOBA 1/32 G SUPER;1055;PINTURAS Y DISOLVENTES;312
ESMALTE EXPERTO CAOBA 1/4 G SUPER;1056;PINTURAS Y DISOLVENTES;312
ESMALTE EXPERTO CAOBA 1/8 G SUPER;1057;PINTURAS Y DISOLVENTES;312
ESMALTE EXPERTO NARANJA 1 GALON SUPER;1063;PINTURAS Y DISOLVENTES;
ESMALTE EXPERTO NARANJA 1/2 G SUPER;1059;PINTURAS Y DISOLVENTES;
ESMALTE EXPERTO NARANJA 1/32 G SUPER;1060;PINTURAS Y DISOLVENTES;
ESMALTE EXPERTO NARANJA 1/4 G SUPER;1061;PINTURAS Y DISOLVENTES;
ESMALTE EXPERTO NARANJA 1/8 G SUPER;1062;PINTURAS Y DISOLVENTES;
ESMALTE EXPERTO NEGRO 1 GALON SUPER;1068;PINTURAS Y DISOLVENTES;304
ESMALTE EXPERTO NEGRO 1/2 G SUPER;1064;PINTURAS Y DISOLVENTES;304
ESMALTE EXPERTO NEGRO 1/32 G SUPER;1065;PINTURAS Y DISOLVENTES;304
ESMALTE EXPERTO NEGRO 1/4 G SUPER;1066;PINTURAS Y DISOLVENTES;304
ESMALTE EXPERTO NEGRO 1/8 G SUPER;1067;PINTURAS Y DISOLVENTES;304
ESMALTE EXPERTO ROJO 1 GALON SUPER;1073;PINTURAS Y DISOLVENTES;310
ESMALTE EXPERTO ROJO 1/2 G SUPER;1069;PINTURAS Y DISOLVENTES;310
ESMALTE EXPERTO ROJO 1/32 G SUPER;1070;PINTURAS Y DISOLVENTES;310
ESMALTE EXPERTO ROJO 1/4 G SUPER;1071;PINTURAS Y DISOLVENTES;310
ESMALTE EXPERTO ROJO 1/8 G SUPER;1072;PINTURAS Y DISOLVENTES;310
ESMALTE EXPERTO TABACO 1 GALON SUPER;1078;PINTURAS Y DISOLVENTES;318
ESMALTE EXPERTO TABACO 1/2 G SUPER;1074;PINTURAS Y DISOLVENTES;318
ESMALTE EXPERTO TABACO 1/32 G SUPER;1075;PINTURAS Y DISOLVENTES;318
ESMALTE EXPERTO TABACO 1/4 G SUPER;1076;PINTURAS Y DISOLVENTES;318
ESMALTE EXPERTO TABACO 1/8 G SUPER;1077;PINTURAS Y DISOLVENTES;318
ESMALTE EXPERTO VERDE PINO 1 GALON SUPER;1083;PINTURAS Y DISOLVENTES;314
ESMALTE EXPERTO VERDE PINO 1/2 G SUPER;1079;PINTURAS Y DISOLVENTES;314
ESMALTE EXPERTO VERDE PINO 1/32 G SUPER;1080;PINTURAS Y DISOLVENTES;314
ESMALTE EXPERTO VERDE PINO 1/4 G SUPER;1081;PINTURAS Y DISOLVENTES;314
ESMALTE EXPERTO VERDE PINO 1/8 G SUPER;1082;PINTURAS Y DISOLVENTES;314
ESMALTE DOMESTICO BLANCO 1 G PINTUCO;1088;PINTURAS Y DISOLVENTES;10344737
ESMALTE DOMESTICO BLANCO 1/2 G PINTUCO;1084;PINTURAS Y DISOLVENTES;10344737
ESMALTE DOMESTICO BLANCO 1/32 G PINTUCO;1085;PINTURAS Y DISOLVENTES;10344737
ESMALTE DOMESTICO BLANCO 1/4 G PINTUCO;1086;PINTURAS Y DISOLVENTES;10344737
ESMALTE DOMESTICO BLANCO 1/8 G PINTUCO;1087;PINTURAS Y DISOLVENTES;10344737
ESMALTE ICOMAX CAOBA 1 GALON PINTUCO;3433;PINTURAS Y DISOLVENTES;100137392
ESMALTE ICOMAX CAOBA 1/2 G PINTUCO;2422;PINTURAS Y DISOLVENTES;100137392
ESMALTE ICOMAX CAOBA 1/32 G PINTUCO;2442;PINTURAS Y DISOLVENTES;100137392
ESMALTE ICOMAX CAOBA 1/4 G PINTUCO;2458;PINTURAS Y DISOLVENTES;100137392
ESMALTE ICOMAX CAOBA 1/8 G PINTUCO;2813;PINTURAS Y DISOLVENTES;100137392
ESMALTE DOMESTICO NEGRO 12227 1 GALON PINTUCO;1093;PINTURAS Y DISOLVENTES;10344725
ESMALTE DOMESTICO NEGRO 12227 1/2 G PINTUCO;1089;PINTURAS Y DISOLVENTES;10344725
ESMALTE DOMESTICO NEGRO 12227 1/32 G PINTUCO;1090;PINTURAS Y DISOLVENTES;10344725
ESMALTE DOMESTICO NEGRO 12227 1/4 G PINTUCO;1091;PINTURAS Y DISOLVENTES;10344725
ESMALTE DOMESTICO NEGRO 12227 1/8 G PINTUCO;1092;PINTURAS Y DISOLVENTES;10344725
ESMALTE INDUSTRIAL NEGRO MATE 1 GALON SUPER;1103;PINTURAS Y DISOLVENTES;113
ESMALTE INDUSTRIAL NEGRO MATE 1/2 G SUPER;1099;PINTURAS Y DISOLVENTES;113
ESMALTE INDUSTRIAL NEGRO MATE 1/32 G SUPER;1100;PINTURAS Y DISOLVENTES;113
ESMALTE INDUSTRIAL NEGRO MATE 1/4 G SUPER;1101;PINTURAS Y DISOLVENTES;113
ESMALTE INDUSTRIAL NEGRO MATE 1/8 G SUPER;1102;PINTURAS Y DISOLVENTES;113
ESMALTE INDUSTRIAL VERDE PRIMAVERAL 1 GALON SUPER;1110;PINTURAS Y DISOLVENTES;231
ESMALTE INDUSTRIAL VERDE PRIMAVERAL 1/2 G SUPER;1106;PINTURAS Y DISOLVENTES;231
ESMALTE INDUSTRIAL VERDE PRIMAVERAL 1/32 G SUPER;1107;PINTURAS Y DISOLVENTES;231
ESMALTE INDUSTRIAL VERDE PRIMAVERAL 1/4 G SUPER;1108;PINTURAS Y DISOLVENTES;231
ESMALTE INDUSTRIAL VERDE PRIMAVERAL 1/8 G SUPER;1109;PINTURAS Y DISOLVENTES;231
ESMALTE INDUSTRIAL WENGUE 1 GALON SUPER;1098;PINTURAS Y DISOLVENTES;240
ESMALTE INDUSTRIAL WENGUE 1/2 G SUPER;1094;PINTURAS Y DISOLVENTES;240
ESMALTE INDUSTRIAL WENGUE 1/32 G SUPER;1095;PINTURAS Y DISOLVENTES;240
ESMALTE INDUSTRIAL WENGUE 1/4 G SUPER;1096;PINTURAS Y DISOLVENTES;240
ESMALTE INDUSTRIAL WENGUE 1/8 G SUPER;1097;PINTURAS Y DISOLVENTES;240
ESMALTE PINTULUX 3 EN 1 BLANCO 1 GALON PINTUCO;1105;PINTURAS Y DISOLVENTES;11402 30%
ESMALTE PINTULUX 3 EN 1 BLANCO PINTUCO 1/4;1104;PINTURAS Y DISOLVENTES;11102
"ESMERIL DE BANCO DE 5"" DE 1/16 HP PRETUL";3588;HERRAMIENTA ELECTRICA;29994
ESMERILADOR DE VALVULAS 75GR SINTECO;1111;LUBRICANTES;2655
"ESPATULA GERMANY ACERO INOX 3""GOYA";3195;HERRAMIENTA MANUAL;1473
"ESPATULA PLASTICA 2"" TRUPER";1112;HERRAMIENTA MANUAL;14443
ESPATULA PLASTICA GRANDE PORRAS;1113;HERRAMIENTA MANUAL;
ESPATULA PLASTICA PEQUEï¿½A PORRAS;1114;HERRAMIENTA MANUAL;
"ESPATULA PREMIER L.E 1"" GOYA";1115;HERRAMIENTA MANUAL;1463
"ESPATULA PREMIER L.E 11/2"" GOYA";1116;HERRAMIENTA MANUAL;1464
"ESPATULA PREMIER L.E 2"" GOYA";1117;HERRAMIENTA MANUAL;1465
"ESPATULA PREMIER L.E 21/2"" GOYA";1118;HERRAMIENTA MANUAL;1466
"ESPATULA PREMIER L.E 3"" GOYA";1119;HERRAMIENTA MANUAL;1467
"ESPATULA PREMIER L.E 4"" GOYA";1120;HERRAMIENTA MANUAL;1468
"ESPATULA PREMIER L.E 5"" GOYA";1121;HERRAMIENTA MANUAL;1469
"ESPATULA PREMIER L.E 6"" GOYA";1122;HERRAMIENTA MANUAL;1470
"ESPATULA TAPIZADORA 8"" TRUPER";1123;HERRAMIENTA MANUAL;14459
ESPEJO TESCOPICO DE INSPECCION TRUPER;3343;HERRAMIENTA MANUAL;14544
ESPONJA EN ALAMBRE MATRIX;3613;HOGAR Y COCINA;
ESPUMA EXPANSIVA 500ML CORNETA;1562;PINTURAS Y DISOLVENTES;44912
ESQUINERO PLASTICO BLANCO 2.3MT;1124;PERFILES Y WINES;ESB23
ESQUINERO PLASTICO CAFï¿½ 2.3MT;1125;PERFILES Y WINES;ESC23
ESTAï¿½O 100 GR CARRETE;1126;ELECTRICOS;
ESTAï¿½O BOLSITA;1127;ELECTRICOS;
SOLDADURA DE ESTAï¿½O TUBO;1128;ELECTRICOS;
ESTARTER UN;1129;ELECTRICOS;
ESTUCO PLASTICO 1/2G MAXI;1130;CONSTRUCCION;
ESTUCO PLASTICO 1/4G MAXI;1131;CONSTRUCCION;
ESTUCO PLASTICO 1/8G MAXI;1132;CONSTRUCCION;
ESTUCO PLASTICO 1G MAXI;1133;CONSTRUCCION;
ESTUCO PLASTICO BALDE 2.5G MAXI;1134;CONSTRUCCION;
ESTUCO PLASTICO CANECA 5G MAXI;1135;CONSTRUCCION;30%
ESTUCOMASTIC BLANCO 15 BALDE KGPINTUCO;3409;CONSTRUCCION;10388386
ESTUCOMASTIC BLANCO 1G 5K PINTUCO;1136;CONSTRUCCION;10359542
ESTUCOMASTIC BLANCO CANECA 27K PINTUCO;1137;CONSTRUCCION;10359541
EXTENSION 8 MTS 25ft DUPLEX OSBLACK/TITANIUM;1146;ELECTRICOS;
EXTENSION CON POLO 10MT;1138;ELECTRICOS;4042
EXTENSION CON POLO 2MT;1139;ELECTRICOS;3131
EXTENSION CON POLO 3MT;1140;ELECTRICOS;1988
EXTENSION CON POLO 5MT;1141;ELECTRICOS;
EXTENSION CON POLO 8MT;1142;ELECTRICOS;2555
EXTENSION FIBRA DE VIDRIO AMARILLA 1.80 - 3.60 MT;1147;HERRAMIENTA MANUAL;10369224
"EXTENSION PARA RACHET 5"" MANDO 1/2 TRUPER";1143;HERRAMIENTA MANUAL;13416  Fabricada en acero al cromo vanadio.Acabado pulido espejo resistente a la oxidaciï¿½n y de fï¿½cil limpieza.Medida marcada para fï¿½cil identificaciï¿½n.
"EXTENSION RATCHET 3/8 X 8"" TRUPER";3312;HERRAMIENTA MANUAL;13665
EXTENSOR DE ACERO PARA RODILLO 2M;1148;HERRAMIENTA MANUAL;10548
"FIBRO DISCO 41/2"" N 100";1149;ABRASIVOS Y CONSUMIBLES;
"FIBRO DISCO 41/2"" N 120";1150;ABRASIVOS Y CONSUMIBLES;
"FIBRO DISCO 41/2"" N 150";1151;ABRASIVOS Y CONSUMIBLES;
"FIBRO DISCO 41/2"" N 180";1152;ABRASIVOS Y CONSUMIBLES;
"FIBRO DISCO 41/2"" N 220";1153;ABRASIVOS Y CONSUMIBLES;
"FIBRO DISCO 41/2"" N 24";3284;ABRASIVOS Y CONSUMIBLES;THRO18D
"FIBRO DISCO 41/2"" N 320";1154;ABRASIVOS Y CONSUMIBLES;
"FIBRO DISCO 41/2"" N 36";3285;ABRASIVOS Y CONSUMIBLES;THRO18U
"FIBRO DISCO 41/2"" N 400";1155;ABRASIVOS Y CONSUMIBLES;
"FIBRO DISCO 41/2"" N 60";3286;ABRASIVOS Y CONSUMIBLES;
"FIBRO DISCO 41/2"" N 80";1156;ABRASIVOS Y CONSUMIBLES;
"FIBRO DISCO 7"" N 100";1157;ABRASIVOS Y CONSUMIBLES;
"FIBRO DISCO 7"" N 120";1158;ABRASIVOS Y CONSUMIBLES;
"FIBRO DISCO 7"" N 24";1159;ABRASIVOS Y CONSUMIBLES;
"FIBRO DISCO 7"" N 36";1160;ABRASIVOS Y CONSUMIBLES;
"FIBRO DISCO 7"" N 60";1161;ABRASIVOS Y CONSUMIBLES;
"FIBRO DISCO 7"" N 80";1162;ABRASIVOS Y CONSUMIBLES;
FIFTIN PARA ACOPLE RAPIDO;1163;PARTES Y REPUESTOS;
FIJATORNILLO FUERZA ALTA 10G UNIFIX;1164;PEGANTES;42501
FILTRO ESTANDAR LAVAMANOS USA;1165;GRIFERIA;
FILTRO GRIFERIA PLASTICO HEMBRA BOCHERINI;1166;GRIFERIA;5031
FILTRO GRIFERIA PLASTICO MACHO BOCHERINI;1167;GRIFERIA;5032
FILTRO LAVAPLATOS BORDE ANCHO;1168;GRIFERIA;
FILTRO LAVAPLATOS BORDE PEQUEï¿½O;1169;GRIFERIA;
"FILTRO LAVAPLATOS SECURITY 4""";1170;GRIFERIA;33320
"FILTRO LAVAPLATOS X 4""";1172;GRIFERIA;
FILTRO PURIFICADOR DE AGUA;1171;GRIFERIA;YW110
FISTO ABBA;1173;PARTES Y REPUESTOS;
FISTO CENTRALES;1174;PARTES Y REPUESTOS;
FISTO CHALLENGER;1175;PARTES Y REPUESTOS;
FISTO CHILENO LARGO;1176;PARTES Y REPUESTOS;
FISTO CONTINENTAL;1177;PARTES Y REPUESTOS;
FISTO HACEB CORTO;1178;PARTES Y REPUESTOS;
FISTO INDUSTRIAL;1;HOGAR Y COCINA;
FISTO MABE;1179;PARTES Y REPUESTOS;
FISTO SUECO;1180;PARTES Y REPUESTOS;
FISTO SUPERIOR;1181;PARTES Y REPUESTOS;
FISTO TROPICAL;1182;PARTES Y REPUESTOS;
"FLANCHE 1""";1183;GRIFERIA;
"FLANCHE PARA TANQUE 1/2""";1184;GRIFERIA;1632
FLEXOMETRO 3MT ECO;3422;HERRAMIENTA MANUAL;10013714
FLEXOMETRO 5MT ECO;3423;HERRAMIENTA MANUAL;
"FLEXOMETRO AMARILLO 3MT CINTA 1/2"" PRETUL";1185;HERRAMIENTA MANUAL;21605
"FLEXOMETRO AMARILLO 5MT CINTA 3/4"" PRETUL";1186;HERRAMIENTA MANUAL;21606
FLEXOMETRO FLEX 3 MT LUFKIN;1188;HERRAMIENTA MANUAL;34078
FLEXOMETRO FLEX 5 MT LUFKIN;1189;HERRAMIENTA MANUAL;34108
FLEXOMETRO TAURUS X 7.5M;3395;HERRAMIENTA MANUAL;VROM516
FONDO EXPERTO BLANCO 1 G SUPER;1194;PINTURAS Y DISOLVENTES;251
FONDO EXPERTO BLANCO 1/2 G SUPER;1190;PINTURAS Y DISOLVENTES;251
FONDO EXPERTO BLANCO 1/32 G SUPER;1191;PINTURAS Y DISOLVENTES;251
FONDO EXPERTO BLANCO 1/4 G SUPER;1192;PINTURAS Y DISOLVENTES;251
FONDO EXPERTO BLANCO 1/8 G SUPER;1193;PINTURAS Y DISOLVENTES;251
FONDO INDUSTRIAL NEGRO 1 GALON SUPER;1199;PINTURAS Y DISOLVENTES;251
FONDO INDUSTRIAL NEGRO 1/2 G SUPER;1195;PINTURAS Y DISOLVENTES;251
FONDO INDUSTRIAL NEGRO 1/32 G SUPER;1196;PINTURAS Y DISOLVENTES;251
FONDO INDUSTRIAL NEGRO 1/4 G SUPER;1197;PINTURAS Y DISOLVENTES;251
FONDO INDUSTRIAL NEGRO 1/8 G SUPER;1198;PINTURAS Y DISOLVENTES;251
"FORMON 1/4"" PRETUL";1200;HERRAMIENTA MANUAL;21650
"FORMON 5/8"" PRETUL";3187;HERRAMIENTA MANUAL;21659
FUMIGADOR 3L (0.8GAL) TRUPER;3597;HERRAMIENTA MANUAL;10835
FUMIGADOR DOMESTICO 2 LTS TRUPER;3601;HERRAMIENTA MANUAL;10235
FUSIBLE OLLA NEGRO;1201;HOGAR Y COCINA;
FUSIBLE OLLA PUNTO VERDE, ROJO, NARANJA PEQUEï¿½O;1202;HOGAR Y COCINA;
FUSIBLE TUBULAR 1-30 A;3281;ELECTRICOS;THRO12U
FUSIBLE VEHICULAR GRANDE;1203;ELECTRICOS;
FUSIBLE VEHICULAR PEQUEï¿½O;1204;ELECTRICOS;
GAFAS DE SEGURIDAD NEGRO PRETUL;1206;DOTACION INDUSTRIAL;20402
GAFAS DE SEGURIDAD PARA LASER;1207;DOTACION INDUSTRIAL;10757
GAFAS DE SEGURIDAD PRETUL;3676;DOTACION INDUSTRIAL;21538
GAFAS DE SEGURIDAD TRANSPARENTE PRETUL;1205;DOTACION INDUSTRIAL;20401
GAFAS DE SEGURIDAD VERDE FORTE;1208;DOTACION INDUSTRIAL;14282
GAFAS ELEMENT CLARA JACKSON;1209;DOTACION INDUSTRIAL;10351058
GAFAS PARA SOLDAR TRUPER;1210;DOTACION INDUSTRIAL;14282
GANCHO ADHESIVO AMARRE;1211;HERRAJES Y SOPORTES;
GANCHO ADHESIVO CUADRADO BLANCO;1212;HERRAJES Y SOPORTES;
GANCHO ADHESIVO GRANDE BLANCO;1213;HERRAJES Y SOPORTES;
GANCHO ADHESIVO MANGUERA LUCES;1215;HERRAJES Y SOPORTES;
GANCHO ADHESIVO MINI BLANCO;1217;HERRAJES Y SOPORTES;
GANCHO ADHESIVO PEQUEï¿½O BLANCO;1218;HERRAJES Y SOPORTES;
GANCHO ADHESIVO SUPERJUMBO BLANCO;1219;HERRAJES Y SOPORTES;
GANCHO ADHESIVO Uï¿½A PRESION;1220;HERRAJES Y SOPORTES;
GANCHO DE ROPA PLASTICO;3325;DOTACION INDUSTRIAL;
GANCHO PARA TEJA;1221;CONSTRUCCION;
SET 4 PIEZAS DE GANCHOS MULTIUSOS TRUPER;3341;HERRAMIENTA MANUAL;14210
GARRAFA PLASTICA DE SEGUNDA 5 GALONES;1223;PINTURAS Y DISOLVENTES;
GASTOP FUERZA MEDIA 10G UNIFIX;1224;PEGANTES;
GAVETA APILABLE DE PLASTICO 16.5X10.5X7.5 CM;3590;PARTES Y REPUESTOS;10889
GEL ANTIBACTERIAL CON ALCOHOL 500 ML;1225;HOGAR Y COCINA;
GEL ANTIBACTERIAL CON ALCOHOL 1000 ML;1226;HOGAR Y COCINA;
GOTA DE REPUESTO PARA NIVEL;1227;HERRAMIENTA MANUAL;17042
VARILLA GRAFIL 4MM X 1M;3683;CONSTRUCCION;
VARILLA GRAFIL 4MM X 6MT;3682;CONSTRUCCION;
GRAFITO GOTERO;2477;LUBRICANTES;
GRANITO BLANCO 21/2 1K;1230;CONSTRUCCION;FG1
GRANITO BLANCO 21/2 40K;1229;CONSTRUCCION;FGB
GRAPA CAMA GALVANIZADA X 4 VERA;1231;HERRAJES Y SOPORTES;13773
GRAPA COSEDORA PARA ET-21 5/16 TRUPER;3204;HERRAJES Y SOPORTES;17971
GRAPA LAVAMANOS PLASTICA PAR;1222;GRIFERIA;
GRAPA ZUNCHO  UN;1232;HERRAJES Y SOPORTES;
GRAPA ZUNCHO KILO;1233;HERRAJES Y SOPORTES;
GRAPA PLASTICA 1/2;1234;HERRAJES Y SOPORTES;1797
GRAPA PLASTICA 3/8;1235;HERRAJES Y SOPORTES;1690
GRAPA PLASTICA N6 CUADRADA;1236;HERRAJES Y SOPORTES;
GRAPA PLASTICA N6 REDONDA;1237;HERRAJES Y SOPORTES;
GRAPA PLASTICA N9 CUADRADA;1238;HERRAJES Y SOPORTES;
GRAPA PLASTICA N9 REDONDA;1239;HERRAJES Y SOPORTES;
"GRAPA TUBO GALVANIZADA 1/2"" DOBLE";1242;HERRAJES Y SOPORTES;
"GRAPA TUBO GALVANIZADA 1"" DOBLE";1240;HERRAJES Y SOPORTES;
"GRAPA TUBO GALVANIZADA 1"" SENCILLA";1241;HERRAJES Y SOPORTES;
"GRAPA TUBO GALVANIZADA 1/2"" SENCILLA";1243;HERRAJES Y SOPORTES;
"GRAPA TUBO GALVANIZADA 11/2"" DOBLE";1244;HERRAJES Y SOPORTES;
"GRAPA TUBO GALVANIZADA 11/2"" SENCILLA";1245;HERRAJES Y SOPORTES;
"GRAPA TUBO GALVANIZADA 2"" DOBLE";1246;HERRAJES Y SOPORTES;
"GRAPA TUBO GALVANIZADA 3"" DOBLE";1247;HERRAJES Y SOPORTES;
"GRAPA TUBO GALVANIZADA 3/4"" DOBLE";1248;HERRAJES Y SOPORTES;
"GRAPA TUBO GALVANIZADA 3/4"" SENCILLA";1249;HERRAJES Y SOPORTES;
"GRAPA TUBO GALVANIZADA 3/8"" DOBLE";1250;HERRAJES Y SOPORTES;
"GRAPA TUBO GALVANIZADA 3/8"" SENCILLA";1251;HERRAJES Y SOPORTES;
"GRAPA TUBO GALVANIZADA 4"" DOBLE";1252;HERRAJES Y SOPORTES;
GRAPADORA TIPO PISTOLA PRETUL;1253;HERRAMIENTA MANUAL;17977
GRASA MULTIUSO 300G;1254;LUBRICANTES;
GRASA MULTIUSO 450G TRUPER;1255;LUBRICANTES;12783
"GRATA CIRCULAR ALAMBRE FINO 2"" TALADRO TRUPER";1256;ABRASIVOS Y CONSUMIBLES;11574
"GRATA CIRCULAR ALAMBRE FINO 3"" TALADRO TRUPER";1257;ABRASIVOS Y CONSUMIBLES;11575
"GRATA COPA ALAMBRE GRUESO 3/4"" TALADRO TRUPER";1258;ABRASIVOS Y CONSUMIBLES;11593
"GRATA COPA ALAMBRE GRUESO TALADRO 1""- 3/4";3339;TUBERIAS Y ACCESORIOS;11571
"GRATA COPA ALAMBRE ONDULADO 3""X  5/8 TRUPER";1259;ABRASIVOS Y CONSUMIBLES;14182
"GRATA COPA ALAMBRE ONDULADO 3""X 14 MM TRUPER";1260;HERRAMIENTA MANUAL;14180
"GRATA COPA ALAMBRE ONDULADO 4""X 14 MM TRUPER";1261;HERRAMIENTA MANUAL;11532
"GRATA COPA ALAMBRE TRENZADO 3""X 14 MM TRUPER";1263;HERRAMIENTA MANUAL;14184
"GRATA COPA ALAMBRE TRENZADO 3""X 5/8 TRUPER";1264;HERRAMIENTA MANUAL;14186
"GRATA COPA ALAMBRE TRENZADO 4""X 14 MM TRUPER";1265;HERRAMIENTA MANUAL;14185
"GRATA COPA ALAMBRE TRENZADO 4""X 5/8 TRUPER";1266;HERRAMIENTA MANUAL;14187
GRATA MANGO AMARILLO;3387;HERRAMIENTA MANUAL;1688
GRATA MANGO MADERA;1267;ABRASIVOS Y CONSUMIBLES;
"GRATA ESMERIL ALAMBRE ONDULADO 6"" TRUPER";1268;HERRAMIENTA MANUAL;11520
"GRATA PULIDORA ALAMBRE TRENZADO 4"" TRUPER";1269;ABRASIVOS Y CONSUMIBLES;17527
GUANTE CAL 7/L NEGRO;1270;DOTACION INDUSTRIAL;5047
GUANTE CAL 7/M NEGRO;1271;DOTACION INDUSTRIAL;5046
GUANTE CAL 7/S NEGRO;1272;DOTACION INDUSTRIAL;5045
GUANTE CARNAZA CORTO REFORZADO;3412;DOTACION INDUSTRIAL;100137318
GUANTE LATEX NEGRO HGN 002 T M;1274;DOTACION INDUSTRIAL;
GUANTE LATEX NEGRO HGN 002 T S;1275;DOTACION INDUSTRIAL;
GUANTE HILAZA PEPAS;1276;DOTACION INDUSTRIAL;884
GUANTE INDUSTRIAL C 25 T10 FORTE;1277;DOTACION INDUSTRIAL;39795
GUANTE INGENIERO REFORZADO;1278;DOTACION INDUSTRIAL;
GUANTE INGENIERO SENCILLO;1279;DOTACION INDUSTRIAL;
GUANTE NITRILO TALLA 10;1280;DOTACION INDUSTRIAL;
GUANTE NITRILO TALLA 7;1281;DOTACION INDUSTRIAL;
GUANTE NITRILO TALLA 9;1283;DOTACION INDUSTRIAL;
GUANTE PROTEXION NITRILO T 9;1284;DOTACION INDUSTRIAL;43405
GUANTE SOLDADOR  AMARILO O ROJO TIPO KODIACK;3353;DOTACION INDUSTRIAL;
GUANTE CAUCHO TRITON CAL35 T10;1285;DOTACION INDUSTRIAL;4618
GUANTE CAUCHO TRITON CAL35 T7;1286;DOTACION INDUSTRIAL;4612
GUANTE CAUCHO TRITON CAL35 T 71/2;1287;DOTACION INDUSTRIAL;4613
GUANTE CAUCHO TRITON CAL35 T 8;1288;DOTACION INDUSTRIAL;4614
"GUANTE CAUCHO TRITON CAL35 T 81/2""";1289;DOTACION INDUSTRIAL;4615
GUANTE CARNAZA PARA ELECTRICISTA;1575;DOTACION INDUSTRIAL;14289
GUASA 3/16 UN;3151;TORNILLERIA;
GUASA 5/16 UN;3153;TORNILLERIA;
GUASA 7/16 UN;3154;TORNILLERIA;
GUAYA DE ACERO 7H 1/8 1 MT;1293;SOGAS Y CADENAS;44205
HACHA CAZADORA 11/4LB MANGO HICKORY TRUPER;3591;HERRAMIENTA MANUAL;14950
HERRAJE PARA 2 TACOS O BREAKER;1295;ELECTRICOS;1533
HERRAJE PARA 3 TACOS O BREAKER;1296;ELECTRICOS;1534
HILO GANAFULL O SOGA MARINA 13MM 1MT;1297;SOGAS Y CADENAS;31474
HILO GANAFULL O SOGA MARINA 8 1MT;3513;SOGAS Y CADENAS;
HILO PARA ALBAï¿½IL AMARILLO 165MT TRUPER;1298;CONSTRUCCION;14052
HILO PARA ALBAï¿½IL AZUL 165MT;1299;CONSTRUCCION;14057
HILO PARA ALBAï¿½IL BLANCO 165MT;1300;CONSTRUCCION;12989
HILO PARA ALBAï¿½IL NARANJA 165MT;1301;CONSTRUCCION;14061
HILO PARA ALBAï¿½IL ROJO 165MT;1302;CONSTRUCCION;14054
HILO PARA ALBAï¿½IL VERDE 165MT;1303;CONSTRUCCION;14060
HILO PARA GUADAï¿½A AMARILLO 3.3MM X1MT;3198;SOGAS Y CADENAS;17650
"HOMBRESOLO CURVO 7"" PRETUL";3346;HERRAMIENTA MANUAL;22701
"HOMBRESOLO RECTO 10"" PRETUL";1305;HERRAMIENTA MANUAL;22702
VINILO T3 ICOLATEX BLANCO 1 GALON PINTUCO;1306;PINTURAS Y DISOLVENTES;10013684 30%
VINILO T3 ICOLATEX BLANCO 1/2 G PINTUCO;1307;PINTURAS Y DISOLVENTES;10013684
VINILO T3 ICOLATEX BLANCO 1/32 G PINTUCO;1308;PINTURAS Y DISOLVENTES;10013684
VINILO T3 ICOLATEX BLANCO 1/4 G PINTUCO;1309;PINTURAS Y DISOLVENTES;10013684
VINILO T3 ICOLATEX BLANCO 1/8 G PINTUCO;1310;PINTURAS Y DISOLVENTES;10013684
VINILO T3 ICOLATEX BLANCO CANECA 5 G PINTUCO;1311;PINTURAS Y DISOLVENTES;10016257 20%
IMAN EXTENDIBLE FLEXIBLE CON LED 3.4 KG;2927;HERRAMIENTA MANUAL;15326
IMAN MONEDA 0;1320;PARTES Y REPUESTOS;
IMAN MONEDA 1;1321;PARTES Y REPUESTOS;
IMAN MONEDA 2;1322;PARTES Y REPUESTOS;
IMAN MONEDA 3;1323;PARTES Y REPUESTOS;
IMAN MONEDA 4;1324;PARTES Y REPUESTOS;
IMAN MONEDA 6;1325;PARTES Y REPUESTOS;
IMAN MONEDA 7;1326;PARTES Y REPUESTOS;
IMAN MONEDA 8;1327;PARTES Y REPUESTOS;
IMAN MONEDA 9;1328;PARTES Y REPUESTOS;
RACOR INSERTO RIEGO PVC 1/2 X 20 MM;1329;GRIFERIA;11153
INTERRUPTOR + TOMA P/T BLANCO DUOMO AVE;1336;ELECTRICOS;34279
INTERRUPTOR + TOMA BLANCA MERCURY;1330;ELECTRICOS;
INTERRUPTOR DE PASO CORREDERA AVE;1331;ELECTRICOS;266494
INTERRUPTOR DOBLE BLANCO DUOMO AVE;1332;ELECTRICOS;51123
INTERRUPTOR DOBLE BLANCO MERCURY;1333;ELECTRICOS;
INTERRUPTOR DOBLE CONMU BLANCO DUOMO AVE;1334;ELECTRICOS;35868
INTERRUPTOR PANTALLA Pï¿½A;1335;ELECTRICOS;272
INTERRUPTOR SENCILLO BLANCO DUOMO AVE;1337;ELECTRICOS;35035
INTERRUPTOR SENCILLO CONMUTABLE BLANCO DUOMO AVE;1339;ELECTRICOS;51185
INTERRUPTOR SENCILLO SOBREPONER BLANCO AVE;1340;ELECTRICOS;34255
INTERRUPTOR TRIPLE BLANCO DUOMO AVE;1341;ELECTRICOS;35691
INVECRYL 500 1 KILO SAPOLIN;1342;CONSTRUCCION;2126
INVECRYL 750 GRS SAPOLIN;2441;CONSTRUCCION;2125
INYECTOR DE GRASA 6000 PSI;3372;HERRAMIENTA MANUAL;14859
JABON PARA MANOS 500 ML;1343;ASEO;
JABON PARA MANOS GALON;1344;ASEO;
JABON PARA MANOS LITRO;1345;ASEO;
JABON REY 500 ML;1346;ASEO;
JABON REY GALON;1347;ASEO;
JABON REY LITRO;1348;ASEO;
LIBRE;3293;GRIFERIA;
JABONERA CROMADA PLASTGRIFOS;3678;HOGAR Y COCINA;
JUEGO DE 121 PIEZAS MOTORTOOL TRUPER;3598;HERRAMIENTA MANUAL;100757
JUEGO DE 10 LIMAS PARA JOYERO TRUPER;1349;HERRAMIENTA MANUAL;15239
JUEGO DE 3 MINICEPILLOS GRATA TRUPER;1350;HERRAMIENTA MANUAL;10652
JUEGO DE 3 PIEZAS SIERRAS PARA CERRADURA TRUPER;1351;HERRAMIENTA MANUAL;18080
JUEGO DE 5 SIERRA COPA ACERO AL CARBONO PRETUL;1352;HERRAMIENTA MANUAL;23550
JUEGO DE 6 DESTORNILLADORES JOYERO CLASICOS TRUPER;1353;HERRAMIENTA MANUAL;21382
JUEGO DE 7 LLAVES BRISTOL PULGADAS TIPO NAVAJA TRUPER;1354;HERRAMIENTA MANUAL;15560
JUEGO DE 8 COPAS METRICAS PRETUL;1355;HERRAMIENTA MANUAL;21185
JUEGO DE 8 COPAS PULGADAS PRETUL;1356;HERRAMIENTA MANUAL;21189
JUEGO DE 8 LLAVES BRISTOL LLAVERO METRICAS PRETUL;1357;HERRAMIENTA MANUAL;21851
JUEGO DE 8 LLAVES BRISTOL LLAVERO PULGADAS PRETUL;1358;HERRAMIENTA MANUAL;21850
JUEGO DE 7 LLAVES BRISTOL ACERO AL CROMO MILIMETRICA TRUPER;3314;HERRAMIENTA MANUAL;15530
JUEGO DE 7 LLAVES BRISTOL ACERO AL CROMO PULGADA TRUPER;3315;HERRAMIENTA MANUAL;15533
KIT DE 6 ACCESORIOS PARA BAï¿½O TOTAL;1359;GRIFERIA;83
JUEGO DE ACOPLES RAPIDO PRETUL;1360;HERRAMIENTA MANUAL;27020
JUEGO DE ACOPLES RAPIDO PRETUL;1361;HERRAMIENTA MANUAL;27021
JUEGO DE BISTURI CON ESTUCHE PRETUL;1362;HERRAMIENTA MANUAL;22409
JUEGO DE 6 BROCAS PARA MADERA TRUPER;1363;HERRAMIENTA MANUAL;11337
JUEGO DE 8 BROCAS PARA MADERA TRUPER;1894;ABRASIVOS Y CONSUMIBLES;11338
JUEGO DE DADOS CON PUNTAS Y MATRACA;1364;HERRAMIENTA MANUAL;24219
JUEGO DE 5 GRATAS ECO;3675;HERRAMIENTA MANUAL;
JUEGO DE 3 HERRAMIENTAS PARA JARDIN PRETUL;1365;HERRAMIENTA MANUAL;21709
JUEGO DE 5 LLAVES MIXTAS MM PRETUL;1366;HERRAMIENTA MANUAL;22001
JUEGO DE 7 LLAVES TORX CORTAS CON ORGANIZADOR TRUPER;1367;HERRAMIENTA MANUAL;15552
JUEGO DE 7 LLAVES TORX LARGAS CON ORGANIZADOR TRUPER;1368;HERRAMIENTA MANUAL;15553
JUEGO DE 21 HERRAMIENTAS MECANICO PRETUL;1369;HERRAMIENTA MANUAL;21162
JUEGO DE 25 HERRAMIENTAS MECANICO PRETUL;1370;HERRAMIENTA MANUAL;23974
JUEGO DE 10 PUNTAS EN PIEDRA MONTADAS TRUPER;1371;HERRAMIENTA MANUAL;12445
JUEGO DE 39 COPAS Y RATCHET PRETUL;1372;HERRAMIENTA MANUAL;24220
JUEGO DE 5 SEGUETAS PARA CALADORA METAL TRUPER;3317;HERRAMIENTA ELECTRICA;18139
"JUEGO DE 16 SEGUETAS PARA CALADORA ""T"" TRUPER";1373;HERRAMIENTA MANUAL;16705
"JUEGO DE 16 SEGUETAS PARA CALADORA ""U"" TRUPER";1375;HERRAMIENTA MANUAL;16129
JUEGO DE 3 CEPILLOS PARA TALADRO TRUPER;3592;HERRAMIENTA ELECTRICA;28152
JUEGO DE 32 DESTORNILLADORES PARA JOYERO TRUPER;3324;HERRAMIENTA MANUAL;14162
JUEGO DE 9 LLAVES MIXTAS STANLEY;1563;HERRAMIENTA MANUAL;945998
JUEGO DE 3 PIEZAS COPA PARA CERRADURA PRETUL;3336;HERRAMIENTA MANUAL;23549
KIT GRIFERIA SANITARIO FLUIDMASTER;1377;GRIFERIA;13496
KIT ESCOLAR PROYECTOS;1378;ELECTRICOS;
KIT VALVULA TANQUE FLOTADOR BRONCE DTURIN;1379;GRIFERIA;
KIT GRIFERIA SANITARIA COMPLETA ECO;1380;GRIFERIA;2459
KIT GRIFERIA SANITARIA COMPLETO ATLAS GRIVAL 26 CM;1381;GRIFERIA;25655
KIT GRIFERIA SANITARIA COMPLETA CROMADA BOCHERINI;1382;GRIFERIA;1970E
LACA ANTICORROSIVA GRIS AEROCOLOR 300 ML;1383;PINTURAS Y DISOLVENTES;10283244
LACA EXPERTO BLANCO 1 GALON SUPER;1388;PINTURAS Y DISOLVENTES;328
LACA EXPERTO BLANCO 1/2 G SUPER;1384;PINTURAS Y DISOLVENTES;328
LACA EXPERTO BLANCO 1/32 G SUPER;1385;PINTURAS Y DISOLVENTES;328
LACA EXPERTO BLANCO 1/4 G SUPER;1386;PINTURAS Y DISOLVENTES;328
LACA EXPERTO BLANCO 1/8 G SUPER;1387;PINTURAS Y DISOLVENTES;328
LACA EXPERTO NEGRO 1 GALON SUPER;1393;PINTURAS Y DISOLVENTES;330
LACA EXPERTO NEGRO 1/2 G SUPER;1389;PINTURAS Y DISOLVENTES;330
LACA EXPERTO NEGRO 1/32 G SUPER;1390;PINTURAS Y DISOLVENTES;330
LACA EXPERTO NEGRO 1/4 G SUPER;1391;PINTURAS Y DISOLVENTES;330
LACA EXPERTO NEGRO 1/8 G SUPER;1392;PINTURAS Y DISOLVENTES;330
LINTERNA RECARGABLE LED 30 LUM PRETUL;1394;ELECTRICOS;24090
LINTERNA REFLECTORA LED 145 LM PRETUL;1291;HOGAR Y COCINA;24091
LAPIZ FABERCASTELL Nï¿½ 2;3211;HERRAMIENTA MANUAL;
LAPIZ FABERCASTELL ROJO Nï¿½ 2;3212;HERRAMIENTA MANUAL;
LAVAPLATOS EN ACERO MESON VITAL BASIC 100x52 IZQUIERDO;3437;CONSTRUCCION;
LAVAPLATOS EN ACERO RADIANTE SUB 60x40;3438;CONSTRUCCION;
LED COLORES;1395;ELECTRICOS;
"LIJA DE AGUA 9"" X11"" #220 PREMIER";1315;ABRASIVOS Y CONSUMIBLES;IMCN3
"LIJA DE AGUA 9""X11"" #100 PREMIER";1396;ABRASIVOS Y CONSUMIBLES;
"LIJA DE AGUA 9""X11"" #120 PREMIER";1397;ABRASIVOS Y CONSUMIBLES;
"LIJA DE AGUA 9""X11"" #150 PREMIER";1398;ABRASIVOS Y CONSUMIBLES;C1LA0005
"LIJA DE AGUA 9""X11"" #180 PREMIER";1399;ABRASIVOS Y CONSUMIBLES;C1LA0006
"LIJA DE AGUA 9""X11"" #280 PREMIER";1400;ABRASIVOS Y CONSUMIBLES;
"LIJA DE AGUA 9""X11"" #320 PREMIER";1401;ABRASIVOS Y CONSUMIBLES;
"LIJA DE AGUA 9""X11"" #400 PREMIER";1402;ABRASIVOS Y CONSUMIBLES;
"LIJA DE AGUA 9""X11"" #60 PREMIER";1403;ABRASIVOS Y CONSUMIBLES;
"LIJA DE AGUA 9""X11"" #600 PREMIER";1404;ABRASIVOS Y CONSUMIBLES;
"LIJA DE AGUA 9""X11"" #80 PREMIER";1405;ABRASIVOS Y CONSUMIBLES;
"LIJA DE AGUA MICROFINA 9""X11"" #1000 PREMIER";1406;ABRASIVOS Y CONSUMIBLES;
"LIJA DE AGUA MICROFINA 9""X11"" #2000 PREMIER";1407;ABRASIVOS Y CONSUMIBLES;
"LIJA RED 9""X11"" #100 PREMIER";1408;ABRASIVOS Y CONSUMIBLES;
"LIJA RED 9""X11"" #1000 PREMIER";1409;ABRASIVOS Y CONSUMIBLES;
"LIJA RED 9""X11"" #120 PREMIER";1410;ABRASIVOS Y CONSUMIBLES;C1LS0003
"LIJA RED 9""X11"" #150 PREMIER";1411;ABRASIVOS Y CONSUMIBLES;
"LIJA RED 9""X11"" #180 PREMIER";1412;ABRASIVOS Y CONSUMIBLES;
"LIJA RED 9""X11"" #220 PREMIER";1413;ABRASIVOS Y CONSUMIBLES;C1LS0006
"LIJA RED 9""X11"" #240 PREMIER";1414;ABRASIVOS Y CONSUMIBLES;
"LIJA RED 9""X11"" #320 PREMIER";1415;ABRASIVOS Y CONSUMIBLES;
"LIJA RED 9""X11"" #400 PREMIER";1416;ABRASIVOS Y CONSUMIBLES;
"LIJA RED 9""X11"" #600 PREMIER";1417;ABRASIVOS Y CONSUMIBLES;
"LIJA RED 9""X11"" #80 PREMIER";1418;ABRASIVOS Y CONSUMIBLES;
"LIJA RED AZUL 9""X11"" #60 PREMIER";1419;ABRASIVOS Y CONSUMIBLES;
"LIJA TELA FLEXIBLE 4"" #100 1MT";1420;ABRASIVOS Y CONSUMIBLES;
"LIJA TELA FLEXIBLE 4"" #100 25CM";1421;ABRASIVOS Y CONSUMIBLES;
"LIJA TELA FLEXIBLE 4"" #100 50CM";1422;ABRASIVOS Y CONSUMIBLES;
"LIJA TELA FLEXIBLE 4"" #120 1MT";1423;ABRASIVOS Y CONSUMIBLES;
"LIJA TELA FLEXIBLE 4"" #120 25CM";1424;ABRASIVOS Y CONSUMIBLES;
"LIJA TELA FLEXIBLE 4"" #120 50CM";1425;ABRASIVOS Y CONSUMIBLES;
"LIJA TELA FLEXIBLE 4"" #150 1MT";1426;ABRASIVOS Y CONSUMIBLES;
"LIJA TELA FLEXIBLE 4"" #150 25CM";1427;ABRASIVOS Y CONSUMIBLES;
"LIJA TELA FLEXIBLE 4"" #150 50CM";1428;ABRASIVOS Y CONSUMIBLES;
"LIJA TELA FLEXIBLE 4"" #180 1MT";1429;ABRASIVOS Y CONSUMIBLES;
"LIJA TELA FLEXIBLE 4"" #180 25CM";1430;ABRASIVOS Y CONSUMIBLES;
"LIJA TELA FLEXIBLE 4"" #180 50CM";1431;ABRASIVOS Y CONSUMIBLES;
"LIJA TELA FLEXIBLE 4"" #220 1MT";1432;ABRASIVOS Y CONSUMIBLES;
"LIJA TELA FLEXIBLE 4"" #220 25CM";1433;ABRASIVOS Y CONSUMIBLES;
"LIJA TELA FLEXIBLE 4"" #220 50CM";1434;ABRASIVOS Y CONSUMIBLES;
"LIJA TELA FLEXIBLE 4"" #60 1MT";1435;ABRASIVOS Y CONSUMIBLES;
"LIJA TELA FLEXIBLE 4"" #60 25CM";1436;ABRASIVOS Y CONSUMIBLES;
"LIJA TELA FLEXIBLE 4"" #60 50CM";1437;ABRASIVOS Y CONSUMIBLES;
"LIJA TELA FLEXIBLE 4"" #80 1MT";1438;ABRASIVOS Y CONSUMIBLES;
"LIJA TELA FLEXIBLE 4"" #80 25CM";1439;ABRASIVOS Y CONSUMIBLES;
"LIJA TELA FLEXIBLE 4"" #80 50CM";1440;ABRASIVOS Y CONSUMIBLES;
LIJADORA MANUAL ECO;1443;HERRAMIENTA MANUAL;62
LIJADORA MANUAL EN MADERA;1442;GRIFERIA;
LIJADORA ORBITAL 1/4 HOJA 200 W PROFESIONAL TRUPER;1577;HERRAMIENTA ELECTRICA;23999
"LIMA 1/2 CAï¿½A BASTARDA 6"" MANGO TRUPER";1444;HERRAMIENTA MANUAL;15317
LIMA PARA JOYERO UNIDAD TRUPER;1445;HERRAMIENTA MANUAL;15239
"LIMA PLANA BASTARDA 6"" MANGO TRUPER";1446;HERRAMIENTA MANUAL;15309
"LIMA REDONDA BASTARDA 6"" MANGO TRUPER";1447;HERRAMIENTA MANUAL;15315
LIMA TRIANGULAR #6 COLIMA;3424;HERRAMIENTA MANUAL;
"LIMA TRIANGULAR PESADA 6"" MANGO TRUPER";1448;HERRAMIENTA MANUAL;15307
LIMPIADOR ELECTRONICO 200ML;1450;LUBRICANTES;
LIMPIADOR ELECTRONICO  4 0NZ 150ML  CRC;1449;DOTACION INDUSTRIAL;82370
LIMPIADOR PVC 1/128 ENAR;1451;PEGANTES;576
LIMPIADOR CPVC 1/128 GERFOR;1452;PEGANTES;
LIMPIADOR PVC 1/16 ENAR;1453;PEGANTES;
LIMPIADOR PVC 1/32 ENAR;1454;PEGANTES;1980
LIMPIADOR PVC 1/64 ENAR;1455;PEGANTES;2110
LIMPIADOR PVC 120 OZ ENAR;1456;PEGANTES;2110
LIMPIADOR PVC 56GM 1/64G PAVCO;1457;PEGANTES;11199
LINTERNA RECARGABLE  1 LED 100 LUMENES PRETUL;1459;HERRAMIENTA MANUAL;26075
LINTERNA RECARGABLE LED 10 LUMENS PRETUL;3429;ELECTRICOS;24088
"LLANA DE ESPUMA 9 1/2"" X 4"" LISA PRETUL";1460;HERRAMIENTA MANUAL;25074
LLANA DENTADA MANGO MADERA UDUKE;3417;HERRAMIENTA MANUAL;100162774
LLANA MADERA 24X19CM PINO;1462;HERRAMIENTA MANUAL;2833
LLANA MADERA BOCETO PINO;1463;HERRAMIENTA MANUAL;1204
LLANA LISA MANGO PLASTICA;1464;HERRAMIENTA MANUAL;1506
LLANA PLASTICA GRANDE NARANJA;1465;HERRAMIENTA MANUAL;1507
"LLAVE DE TUBO 10"" PRETUL";1466;HERRAMIENTA MANUAL;22011
"LLAVE DE TUBO 12"" PRETUL";1467;HERRAMIENTA MANUAL;22012
"LLAVE DE TUBO 14"" PRETUL";3200;HERRAMIENTA MANUAL;22013
"LLAVE DE TUBO 18"" PRETUL";1468;HERRAMIENTA MANUAL;22014
LLAVE DESTAPA CUï¿½ETE NARANJA;880;HERRAMIENTA MANUAL;1491
LLAVE EXPANSIVA #6 SEGURITY;3396;HERRAMIENTA MANUAL;
"LLAVE EXPANSIVA CROMADA 10"" PRETUL";1470;HERRAMIENTA MANUAL;21816
"LLAVE EXPANSIVA CROMADA 12"" PRETUL";1471;HERRAMIENTA MANUAL;21817
"LLAVE EXPANSIVA CROMADA 6"" PRETUL";1472;HERRAMIENTA MANUAL;21814
"LLAVE EXPANSIVA CROMADA 8"" PRETUL";1473;HERRAMIENTA MANUAL;21815
LLAVE FLEXIBLE MESON METALICA UNIFER;3385;GRIFERIA;
LLAVE FLEXIBLE PARED METALICA UNIFER;3386;GRIFERIA;
LLAVE JARDIN CROM 1/2 GRIVAL;1474;GRIFERIA;98635
LLAVE JARDIN EN CAJA LIVIANA PORRAS;1475;GRIFERIA;
LLAVE JARDIN EN CAJA PESDADA;1476;GRIFERIA;D1532
LLAVE JARDIN PVC INCERTO METALICO PCP;1477;GRIFERIA;
LLAVE JARDIN PVC BLANCA RIOPLAST;1478;GRIFERIA;RIO11221
"LLAVE JARDIN TERMINAL ABS 1/2"" PRETUL";1479;GRIFERIA;29030
LLAVE LAVADERO MANIJA TIPO PALANCA BOCHERINI;1480;GRIFERIA;YW045
LLAVE LAVAMANOS ABS MANIJA PALANCA BOCHERINI;1481;GRIFERIA;AG-S1051
LLAVE LAVAMANOS BRIZA + ACOPLE GRIVAL;1482;GRIFERIA;621
LLAVE LAVAMANOS CROMADA RIOPLAST;1483;GRIFERIA;11212
LLAVE LAVAMANOS CROMADA UNIFER;1484;GRIFERIA;
LLAVE LAVAMANOS MEZCLADOR BRIZA GRIVAL;3531;GRIFERIA;2165
LLAVE LAVAPLATOS ABS MANIJA CRUCETA BOCHERINI;1485;GRIFERIA;AG-S1006
LLAVE LAVAPLATOS CROMADA PALANCA BOCHERINI;1486;GRIFERIA;FA12106
LLAVE LAVAPLATOS MEZCLADOR DALIA + CANASTILLA GRIVAL;1487;GRIFERIA;9035
LLAVE LAVAPLATOS MEZCLADOR DALIA SIN CANASTILLA GRIVAL;1488;GRIFERIA;09035S
LLAVE LAVAPLATOS MEZCLADOR NOGAL GRIVAL;3530;GRIFERIA;57746
LLAVE LAVAPLATOS MOVIL PARED BOCHERINI;1489;GRIFERIA;JYN114
LLAVE LAVAPLATOS SENCILLA ANTIUS GERFOR;1490;GRIFERIA;20088
LLAVE LAVAPLATOS SENCILLA NOGAL GRIVAL;1491;GRIFERIA;57753
LLAVE LAVAPLATOS SENCILLA PARED BLANCA BOCCHERINI;1492;GRIFERIA;FA12164
LLAVE LAVAPLATOS MESON ABS BLANCA CRUCETA BOCHERINI;1493;GRIFERIA;YW009
LLAVE LAVAPLATOS MESON ABS CROMADA CRUCETA BOCHERINI;1494;GRIFERIA;YW008
LLAVE LAVAPLATOS MESON ABS MANIJA PALANCA BOCHERINI;1495;GRIFERIA;YW096
"LLAVE MIXTA 1/2"" X144MM PRETUL";1496;HERRAMIENTA MANUAL;21884
"LLAVE MIXTA 1/4"" X130MM PRETUL";1497;HERRAMIENTA MANUAL;21880
LLAVE MIXTA 10 MMX130MM PRETUL;1498;HERRAMIENTA MANUAL;21904
LLAVE MIXTA 11 MMX130MM PRETUL;1500;HERRAMIENTA MANUAL;21905
"LLAVE MIXTA 11/16"" X165MM PRETUL";1499;HERRAMIENTA MANUAL;21887
LLAVE MIXTA 12 MMX130MM PRETUL;1501;HERRAMIENTA MANUAL;21906
LLAVE MIXTA 14 MMX145MM PRETUL;1503;HERRAMIENTA MANUAL;21908
LLAVE MIXTA 15 MMX175MM PRETUL;1504;HERRAMIENTA MANUAL;21909
LLAVE MIXTA 16 MMX175MM PRETUL;1505;HERRAMIENTA MANUAL;21910
LLAVE MIXTA 17 MMX175MM PRETUL;1506;HERRAMIENTA MANUAL;21911
LLAVE MIXTA 18 MMX215MM PRETUL;1507;HERRAMIENTA MANUAL;21912
LLAVE MIXTA 19 MMX215MM PRETUL;1508;HERRAMIENTA MANUAL;21913
"LLAVE MIXTA 3/4"" X165MM PRETUL";1509;HERRAMIENTA MANUAL;21888
"LLAVE MIXTA 3/8"" X130MM PRETUL";1510;HERRAMIENTA MANUAL;21882
"LLAVE MIXTA 5/16"" X165MM PRETUL";1511;HERRAMIENTA MANUAL;21881
"LLAVE MIXTA 5/8"" X165MM PRETUL";1512;HERRAMIENTA MANUAL;21886
LLAVE MIXTA 6 MMX130MM PRETUL;1513;HERRAMIENTA MANUAL;21900
LLAVE MIXTA 7 MMX130MM PRETUL;1516;HERRAMIENTA MANUAL;21901
"LLAVE MIXTA 7/16"" X130MM PRETUL";1514;HERRAMIENTA MANUAL;21883
"LLAVE MIXTA 7/8"" X165MM PRETUL";1515;HERRAMIENTA MANUAL;21890
LLAVE MIXTA 8 MMX130MM PRETUL;1517;HERRAMIENTA MANUAL;21902
LLAVE MIXTA 9 MMX130MM PRETUL;1519;HERRAMIENTA MANUAL;21903
"LLAVE MIXTA 9/16"" X165MM PRETUL";1518;HERRAMIENTA MANUAL;21885
"LLAVE PARA MANDRIL DE 1/2"" PRETUL";1520;HERRAMIENTA MANUAL;27036
LLAVE PARA MANDRIL DE 3/8 PRETUL;3333;HERRAMIENTA MANUAL;27035
LLAVE PARA PLOMERO TRUPER;3337;HERRAMIENTA MANUAL;12874
LLAVE JARDIN DE BOLA 1/2 BRONCE GRINACA;1521;GRIFERIA;
LLAVE TERMINAL ANTIFRAUDE GRIVAL;1522;GRIFERIA;
LLAVERO ALPINISTA;1523;CERRAJERIA Y SEGURIDAD;LAG5
LLAVERO CADENA;3441;CERRAJERIA Y SEGURIDAD;
LLAVERO CUCHIFLI RESORTE COLORES;3342;CERRAJERIA Y SEGURIDAD;
LLAVERO DESTORNILLADOR Y DESTAPADOR;1524;CERRAJERIA Y SEGURIDAD;65015
LLAVERO FIGURITAS COLORES;3665;CERRAJERIA Y SEGURIDAD;
LLAVERO MARCADOR PARA LLAVES;3425;HERRAMIENTA MANUAL;
LLAVERO MULTIHERRAMIENTA 4 FUNCIONES;3208;HERRAMIENTA MANUAL;60060
LLAVERO SUPER HEROES;3666;CERRAJERIA Y SEGURIDAD;
LLAVERO TIPO HERRAMIENTA;1525;CERRAJERIA Y SEGURIDAD;13337
LLAVERO TIPO LINTERNA LED PILA LR41;1526;CERRAJERIA Y SEGURIDAD;26003
LLAVERO TIPO LLAVE EXPANSIVA;1527;CERRAJERIA Y SEGURIDAD;65005
LLAVERO TIPO MOSQUETON;1528;CERRAJERIA Y SEGURIDAD;65002
LONAS;3288;CONSTRUCCION;
LUBRICANTE 6 OZ CRC 180CC;1529;LUBRICANTES;81208
LUBRICANTE AFLOJATODO 110 ML TRUPER;1530;LUBRICANTES;13468
LUBRICANTE AFLOJATODO 235 ML TRUPER;1531;LUBRICANTES;13469
MACETA OCTOGONAL 4 LB TRUPER;1532;HERRAMIENTA MANUAL;16508
MACETA OCTOGONAL 2 LB TRUPER;1533;HERRAMIENTA MANUAL;16506
MACETA TIPO NEVADA 2 LB PRETUL;1534;HERRAMIENTA MANUAL;22215
MACETA TIPO NEVADA 4 LB PRETUL;1535;HERRAMIENTA MANUAL;22217
MACHO HEMBRA 3/8 X 1/2 BRONCE;1537;PARTES Y REPUESTOS;
MACHOS SEMICONICOS 1/4 TRUPER;1538;HERRAMIENTA MANUAL;11405
MACHOS SEMICONICOS 1/8 TRUPER;1539;HERRAMIENTA MANUAL;11415
MACHOS SEMICONICOS 3/16 TRUPER;1540;HERRAMIENTA MANUAL;11403
MACHOS SEMICONICOS 3/8 TRUPER;1541;HERRAMIENTA MANUAL;11409
MACHOS SEMICONICOS 5/16 TRUPER;1542;HERRAMIENTA MANUAL;11407
MACHOS SEMICONICOS 5/32 TRUPER;1543;HERRAMIENTA MANUAL;11417
MACHOS SEMICONICOS 7/16 TRUPER;3334;HERRAMIENTA MANUAL;11411
MALLA CON VENA 180X60CM;1544;PERFILES Y WINES;MLLV
MALLA GALLINERO 90CM METALICA 1MT AGROTEK;1545;CONSTRUCCION;10367834
MALLA GALLINERO 1.80 PLASTICA 1MT AGROTEK;1546;CONSTRUCCION;10401284
MALLA ZARANDA 90CM 4X4 (R30MT) 1M AGROTEK;1547;CONSTRUCCION;10392388
MANDRIL 1/2 CON LLAVE 1/2 -2;1548;HERRAMIENTA MANUAL;27038
"MANDRIL PARA SIERRA COPA 1/4""";1549;HERRAMIENTA MANUAL;18143
"MANDRIL PARA SIERRA COPA 3/8""";1550;HERRAMIENTA MANUAL;18144
MANGO ARTICULADO 13 MM PARA COPA;1551;HERRAMIENTA MANUAL;13661
"MANGO BERBIQUI 18"" PARA COPAS MANDO 1/2""";1552;HERRAMIENTA MANUAL;13430
MANGUERA AZUL PARA GAS PROPANO 1MT;1554;GRIFERIA;
"MANGUERA CAUCHO LONA 1""";1555;GRIFERIA;
"MANGUERA CAUCHO LONA 1/2""";1556;GRIFERIA;
"MANGUERA CAUCHO LONA 1/4""";1557;GRIFERIA;
"MANGUERA CAUCHO LONA 3/4""";1558;GRIFERIA;
"MANGUERA CAUCHO LONA 3/8""";1559;GRIFERIA;
"MANGUERA CAUCHO LONA 5/16""";1560;GRIFERIA;
"MANGUERA CAUCHO LONA 5/8""";1561;GRIFERIA;
MANGUERA DE GAS 1 MT;1564;GRIFERIA;
MANGUERA DE GAS 1.5 MT;1565;TUBERIAS Y ACCESORIOS;
MANGUERA DE GAS 2 MT;1566;TUBERIAS Y ACCESORIOS;
MANGUERA DE GAS 3 MT;1567;TUBERIAS Y ACCESORIOS;
"MANGUERA DE NIVEL 1/2"" 1MT";1568;GRIFERIA;19863
"MANGUERA DE NIVEL 1/4"" 1MT";1569;GRIFERIA;19860
"MANGUERA DE NIVEL 3/8"" 1MT";1570;GRIFERIA;19862
"MANGUERA DE NIVEL 5/16"" 1MT";1571;GRIFERIA;19861
MANGUERA FLEXIBLE CROMADA 1.5MT BOCCHERINI;1572;GRIFERIA;HG01
MANGUERA DE GAS FLEXOMETALICA 1 MT;3214;TUBERIAS Y ACCESORIOS;
MANGUERA DE GAS 1MT FOSET;1576;GRIFERIA;45015
MANGUERA LAVADORA DESAGUE 1.7MT;1579;TUBERIAS Y ACCESORIOS;
MANGUERA LAVADORA DESAGUE 2.5MT;1580;TUBERIAS Y ACCESORIOS;
MANGUERA LAVADORA ENTADA TER PLASTICA 2.40MT;1581;TUBERIAS Y ACCESORIOS;2968
MANGUERA LAVADORA ENTRADA TER PLï¿½STICA 1.5M;1584;TUBERIAS Y ACCESORIOS;
MANGUERA LAVADORA FLEX AZUL 1MT;1585;GRIFERIA;
"MANGUERA PARA AIRE REFORZADA 1/2"" 1MT";1586;GRIFERIA;19874
MANGUERA DE SALIDA 11/4 PARA LAVADORA X 1 MT;1587;TUBERIAS Y ACCESORIOS;514
MANGUERA SWAN 1MT;1589;TUBERIAS Y ACCESORIOS;
MANGUERA SWAN ROLLO 100MT;1588;TUBERIAS Y ACCESORIOS;
"MANGUERA TIPO RESORTE 1/4"" TRUPER";1553;HERRAMIENTA MANUAL;19075
MANIJA CISTERNA BLANCA RIOPLAST;1590;GRIFERIA;
MANIJA CISTERNA CRISTAL RIOPLAST;1591;GRIFERIA;33300
MANIJA CISTERNA CROMO RIOPLAST;1592;GRIFERIA;11308
MANIJA CISTERNA PUSH PLASTGRIFOS;1600;HERRAJES Y SOPORTES;
MANIJA CISTERNA CROMADA GRIVAL;1593;GRIFERIA;18411
MANIJA DECO PUNTO N 1;1594;HERRAJES Y SOPORTES;
MANIJA DECO ARCO N 1;1595;HERRAJES Y SOPORTES;
MANIJA DECO ARCO N2;1596;HERRAJES Y SOPORTES;
MANIJA DECO PUNTO N 2;1597;HERRAJES Y SOPORTES;
MANIJA OLLA EXPRESS;1598;HOGAR Y COCINA;
MANIJA PUSH UNIVERSALFRONTAL O LATERAL PLASTGRIFOS;1599;GRIFERIA;
MANIJA PARA TAPA DE OLLA EXPRESS;1601;HOGAR Y COCINA;
BOTON METALICO BICELADO PEQUEï¿½O;1602;HERRAJES Y SOPORTES;
MANIJA PARA VENTANA ALUMINIO PAR;1603;HERRAJES Y SOPORTES;
MANIJA PARA VENTANA BRAZO ROJO PAR;1604;CERRAJERIA Y SEGURIDAD;
MANITOS ESPEJO;1605;HERRAJES Y SOPORTES;
MARCADOR SHARPIE;3213;HERRAMIENTA MANUAL;
"MARCO DE SEGUETA CALADORA  6"" PRETUL";1606;HERRAMIENTA MANUAL;20000
"MARCO DE SEGUETA 12"" PRETUL";1608;HERRAMIENTA MANUAL;20017
MARCO DE SEGUETA CROMADO ECO;1607;HERRAMIENTA MANUAL;1818
MARIPOSA LLAVE 1/2 - 1/2 CUADRANTE;1609;GRIFERIA;
MARIPOSA LLAVE 1/2 CUADRANTE G;1610;GRIFERIA;
MARIPOSA LLAVE 1/2 CUADRANTE P;1611;GRIFERIA;
MARIPOSA LLAVE 1/2 ESTRIADA;1612;GRIFERIA;
MARIPOSA LLAVE 1/2 UNIVERSAL;1613;GRIFERIA;
MARRANITO ANTENA;1614;ELECTRICOS;
MARTILLO CABEZA CONICA FIBRA VIDRIO 27 MM;1615;HERRAMIENTA MANUAL;10851
MARTILLO CABEZA CONICA MADERA 18 MM;1616;HERRAMIENTA MANUAL;10554
MARTILLO CABEZA CONICA MADERA 27 MM;1618;HERRAMIENTA MANUAL;10560
MARTILLO MINI 10 OZ MANGO PRETUL;1619;HERRAMIENTA MANUAL;22291
MARTILLO PARA TERMINADOS 11 OZ;1620;HERRAMIENTA MANUAL;16870
MASILLA EXPERTO BLANCO 1 GALON SUPER;1626;PINTURAS Y DISOLVENTES;323
MASILLA EXPERTO BLANCO 1/2 G SUPER;1622;PINTURAS Y DISOLVENTES;323
MASILLA EXPERTO BLANCO 1/32 G SUPER;1623;PINTURAS Y DISOLVENTES;323
MASILLA EXPERTO BLANCO 1/4 G SUPER;1624;PINTURAS Y DISOLVENTES;323
MASILLA EXPERTO BLANCO 1/8 G SUPER;1625;PINTURAS Y DISOLVENTES;323
MASILLA RALLY DUREPOXY GRANDE;1627;PEGANTES;
MASILLA RALLY ORIGINAL GRANDE;1628;PEGANTES;
MASILLA RALLY DUREPOXY PEQUEï¿½A;1629;PEGANTES;
MASILLA PREMIUM 1/16 GL;3693;PINTURAS Y DISOLVENTES;
MASILLA PREMIUM 1/8 GL;3694;PINTURAS Y DISOLVENTES;
MASILLA ROJO URETAN 1 GALON SUPER;1635;PINTURAS Y DISOLVENTES;16
MASILLA ROJO URETAN 1/2 G SUPER;1631;PINTURAS Y DISOLVENTES;16
MASILLA ROJO URETAN 1/32 G SUPER;1632;PINTURAS Y DISOLVENTES;16
MASILLA ROJO URETAN 1/4 G SUPER;1633;PINTURAS Y DISOLVENTES;16
MASILLA ROJO URETAN 1/8 G S;1634;PINTURAS Y DISOLVENTES;16
MAZO MARTILLO DE GOMA 16 OZ PRETUL;1578;HERRAMIENTA MANUAL;16931
MAZO MARTILLO DE GOMA 24 OZ PRETUL;1636;HERRAMIENTA MANUAL;20567
MAZO MARTILLO DE GOMA 8 OZ PRETUL;1637;HERRAMIENTA MANUAL;20565
METALZINC 1/32 PARA TEJA;3189;CONSTRUCCION;
"LLAVE MEZCLADOR 8"" EN ABS MANIJA TIPO CRUCETA BOCHERINI";1638;GRIFERIA;FA80090B
"LLAVE MEZCLADOR 8"" EN ABS MANIJA TIPO PALANCA BOCHERINI";1639;GRIFERIA;FA80090A
REGISTRO MEZCLADOR DUCHA SIN REGADERA BRIZA GRIVAL;1640;GRIFERIA;50333
MINERAL EN CAJA AMARILLO 500G;1641;CONSTRUCCION;
MINERAL EN CAJA AZUL 500G;1642;CONSTRUCCION;2492
MINERAL EN CAJA NEGRO 500G;1643;CONSTRUCCION;1947
MINERAL EN CAJA ROJO 500G;1644;CONSTRUCCION;1589
MINERAL EN CAJA VERDE 500G;1645;CONSTRUCCION;1846
BOMBA PARA INFLAR BICICLETA MINI 85PSI TRUPER;1646;HERRAMIENTA MANUAL;11997
"BOMBA PARA INFLAR BALONES MINI 2"" PRETUL";1647;HERRAMIENTA MANUAL;21695
BOMBA PARA INFLAR MINI BICICLETA 60PSI;3216;HERRAMIENTA MANUAL;13790
"MARCO DE SEGUETA PLASTICO MINI 12"" PRETUL";1648;HERRAMIENTA MANUAL;20002
MIXTO (PIEDRA + ARENA DE RIO) 1 LONA;1649;CONSTRUCCION;
MIXTO (PIEDRA + ARENA DE RIO) 1 METRO;3533;CONSTRUCCION;
MIXTO (PIEDRA + ARENA DE RIO) 1/2 MT;3360;CONSTRUCCION;20333
MONOGAFAS DE SEGURIDAD AJUSTABLE NEGRA TRUPER;3384;DOTACION INDUSTRIAL;14213
MONOGAFAS TRANSPARENTE;1650;DOTACION INDUSTRIAL;
MORTERO X 40 K ARGOS;3691;CONSTRUCCION;
MORTERO X 5 K ARGOS;3418;CONSTRUCCION;100162778
MOSQUETON DE ACERO CON GANCHO SEG 1/2;3452;CERRAJERIA Y SEGURIDAD;44041
MOSQUETON DE ACERO CON GANCHO SEG 3/16;3449;CERRAJERIA Y SEGURIDAD;44037
MOSQUETON DE ACERO CON GANCHO SEG 3/8;3451;CERRAJERIA Y SEGURIDAD;44040
MOSQUETON DE ACERO CON GANCHO SEG 5/16;3450;CERRAJERIA Y SEGURIDAD;44039
MOSQUETON DE ACERO TUERCA DE SEGURIDAD 1/4;3446;CERRAJERIA Y SEGURIDAD;44022
MOSQUETON DE ACERO TUERCA DE SEGURIDAD 1/8;3445;CERRAJERIA Y SEGURIDAD;44020
MOSQUETON DE ACERO TUERCA DE SEGURIDAD 3/8;3448;CERRAJERIA Y SEGURIDAD;44024
MOSQUETON DE ACERO TUERCA DE SEGURIDAD 5/16;3447;CERRAJERIA Y SEGURIDAD;44023
"MOSQUETON DE ZINC 2""";1651;CERRAJERIA Y SEGURIDAD;44029
"MOSQUETON DE ZINC 21/2""";1652;CERRAJERIA Y SEGURIDAD;44030
"MOSQUETON DE ZINC 31/2""";1653;CERRAJERIA Y SEGURIDAD;44032
MOTOR ESCOLAR GRANDE;1655;ELECTRICOS;
MOTOR ESCOLAR PEQUEï¿½O;1656;ELECTRICOS;
MOTOR TOOL Y KIT DE 97 ACCESORIOS TRUPER;1657;HERRAMIENTA MANUAL;17449
MULTIEXTENSION 3 MT;1658;ELECTRICOS;
MULTIEXTENSION 5 MT;1659;ELECTRICOS;
MULTITESTER DIGITAL ESCOLAR TRUPER;1660;ELECTRICOS;10400  Instrumento de mediciï¿½n con cuerpo de ABS.Escala de circuito integrado con convertidor (alterna / directa) doble integrado como centro y protecciï¿½n contra sobrecargas.Funciones Prueba de diodo, transistor y continuidad audible.Uso escolar.
MULTITESTER DIGITAL PRORESIONAL AUTOMOTRIZ TRUPER;1661;ELECTRICOS;10403Instrumento de mediciï¿½n con cuerpo de ABS.Escala de circuito integrado con convertidor (alterna / directa) doble integrado como centro y protecciï¿½n contra sobrecargas.Funciones Prueba de diodo, continuidad audible, retenciï¿½n de datos (HOLD), true RMS y apagado automï¿½tico (APO)Uso automotriz.
MULTITESTER DIGITAL TRUPER;1662;ELECTRICOS;10401Instrumento de mediciï¿½n con cuerpo de ABS.Escala de circuito integrado con convertidor (alterna / directa) doble integrado como centro y protecciï¿½n contra sobrecargas.Funciones Prueba de diodo, transistor, continuidad audible y retenciï¿½n de datos (HOLD).Uso bï¿½sico.
MULTITOMA 3 SALIDAS;1663;ELECTRICOS;33148
MULTITOMA ECONOMICA 6S;1664;ELECTRICOS;
MULTITOMA FINA 6S OSBLACK;1665;ELECTRICOS;
MULTITOMA X6 PARED;1666;ELECTRICOS;
NIPLE PVC 1/2 ROSACADO;1667;TUBERIAS Y ACCESORIOS;14112
"NIPLE PVC 5 - 10 CM  1""";1668;TUBERIAS Y ACCESORIOS;
NIPLE PVC 5 - 10 CM  1/2;1669;TUBERIAS Y ACCESORIOS;
"NIPLE PVC 5 - 10 CM  11/2""";1670;TUBERIAS Y ACCESORIOS;
"NIPLE PVC 5 - 10 CM 11/4""";1671;TUBERIAS Y ACCESORIOS;
"NIPLE PVC 5 - 10 CM 2""";1672;TUBERIAS Y ACCESORIOS;
"NIPLE PVC 5 - 10 CM 3/4""";1673;TUBERIAS Y ACCESORIOS;
NIPLE DUCHA ABS BLANCO BOCHERINI;1674;GRIFERIA;NB-01
NIPLE DUCHA ALUMINIO CON TEFLON;1675;GRIFERIA;2796
"NIPLE GALVANIZADO KAUDAL 1/2 X1""";1676;TUBERIAS Y ACCESORIOS;29211
"NIPLE GALVANIZADO KAUDAL 1/2 X10""";1677;TUBERIAS Y ACCESORIOS;29217
"NIPLE GALVANIZADO KAUDAL 1/2 X11/2""";1678;TUBERIAS Y ACCESORIOS;29205
NIPLE DUCHA GALVANIZADO KAUDAL 1/2 X12;1679;TUBERIAS Y ACCESORIOS;29218
"NIPLE GALVANIZADO KAUDAL 1/2 X2""";1680;TUBERIAS Y ACCESORIOS;29207
"NIPLE GALVANIZADO KAUDAL 1/2 X31/2""";1682;TUBERIAS Y ACCESORIOS;29210
"NIPLE GALVANIZADO KAUDAL 1/2 X4""";1683;TUBERIAS Y ACCESORIOS;29214
"NIPLE GALVANIZADO KAUDAL 1/2 X5""";1684;TUBERIAS Y ACCESORIOS;29212
"NIPLE GALVANIZADO KAUDAL 1/2 X6""";1685;TUBERIAS Y ACCESORIOS;29213
"NIPLE GALVANIZADO KAUDAL 1/2 X7""";1686;TUBERIAS Y ACCESORIOS;29215
"NIPLE GALVANIZADO KAUDAL 1/2 X8""";1687;TUBERIAS Y ACCESORIOS;30129215
NIPLE GALVANIZADO KAUDAL 1/2 X9;1688;TUBERIAS Y ACCESORIOS;30129216
"NIPLE GALVANIZADO KAUDAL 1/2X 2""";1689;TUBERIAS Y ACCESORIOS;14372
"NIPLE GALVANIZADO KAUDAL 3/4X2""";3299;GRIFERIA;
"NIPLE GALVANIZADO KAUDAL 3/4X3""";3298;GRIFERIA;
"NIPLE GALVANIZADO KAUDAL 3/8X1""";3302;GRIFERIA;
"NIPLE GALVANIZADO KAUDAL 3/8X2""";3301;GRIFERIA;
"NIPLE GALVANIZADO KAUDAL 3/8X3""";3300;GRIFERIA;TUM14U
NIPLE MACHO - MACHO 1/4 ACERO PRETUL;3338;HERRAMIENTA MANUAL;27025
NIPLE MACHO - MACHO LATON 1/4 PRETUL;1690;TUBERIAS Y ACCESORIOS;19024
NIPLE DUCHA PLASTICO CON UNIVERSAL KONTIKI;1691;GRIFERIA;K052
"NIVEL 12"" PRETUL";1692;HERRAMIENTA MANUAL;22454
"NIVEL 14"" PRETUL";1693;HERRAMIENTA MANUAL;22456
"NIVEL 18"" PRETUL";1694;HERRAMIENTA MANUAL;22458
"NIVEL 24"" PRETUL";1695;HERRAMIENTA MANUAL;22460
NIVEL TORPEDO MAGNETICO ABS;1697;HERRAMIENTA MANUAL;11223
NIVEL TORPEDO PRETUL;1696;HERRAMIENTA MANUAL;22450
NO MAS CLAVOS 113 G PATTEX;1698;PEGANTES;50220 40%
NO MAS CLAVOS 353 G PATTEX;1699;PEGANTES;49453 40%
NYLON PESCADOR 40 LBS;1700;SOGAS Y CADENAS;
NYLON PESCADOR 50 LBS;1701;SOGAS Y CADENAS;
NYLON PESCADOR 60 LBS;1702;SOGAS Y CADENAS;
NYLON PESCADOR 70 LBS;1703;SOGAS Y CADENAS;
NYLON PESCADOR 80 LBS;1704;SOGAS Y CADENAS;
NYLON PESCADOR 90 LBS;1705;SOGAS Y CADENAS;
OJO MAGICO PUERTA;3426;CERRAJERIA Y SEGURIDAD;
OMEGAS;1706;PERFILES Y WINES;FO3 50%
ORRING 012;1707;PARTES Y REPUESTOS;
ORRING 010;1712;PARTES Y REPUESTOS;
ORRING 011;1713;PARTES Y REPUESTOS;
ORRING 110;1714;PARTES Y REPUESTOS;
ORRING 111;1715;PARTES Y REPUESTOS;
ORRING 112;1716;PARTES Y REPUESTOS;
ORRING 113;1717;PARTES Y REPUESTOS;
ORRING 114;1718;PARTES Y REPUESTOS;
ORRING 114;1719;PARTES Y REPUESTOS;
ORRING 115;1720;PARTES Y REPUESTOS;
ORRING 116;1721;PARTES Y REPUESTOS;
ORRING 210;1722;PARTES Y REPUESTOS;
ORRING 211;1723;PARTES Y REPUESTOS;
ORRING 212;1724;PARTES Y REPUESTOS;
ORRING 213;1725;PARTES Y REPUESTOS;
ORRING 214;1726;PARTES Y REPUESTOS;
ORRING 215;1727;PARTES Y REPUESTOS;
ORRING 216;1728;PARTES Y REPUESTOS;
ORRING 217;1729;PARTES Y REPUESTOS;
ORRING 218;1730;PARTES Y REPUESTOS;
ORRING 219;1731;PARTES Y REPUESTOS;
ORRING 220;1732;PARTES Y REPUESTOS;
ORRING 221;1733;PARTES Y REPUESTOS;
ORRING 222;1734;PARTES Y REPUESTOS;
ORRING 325;1735;PARTES Y REPUESTOS;
ORRING 326;1736;PARTES Y REPUESTOS;
ORRING 327;1737;PARTES Y REPUESTOS;
OVILLO HILO TODOTERRENO 3-1 3000M;1738;SOGAS Y CADENAS;8376
PALA JARDINERA CUADRADA TRUPER;3529;HERRAMIENTA MANUAL;17194
PALA CABEZA CUADRADA N2 TRUPER;1741;HERRAMIENTA MANUAL;19687
PALA CABEZA REDONDA N2 TRUPER;1742;HERRAMIENTA MANUAL;10601
PALA JARDINERA REDONDA TRUPER;3528;HERRAMIENTA MANUAL;17193
PALADRAGA ATLAS MANGO MADERA 45 TRUPER;1743;HERRAMIENTA MANUAL;11973
PALIN HOYADOR TRUPER;1744;HERRAMIENTA MANUAL;11380
PALUSTRE MANGO PLASTICO NO 6 UDUKE;1745;HERRAMIENTA MANUAL;
PALUSTRE MANGO PLASTICO NO 7 UDUKE;1746;HERRAMIENTA MANUAL;
PALUSTRE MANGO PLASTICO NO 8 UDUKE;1747;HERRAMIENTA MANUAL;
PALUSTRE MANGO PLASTICO NO 9 UDUKE;1748;HERRAMIENTA MANUAL;
PANEL LED 12W REDONDO INCRUSTAR;1749;ELECTRICOS;
PANEL LED 12W REDONDO SOBREPONER MERCURY;1750;ELECTRICOS;
PANEL LED 18W REDONDO INCRUSTAR;1751;ELECTRICOS;
PANEL LED 18W REDONDO SOBREPONER MERCURY;1752;ELECTRICOS;
PANEL LED 6W REDONDO INCRUSTAR MERCURY;1753;ELECTRICOS;
PANEL LED 6W REDONDO SOBREPONER MERCURY;1754;ELECTRICOS;
PANEL LED 9W REDONDO INCRUSTAR;1755;ELECTRICOS;
PARAL BASE 6;1757;PERFILES Y WINES;FPB6 50%
"PASADOR ALEMAN  2""";3413;CERRAJERIA Y SEGURIDAD;560
PASADOR ALEMAN 11/2;3268;CERRAJERIA Y SEGURIDAD;
PASADOR INDUMA LATONADO BLISTER 11/2 UN;3569;TORNILLERIA;
PASADOR PORTACANDADO 41/2 VERA;1758;CERRAJERIA Y SEGURIDAD;22509
PASADOR PORTACANDADO 5/8 GRANDE;1759;CERRAJERIA Y SEGURIDAD;
"PASADOR PORTACANDADO 1/2"" MEDIANO";1760;CERRAJERIA Y SEGURIDAD;
PASADOR PORTACANDADO PEQUEï¿½O 3/8;1761;CERRAJERIA Y SEGURIDAD;
PASTA PARA VIDRIO LIBRA;1762;GRIFERIA;864
PASTILLA DE CLOROX;3279;HOGAR Y COCINA;
PASTILLAS PATO LA ROKA;3611;HOGAR Y COCINA;
PEGA GAS PORRAS;1763;PEGANTES;
PEGACOR BLANCO X10K MAXIPEGA;1764;CONSTRUCCION;
PEGACOR GRIS X25K MAXIPEGA;1766;CONSTRUCCION;40%
PEGACOR GRIS X2K MAXIPEGA;1767;CONSTRUCCION;
PEGACOR GRIS X5K MAXIPEGA;1768;CONSTRUCCION;
PEGACOR PORCELANATO GRIS X25K MAXIPEGA;1769;CONSTRUCCION;
PEGANTE BOXER UNIVERSAL 1/2 BOTELLA GYD;1770;PEGANTES;
PEGANTE BOXER UNIVERSAL 120 CM GYD;1771;PEGANTES;
PEGANTE BOXER UNIVERSAL 60 CM GYD;1772;PEGANTES;
PEGANTE INSTANTANEO PEGADITH;1774;PEGANTES;1650
PERA SANITARIO;1775;GRIFERIA;
PERA TANQUE DE RESERVA PLAST GRIFOS;1776;GRIFERIA;2460
PERILLA INDUSTRIAL ESTUFA;1777;PARTES Y REPUESTOS;
PERILLA PLASTICA ESTUFA;1778;PARTES Y REPUESTOS;
PAPEL PERIODICO X 4 VUELTAS APROX 5MT;489;SOGAS Y CADENAS;
PAPEL PERIODICO X 1 VUELTA APROX METRO;700;SOGAS Y CADENAS;
PERRO 1/2;3393;TORNILLERIA;
PERRO 1/4;3390;TORNILLERIA;
PERRO 3/16;3389;TORNILLERIA;
PERRO 3/8;3392;TORNILLERIA;
PERRO 5/16;3391;TORNILLERIA;
PERRO 5/32;3388;TORNILLERIA;
PERRO 7/16;3383;TORNILLERIA;
PIE DE AMIGO PAR 10X12;1779;HOGAR Y COCINA;
PIE DE AMIGO PAR 12X14;1780;HOGAR Y COCINA;
PIE DE AMIGO PAR 4X5;1781;HOGAR Y COCINA;
PIE DE AMIGO PAR 5X6;1782;HOGAR Y COCINA;
PIE DE AMIGO PAR 6X8;1783;HOGAR Y COCINA;
PIE DE AMIGO PAR 8X10;1784;HOGAR Y COCINA;
PIE DE AMIGO REFORZADO 10X12 UNIDAD VERA;1785;HOGAR Y COCINA;23705
PIE DE AMIGO REFORZADO 3X4 UNIDAD VERA;1786;HOGAR Y COCINA;23622
PIE DE AMIGO REFORZADO 4X6 UNIDAD VERA;1787;HOGAR Y COCINA;23648
PIE DE AMIGO REFORZADO 6X8 UNIDAD VERA;1788;HOGAR Y COCINA;23663
PIE DE AMIGO REFORZADO 8X10 UNIDAD VERA;1789;HOGAR Y COCINA;23689
"PIEDRA PARA AFILAR 1"" TRUPER";1792;ABRASIVOS Y CONSUMIBLES;11667
PILA 9V ALKALINA ENERGIZER;1793;ELECTRICOS;
PILA AA UNIDAD TRONEX;1795;ELECTRICOS;
PILA AAA UNIDAD TRONEX;1796;ELECTRICOS;
PILA CR 1220 ALKALINA GP UNIDAD;1797;ELECTRICOS;
PILA CR 2016  ENERGIZER UNIDAD;1798;ELECTRICOS;
PILA CR 2016 LITHIUM GP UNIDAD;1799;ELECTRICOS;
PILA CR 2025 ENERGIZER UNIDAD;1800;ELECTRICOS;
PILA CR 2032 ENERGIZER UNIDAD;1801;ELECTRICOS;
PILA CR 2032 LITHIUM GP UNIDAD;1802;ELECTRICOS;
PILA LR 1130 GP UNIDAD;1803;ELECTRICOS;
PILA LR 44 GP UNIDAD;1804;ELECTRICOS;
PILA ROJA TIPO C BLISTER PAR TRONEX;3282;ELECTRICOS;THRO14D
PILA TIPO C UNIDAD PANASONIC;1805;ELECTRICOS;
PILA TIPO D UNIDAD EVEREADY;1807;ELECTRICOS;
PILAS AA PAR ALKALINA ENERGIZER;1808;ELECTRICOS;50%
PILAS AA PAR CARBON VARTA / EVEREADY;1809;ELECTRICOS;
PILAS AA PAR EVEREADY;1810;ELECTRICOS;50%
PILAS AA PAR RECARGABLES ENERGIZER;1811;ELECTRICOS;10393597
PILAS AAA PAR ALKALINA ENERGIZER;3347;ELECTRICOS;10392463
PILAS AAA PAR ALKALINA VARTA;1812;ELECTRICOS;
PILAS AAA PAR CARBON VARTA / EVEREADY;1813;ELECTRICOS;
PILAS AAA PAR EVEREADY;1814;ELECTRICOS;
PILAS TIPO D ENERGIZER PAR MAX;1806;ELECTRICOS;10392464  40%
PIN DE PASO PARA CARRO;3664;HERRAJES Y SOPORTES;
PINCEL N 1 REDONDO;3474;PINTURAS Y DISOLVENTES;145
PINCEL N 10 PLANO;3471;PINTURAS Y DISOLVENTES;153
PINCEL N 10 REDONDO;3483;PINTURAS Y DISOLVENTES;145
PINCEL N 11 PLANO;3472;PINTURAS Y DISOLVENTES;153
PINCEL N 11 REDONDO;3484;PINTURAS Y DISOLVENTES;145
PINCEL N 12 PLANO;3473;PINTURAS Y DISOLVENTES;153
PINCEL N 12 REDONDO;3485;PINTURAS Y DISOLVENTES;145
PINCEL N 2 REDONDO;3475;PINTURAS Y DISOLVENTES;145
PINCEL N 3 PLANO;3464;PINTURAS Y DISOLVENTES;145
PINCEL N 3 REDONDO;3476;PINTURAS Y DISOLVENTES;145
PINCEL N 4 PLANO;3465;PINTURAS Y DISOLVENTES;145
PINCEL N 4 REDONDO;3477;PINTURAS Y DISOLVENTES;145
PINCEL N 5 PLANO;3466;PINTURAS Y DISOLVENTES;145
PINCEL N 5 REDONDO;3478;PINTURAS Y DISOLVENTES;145
PINCEL N 6 PLANO;3467;PINTURAS Y DISOLVENTES;145
PINCEL N 6 REDONDO;3479;PINTURAS Y DISOLVENTES;145
PINCEL N 7 PLANO;3468;PINTURAS Y DISOLVENTES;145
PINCEL N 7 REDONDO;3480;PINTURAS Y DISOLVENTES;145
PINCEL N 8 PLANO;3469;PINTURAS Y DISOLVENTES;153
PINCEL N 8 REDONDO;3481;PINTURAS Y DISOLVENTES;145
PINCEL N 9 PLANO;3470;PINTURAS Y DISOLVENTES;153
PINCEL N 9 REDONDO;3482;PINTURAS Y DISOLVENTES;145
PINTUCO FILL 7 ANTIHONGOS GRIS 2753 1/2G;1815;CONSTRUCCION;103844441
PINTUCO FILL 7 ANTIHONGOS GRIS 2753 1/32;1816;CONSTRUCCION;103844441
PINTUCO FILL 7 ANTIHONGOS GRIS 2753 1/4G;1817;CONSTRUCCION;103844441
PINTUCO FILL 7 ANTIHONGOS GRIS 2753 1/8G;1818;CONSTRUCCION;103844441
PINTUCO FILL 7 ANTIHONGOS GRIS 2753 11 KG BALDE;1819;CONSTRUCCION;103844441
PINTUCO FILL 7 ANTIHONGOS GRIS 2753 1G;1820;CONSTRUCCION;103844441
PINTUCO FILL 7 ANTIHONGOS GRIS 2753 20 KG CANECA;3570;CONSTRUCCION;FYB25
PINTURA EN SPRAY TRANSPARENTE BRILLANTE 400ML PINTE;3505;PINTURAS Y DISOLVENTES;8847
PINTURA ACRILICA ALTA ASCEPSIA 1 GALON PINTUCO;1821;PINTURAS Y DISOLVENTES;10012970
PINTURA EN SPRAY ALTA TEMPERATURA AEROCOLOR;3603;PINTURAS Y DISOLVENTES;
PINTURA EN SPRAY GRIS ANTICORROSIVA AEROCOLOR;74;PINTURAS Y DISOLVENTES;44030
PINTURA EN SPRAY METALIZADO BRONCE PINTE;1822;PINTURAS Y DISOLVENTES;15009
PINTURA EN SPRAY NEGRO MATE 400ML PINTE;1319;ABRASIVOS Y CONSUMIBLES;8843
PINTUTRAFICO AMARILLO 1 G PINTUCO;1828;PINTURAS Y DISOLVENTES;10012970
PINTUTRAFICO AMARILLO 1/2 G PINTUCO;1824;PINTURAS Y DISOLVENTES;10012970
PINTUTRAFICO AMARILLO 1/32 G PINTUCO;1825;PINTURAS Y DISOLVENTES;10012970
PINTUTRAFICO AMARILLO 1/4 G PINTUCO;1826;PINTURAS Y DISOLVENTES;10012970
PINTUTRAFICO AMARILLO 1/8 G PINTUCO;1827;PINTURAS Y DISOLVENTES;10012970
PINTUTRAFICO BLANCO 1 GALON PINTUCO;1833;PINTURAS Y DISOLVENTES;10012971
PINTUTRAFICO BLANCO 1/2 G PINTUCO;1829;PINTURAS Y DISOLVENTES;10012971
PINTUTRAFICO BLANCO 1/32 G PINTUCO;1830;PINTURAS Y DISOLVENTES;10012971
PINTUTRAFICO BLANCO 1/4 G PINTUCO;1831;PINTURAS Y DISOLVENTES;10012971
PINTUTRAFICO BLANCO 1/8 G PINTUCO;1832;PINTURAS Y DISOLVENTES;10012971
PINZAS PARA TIERRA 300 A PRETUL;1834;HERRAMIENTA MANUAL;24234
PINZAS PARA TIERRA 300 A TRUPER;1835;HERRAMIENTA MANUAL;14234
PINZAS PARA TIERRA 500 A PRETUL;1836;HERRAMIENTA MANUAL;24235
PINZAS PARA TIERRA 500 A TRUPER;1837;HERRAMIENTA MANUAL;14235
PINZAS PORTA ELECTRODO 300 A PRETUL;1838;HERRAMIENTA MANUAL;24232
PINZAS PORTA ELECTRODO 300 A TRUPER;1839;HERRAMIENTA MANUAL;14232
PINZAS PORTA ELECTRODO 500 A PRETUL;1840;HERRAMIENTA MANUAL;24233
PINZAS PORTA ELECTRODO 500 A TRUPER;1841;HERRAMIENTA MANUAL;14233
PIPA GAS NATURAL MANGUERA LIVIANA;1842;PARTES Y REPUESTOS;
PIPA GAS NATURAL MANGUERA PESADA;1843;PARTES Y REPUESTOS;
PIPA GAS PROPANO ROSCA;1844;PARTES Y REPUESTOS;
PIRLAN ALUMINIO CROMADO 1MT;1845;PERFILES Y WINES;0.5
PIRLAN ALUMINIO CROMADO TIRA X6MT;1846;PERFILES Y WINES;0.4
PISTOLA CALEFATEO LISA PRETUL;1848;HERRAMIENTA MANUAL;22800
PISTOLA DE CALOR PROFESIONAL 1500 W TRUPER;3461;HERRAMIENTA ELECTRICA;17279
"PISTOLA DE SILICONA 4"" X 1/2"" TRUPER";1849;HERRAMIENTA ELECTRICA;17536
"PISTOLA DE SILICONA 4"" X 5/16 TRUPER";1850;HERRAMIENTA ELECTRICA;17535
PISTOLA METALICA PARA SOPLETEAR;1851;HERRAMIENTA MANUAL;19023
PISTOLA PARA LIMPIEZA DE MOTORES;1856;HERRAMIENTA MANUAL;19236
PISTOLA PARA PINTAR BAJA PRESION NARANJA TRUPER;1852;HERRAMIENTA MANUAL;19510
PISTOLA PARA PINTAR GRAVEDAD VASO ALUMINIO 1.7MM;1853;HERRAMIENTA MANUAL;13061
PISTOLA PARA PINTAR SUCCION VASO ALUM 1.8MM;1854;HERRAMIENTA MANUAL;14087
PISTOLA PLASTICA RIEGO 2 FUNCIONES TRUPER;1858;GRIFERIA;18480
PISTOLA PLASTICA RIEGO 2 FUNCIONES PRETUL;1857;GRIFERIA;22753
PISTOLA PLASTICA RIEGO 5 FUNCIONES PRETUL;1895;HERRAMIENTA MANUAL;22765
PISTOLA RETOQUE GRAVEDAD VASO ALUMINIO 0.5MM TRUPER;1855;HERRAMIENTA MANUAL;11098
PISTOLA DE SILICONA GRANDE ORIGINAL GLOBY;1859;HERRAMIENTA ELECTRICA;
PISTOLA DE SILICONA PEQUEï¿½A ORIGINAL GLOBY;1860;HERRAMIENTA ELECTRICA;
PITA O PIOLA SUPERIOR  CONO #6 (COMETA);3354;SOGAS Y CADENAS;
PITA X 1MT;3166;HERRAMIENTA ELECTRICA;
PITA X MADEJA;3167;HERRAMIENTA ELECTRICA;
PITO DE OLLA EXPRESS IMUSA;3497;HOGAR Y COCINA;100162422
PITO OLLA CORONA;1861;HOGAR Y COCINA;401
PITO OLLA UNIVERSAL;1862;HOGAR Y COCINA;401
PLAFON ABIERTO 3/4 CAFE;1863;HERRAJES Y SOPORTES;
PLAFON ABIERTO 3/4 DORADO;1864;HERRAJES Y SOPORTES;
PLAFON ABIERTO 3/4 PLATEADO;1865;HERRAJES Y SOPORTES;
PLAFON ABIERTO 5/8 CAFE;1866;HERRAJES Y SOPORTES;
PLAFON ABIERTO 5/8 DORADO;1867;HERRAJES Y SOPORTES;
PLAFON ABIERTO 5/8 PLATEADO;1868;HERRAJES Y SOPORTES;
PLAFON CERRADO 3/4 CAFE;1869;HERRAJES Y SOPORTES;
PLAFON CERRADO 3/4 DORADO;1870;HERRAJES Y SOPORTES;
PLAFON CERRADO 3/4 PLATEADO;1871;HERRAJES Y SOPORTES;
PLAFON CERRADO 5/8 CAFE;1872;HERRAJES Y SOPORTES;
PLAFON CERRADO 5/8 DORADO;1873;HERRAJES Y SOPORTES;
PLAFON CERRADO 5/8 PLATEADO;1874;HERRAJES Y SOPORTES;
PLASTICO O POLIETILENO TRANSPARENTE 2 MT X 1 MT;1903;CONSTRUCCION;
PLATINA EN T ALUMINIO 3/4 1M;1875;PERFILES Y WINES;5590
PLATINA EN T ALUMINIO 3/4 TIRA X6MT;1876;PERFILES Y WINES;5590
"PLATINA DE 5""";1877;HERRAJES Y SOPORTES;
PLATINA RANURADA 3/4 ALUM 1M;1878;PERFILES Y WINES;791673
PLATINA RANURADA 3/4 ALUM TIRA 3MT;1879;PERFILES Y WINES;791673
PLOMADA GRANDE;3594;HERRAMIENTA MANUAL;
PLOMADA PEQUEï¿½A;3595;HERRAMIENTA MANUAL;
PLUG ESTEREO - MONO PEQUEï¿½O;3401;ELECTRICOS;
PLUG METALICO 1/4 GRANDE;3400;ELECTRICOS;
PLUG RCA NEGRO O ROJO UNIDAD;3402;ELECTRICOS;
PLUG RJ11 1 LADO PONCHADO;1881;ELECTRICOS;4085
PLUG RJ45 1 LADO PONCHADO;1883;ELECTRICOS;4086
PLUG RJ45 2 LADO PONCHADO;1884;ELECTRICOS;4087
PLUG TERMINAL RJ11;1880;ELECTRICOS;4085
PLUG TERMINAL RJ45;1882;ELECTRICOS;4085
POLEAS Y PIï¿½ONES PARA PROYECTOS UNIDAD;3610;HERRAMIENTA MANUAL;
"POLICHADORA 10"" 110W PRETUL";1458;HERRAMIENTA ELECTRICA;26400
PLASTICO O POLIETILENO NEGRO 3M X 1MT;1885;CONSTRUCCION;308
POMA CUADRANTE;1886;GRIFERIA;
POMA ESTRIADA PRISMA;1887;GRIFERIA;
POMA ESTRIADA URANO;1888;GRIFERIA;
POMA MEZCLADOR AQUARIUS GERFOR;3207;GRIFERIA;526
POMA UNIVERSAL PRISMA;1889;GRIFERIA;
POMA UNIVERSAL URANO;1890;GRIFERIA;
POMADA LA UNICA GRANDE;1892;ELECTRICOS;
POMADA PARA SOLDAR PEQUEï¿½A;1891;ELECTRICOS;
POMO PARA POLICHADORA PRETUL;1893;HERRAMIENTA MANUAL;16709
PONCHO UNITALLA PRETUL;1896;DOTACION INDUSTRIAL;21541
PORTA FUSIBLE TUBULAR;1898;ELECTRICOS;
PORTA PILA 9V;1899;ELECTRICOS;
PORTA PILA AA;1900;ELECTRICOS;
PORTA ROLLO BLANCO RIOPLAST;1901;GRIFERIA;
"PORTACANDADO 11/2"" INDUMA";3571;TORNILLERIA;
"PORTACANDADO 2"" INDUMA";3572;TORNILLERIA;
"PORTACANDADO 41/2"" INDUMA";3573;TORNILLERIA;
PORTACANDADO AJUSTABLE 41/2 VERA;1902;CERRAJERIA Y SEGURIDAD;
PORTAFUSILE COLOR;1904;ELECTRICOS;
PORTALAMPARA SOCKET BI PIN GU5 HALOGENO;1905;ELECTRICOS;
PORTALAMPARA CON CLAVIJA;1906;ELECTRICOS;
PORTALAMPARA CORREDERA PASADOR;1907;ELECTRICOS;
PORTALAMPARA DE CAUCHO CODELCA;1909;ELECTRICOS;
PORTALAMPARA DE CAUCHO ECO;1910;ELECTRICOS;
SOLDADURA EN FRIO POXITANKE BLANCO 85 G;1913;PEGANTES;42497
SOLDADURA EN FRIO POXITANKE METï¿½LICO 85 G;1914;PEGANTES;42498
SOLDADURA EN FRIO POXITANKE NEGRO 85 G;1915;PEGANTES;42500
"PRENSA DE BANCO 6"" HIERRO,PRETUL";3596;HERRAMIENTA MANUAL;26043
PRENSA EN C DE HIERRO PRETUL;1916;HERRAMIENTA MANUAL;27200
"PRISIONEROS 1/4""";1917;TORNILLERIA;
"PRISIONEROS 3/16""";1918;TORNILLERIA;
"PRISIONEROS 5/16""";1919;TORNILLERIA;
CARETA PROTECTOR FACIAL TRUPER;3344;DOTACION INDUSTRIAL;14221
PROTOBOARD WV 100;1920;ELECTRICOS;
PULIDORA 1/2 DWE 4010 DEWALT;1924;HERRAMIENTA ELECTRICA;10353279
"PULIDORA ANGULAR 4-1/2"" 500W PRETUL";1922;HERRAMIENTA ELECTRICA;21355
"PULIDORA ANGULAR 4-1/2"" PROFESIONAL 700W PRETUL";1921;HERRAMIENTA ELECTRICA;24035
"PULIDORA ANGULAR 4-1/2"" PROFESIONAL 800 W TRUPER";1923;HERRAMIENTA ELECTRICA;18156 - 16683
PULPO 1.5 MT;3615;SOGAS Y CADENAS;
PULSADOR REDONDO MINI;1925;ELECTRICOS;24
PULSADOR REDONDO GRANDE;1926;ELECTRICOS;285
PULSADOR TIMBRE SENCILLO DUOMO BLANCO AVE;1927;ELECTRICOS;83984
PUNTA  ESTRELLA X ESTRELLA;3410;HERRAMIENTA MANUAL;100137318
PUNTA ESTRELLA PARA DRYWALL;3456;HERRAMIENTA MANUAL;26110
PUNTA PALA Y ESTRELLA;3322;HERRAMIENTA MANUAL;
PUNTERO DE HIERRO;1930;HERRAMIENTA MANUAL;2113
"PUNTILLA CON CABEZA 1"" X 500 GM CABALLO";2598BCA;TORNILLERIA;734
"PUNTILLA CON CABEZA 1"" X 400 GM";2598CA;TORNILLERIA;729
PUNTILLA CON CABEZA 11/2 X 400 GM;2599CA;TORNILLERIA;726
"PUNTILLA CON CABEZA 11/2""  UN";2599;TORNILLERIA;726
"PUNTILLA CON CABEZA 2""  UN";3196;TORNILLERIA;1016
PUNTILLA CON CABEZA 21/2 X 400 GM;3089CA;TORNILLERIA;2887
"PUNTILLA CON CABEZA 21/2""  UN";3089;TORNILLERIA;2887
PUNTILLA CON CABEZA 3 X 400 GM;3420CA;TORNILLERIA;2297
"PUNTILLA CON CABEZA 3"" UN";3420;TORNILLERIA;2297
"PUNTILLA CON CABEZA 3/4"" CABALLO";3316CAB;TORNILLERIA;741
"PUNTILLA CON CABEZA 3/4"" UN";3316;TORNILLERIA;741
PUNTILLA CON CABEZA 31/2 X 400 GM;3377CA;TORNILLERIA;725
"PUNTILLA CON CABEZA 31/2"" UN";3377;TORNILLERIA;725
PUNTILLA CON CABEZA 4 X 400 GM;3487CA4;TORNILLERIA;
PUNTILLA CON CABEZA 4 X 800 GM;3487CA8;TORNILLERIA;731
"PUNTILLA CON CABEZA 4""  UN";3487;TORNILLERIA;731
PUNTILLA CON CABEZA 5 X 400 GM;3498CA4;TORNILLERIA;
PUNTILLA CON CABEZA 5 X 800 GM CORSAN;3498CA8;TORNILLERIA;10013661
"PUNTILLA CON CABEZA 5"" UN";3498;TORNILLERIA;
PUNTILLA CON CABEZA 6 X 800 GM CORSAN;3503CA8;TORNILLERIA;10015213
"PUNTILLA CON CABEZA 6"" CABALLO";3503CAB;HERRAJES Y SOPORTES;2165
"PUNTILLA CON CABEZA 6"" UN";3503;HERRAJES Y SOPORTES;2165
"PUNTILLA SIN CABEZA 1"" X 500G CABALLO";3504CA;TORNILLERIA;743
"PUNTILLA SIN CABEZA 1"" CABALLO UN";3504;TORNILLERIA;743
"PUNTILLA SIN CABEZA 3/4"" CABALLO";3509CA;TORNILLERIA;
"PUNTILLA SIN CABEZA 3/4"" CABALLO UN";3509;TORNILLERIA;
PUNZON PARA BARRENAR;3188;HERRAMIENTA MANUAL;12222
PVA 1/4 ENAR;1944;CONSTRUCCION;187
PVA 1 GALON  ENAR;1945;CONSTRUCCION;
QUITA MANCHAS GOTERO PEQUEï¿½O;1946;ASEO;
QUITA OXIDO GOTERO PEQUEï¿½O;1947;ASEO;
QUITA TINTAS GOTERO PEQUEï¿½O;1948;ASEO;
RACOR 3 ROSCAS;1949;PARTES Y REPUESTOS;
RACOR BRONCE PARA MANGUERA KAUDAL;1950;GRIFERIA;50
RACOR MACHO 3/8 GAS;1951;TUBERIAS Y ACCESORIOS;
RACOR PIPA GAS PROPANO LIVIANO;1952;TUBERIAS Y ACCESORIOS;16461
RACOR PIPA GAS PROPANO PESADO;1953;TUBERIAS Y ACCESORIOS;1647
RACOR PIPA MACHO (NATURAL);1954;TUBERIAS Y ACCESORIOS;
RACOR PLASTICO PARA MANGUERA;1955;TUBERIAS Y ACCESORIOS;
RAFIA MILENIO 10 MM 3/8 X 1MT;1957;SOGAS Y CADENAS;10240159
RAFIA MILENIO 13 MM 1/2 (200) 1MT;1956;SOGAS Y CADENAS;1756
RAFIA MILENIO 6 MM 1/4 (500) 1MT;1959;SOGAS Y CADENAS;1770
RAFIA MILENIO 8 MM 5/16 X 1MT;1958;SOGAS Y CADENAS;10240161
RASPADOR DE PINTURA;3186;HERRAMIENTA MANUAL;16951
RASPADOR DE PINTURA MINI;3527;PINTURAS Y DISOLVENTES;FYB25
RATCHET CABEZA REDONDA MANDO 3/8 PRETUL;3454;HERRAMIENTA MANUAL;21160
RATCHET LIBERACION RAPIDA 1/2 PRETUL;1960;HERRAMIENTA MANUAL;21150
"RATCHET TRIPLE MANDO 1/4""- 3/8""- 1/2"" TRUPER";1961;HERRAMIENTA MANUAL;13649
REFLECTOR LED 10W KALLEY;1962;ELECTRICOS;89143
REFLECTOR LED 30W KALLEY;1963;ELECTRICOS;89150
"DUCHA REGADERA CUADRADA 8"" ACERO INOXIDABLE SATINADA";3185;GRIFERIA;YW128
"DUCHA REGADERA REDONDA 6"" EN ACERO INOX";3677;GRIFERIA;YW393
"DUCHA REGADERA REDONDA ABS CROMO 8"" BOCHERINI";1964;GRIFERIA;723C
"DUCHA REGADERA REDONDA ACERO INOX 4"" BOCHERINI";1965;GRIFERIA;YW002
"DUCHA REGADERA REDONDA ACERO INOX 8"" BOCHERINI";1966;GRIFERIA;YW004
VALVULA BOLA 1/2  VERONI;1968;TUBERIAS Y ACCESORIOS;24371
VALVULA BOLA 1/4 VERONI;1967;GRIFERIA;33170
VALVULA BOLA LATON 3/4 PN 40 VERONI;1969;TUBERIAS Y ACCESORIOS;25162
VALVULA BOLA 3/8 VERONI;1970;TUBERIAS Y ACCESORIOS;2516
REGISTRO DUCHA BRIZA GRIVAL;1971;GRIFERIA;669
REGISTRO DUCHA GELF-PESADO UDUKE;1972;GRIFERIA;
REGISTRO DUCHA PLUS GERFOR;1974;GRIFERIA;12762
REGISTRO DUCHA POMA CROMADA ARTESA GRIVAL;1973;GRIFERIA;89992
VALVULA GAS GRINACA;1975;GRIFERIA;
VALVULA GAS PESADO CROMADO KAUDAL;1976;GRIFERIA;D1431
VALVULA GAS T/P BRONCE;1977;TUBERIAS Y ACCESORIOS;33218
REGLETA CALIBRADOR DE TUERCAS Y TORNILLOS 22CM TRUPER;3462;HERRAMIENTA MANUAL;10811
REGLETA N 30 CADA 4 TORNILLOS;1978;ELECTRICOS;2746
REGLETA N 40 CADA 4 TORNILLOS;1979;ELECTRICOS;274
REGULADOR PARA GAS TAIWANES;1980;TUBERIAS Y ACCESORIOS;
"REJILLA REPUESTO ALUMINIO 11/2""";1981;GRIFERIA;
"REJILLA REPUESTO ALUMINIO 2""";1982;GRIFERIA;
"REJILLA REPUESTO ALUMINIO 3""";1983;GRIFERIA;
"REJILLA REPUESTO ALUMINIO 4""";1984;GRIFERIA;
"REJILLA REPUESTO PVC 11/2""";1985;GRIFERIA;
"REJILLA REPUESTO PVC 2""";1986;GRIFERIA;
"REJILLA REPUESTO PVC 3""";1987;GRIFERIA;
"REJILLA REPUESTO PVC 4""";1988;GRIFERIA;
"REJILLA REPUESTO PVC 5""";1989;GRIFERIA;
REJILLA SIFON PVC 3X11/2;1990;GRIFERIA;
REJILLA SIFON PVC 3X2;1991;GRIFERIA;
REJILLA SIFON PVC 4X3;1992;GRIFERIA;
REJILLA SOSCO ALUMINIO 3X11/2;1993;GRIFERIA;
REJILLA SOSCO ALUMINIO 3X2;1994;GRIFERIA;
REJILLA SOSCO ALUMINIO 4X3;1995;GRIFERIA;
REJILLA SOSCO PVC 3X11/2 RIOPLAST;1996;GRIFERIA;12009
REJILLA SOSCO PVC 3X2 RIOPLAST;1997;GRIFERIA;12012
REJILLA SOSCO PVC 4X3 RIOPLAST;1998;GRIFERIA;12018
REJILLA VENTILACION 15X15;1999;GRIFERIA;
REJILLA VENTILACION 20X20;2000;GRIFERIA;
REJILLA VENTILACION PERCIANA 15X15 RIOPLAST GAS;2001;GRIFERIA;
REJILLA VENTILACION PERCIANA 20X20 RIOPLAST GAS;2002;GRIFERIA;12315
"REMACHADORA 10"" PRETUL";2003;HERRAMIENTA MANUAL;22850
REMACHADORA 3 BOCAS STANLEY;2004;HERRAMIENTA MANUAL;44660
REMACHADORA DE FUELLE TRUPER;1292;HERRAMIENTA MANUAL;17962
REMACHE MEJICANO 6 - 12 U;3574;TORNILLERIA;
REMACHE MEJICANO 6 - 14 U;3575;TORNILLERIA;
REMACHE MEJICANO 6 - 10 U;3576;TORNILLERIA;
REMACHE MEJICANO 6 - 8 U;3577;TORNILLERIA;
REMACHE POP 4-10 1/8 X 5/8 50;2009C;TORNILLERIA;
REMACHE POP 4-10 1/8 X 5/8 500 U CAJA;2009CA;TORNILLERIA;
REMACHE POP 4-10 1/8 X 5/8 DOC;2009D;TORNILLERIA;
REMACHE POP 4-10 1/8 X 5/8 UN;2009;TORNILLERIA;
REMACHE POP 4-2 1/8 X 1/4 50;2013C;TORNILLERIA;
REMACHE POP 4-2 1/8 X 1/4 500U CAJA;2013CA;TORNILLERIA;
REMACHE POP 4-2 1/8 X 1/4 DOC;2013D;TORNILLERIA;
REMACHE POP 4-2 1/8 X 1/4 UN;2013;TORNILLERIA;
REMACHE POP 4-4 1/8 X 3/8 50;2017C;TORNILLERIA;
REMACHE POP 4-4 1/8 X 3/8 500U CAJA;2017CA;TORNILLERIA;
REMACHE POP 4-4 1/8 X 3/8 DOC;2017D;TORNILLERIA;
REMACHE POP 4-4 1/8 X 3/8 UN;2017;TORNILLERIA;
REMACHE POP 4-6 1/8 X 1/2 50;2021C;TORNILLERIA;
REMACHE POP 4-6 1/8 X 1/2 500U CAJA;2021CA;TORNILLERIA;
REMACHE POP 4-6 1/8 X 1/2 DOC;2021D;TORNILLERIA;
REMACHE POP 4-6 1/8 X 1/2 UN;2021;TORNILLERIA;
REMACHE POP 4-8 1/8 X 5/8 50;2025C;TORNILLERIA;
REMACHE POP 4-8 1/8 X 5/8 500U CAJA;2025CA;TORNILLERIA;
REMACHE POP 4-8 1/8 X 5/8 DOC;2025D;TORNILLERIA;
REMACHE POP 4-8 1/8 X 5/8 UN;2025;TORNILLERIA;
REMACHE POP 5-10 5/32 X 3/4 50;2029C;TORNILLERIA;
REMACHE POP 5-10 5/32 X 3/4 500U CAJA;2029CA;TORNILLERIA;
REMACHE POP 5-10 5/32 X 3/4 DOC;2029D;TORNILLERIA;
REMACHE POP 5-10 5/32 X 3/4 UN;2029;TORNILLERIA;
REMACHE POP 5-2 5/32 X 1/4 50;2033C;TORNILLERIA;
REMACHE POP 5-2 5/32 X 1/4 500U CAJA;2033CA;TORNILLERIA;
REMACHE POP 5-2 5/32 X 1/4 DOC;2033D;TORNILLERIA;
REMACHE POP 5-2 5/32 X 1/4 UN;2033;TORNILLERIA;
REMACHE POP 5-4 5/32 X 3/8 50;2037C;TORNILLERIA;
REMACHE POP 5-4 5/32 X 3/8 CAJA;2037CA;TORNILLERIA;
REMACHE POP 5-4 5/32 X 3/8 DOC;2037D;TORNILLERIA;
REMACHE POP 5-4 5/32 X 3/8 UN;2037;TORNILLERIA;
REMACHE POP 5-6 5/32 X 1/2 50;2041C;TORNILLERIA;
REMACHE POP 5-6 5/32 X 1/2 500U CAJA;2041CA;TORNILLERIA;
REMACHE POP 5-6 5/32 X 1/2 DOC;2041D;TORNILLERIA;
REMACHE POP 5-6 5/32 X 1/2 UN;2041;TORNILLERIA;
REMACHE POP 5-8 5/32 X 5/8 50;2045C;TORNILLERIA;
REMACHE POP 5-8 5/32 X 5/8 CAJA;2045CA;TORNILLERIA;
REMACHE POP 5-8 5/32 X 5/8 DOC;2045D;TORNILLERIA;
REMACHE POP 5-8 5/32 X 5/8 UN;2045;TORNILLERIA;
REMACHE POP 6-10 3/16 X 3/4 50;2049C;TORNILLERIA;
REMACHE POP 6-10 3/16 X 3/4 250U CAJA;2049CA;TORNILLERIA;
REMACHE POP 6-10 3/16 X 3/4 DOC;2049D;TORNILLERIA;
REMACHE POP 6-10 3/16 X 3/4 UN;2049;TORNILLERIA;
REMACHE POP 6-12 3/16 X 1 50;2053C;TORNILLERIA;
REMACHE POP 6-12 3/16 X 1 250U CAJA;2053CA;TORNILLERIA;
REMACHE POP 6-12 3/16 X 1 DOC;2053D;TORNILLERIA;
REMACHE POP 6-12 3/16 X 1 UN;2053;TORNILLERIA;
REMACHE POP 6-14 3/16 X 11/16 50;2057C;TORNILLERIA;
REMACHE POP 6-14 3/16 X 11/16 250U CAJA;2057CA;TORNILLERIA;
REMACHE POP 6-14 3/16 X 11/16 DOC;2057D;TORNILLERIA;
REMACHE POP 6-14 3/16 X 11/16 UN;2057;TORNILLERIA;
REMACHE POP 6-2 3/16 X 1/4 50;2061C;TORNILLERIA;
REMACHE POP 6-2 3/16 X 1/4 250U CAJA;2061CA;TORNILLERIA;
REMACHE POP 6-2 3/16 X 1/4 DOC;2061D;TORNILLERIA;
REMACHE POP 6-2 3/16 X 1/4 UN;2061;TORNILLERIA;
REMACHE POP 6-4 3/16 X 3/8 50;2065C;TORNILLERIA;
REMACHE POP 6-4 3/16 X 3/8 CAJA;2065CA;TORNILLERIA;
REMACHE POP 6-4 3/16 X 3/8 DOC;2065D;TORNILLERIA;
REMACHE POP 6-4 3/16 X 3/8 UN;2065;TORNILLERIA;
REMACHE POP 6-6 3/16 X 1/2 50;2069C;TORNILLERIA;
REMACHE POP 6-6 3/16 X 1/2 DOC;2069D;TORNILLERIA;
REMACHE POP 6-6 3/16 X 1/2 UN;2069;TORNILLERIA;
REMACHE POP 6-8 3/16 X 5/8 50;2073C;TORNILLERIA;
REMACHE POP 6-8 3/16 X 5/8 CAJA;2073CA;TORNILLERIA;
REMACHE POP 6-8 3/16 X 5/8 DOC;2073D;TORNILLERIA;
REMACHE POP 6-8 3/16 X 5/8 UN;2073;TORNILLERIA;
REMOVEDOR DE PINTURA 1 GALON SUPER;2078;PINTURAS Y DISOLVENTES;272
REMOVEDOR DE PINTURA 1/2 G SUPER;2074;PINTURAS Y DISOLVENTES;272
REMOVEDOR DE PINTURA 1/32 G SUPER;2075;PINTURAS Y DISOLVENTES;272
REMOVEDOR DE PINTURA 1/4 G SUPER;2076;PINTURAS Y DISOLVENTES;272
REMOVEDOR DE PINTURA 1/8 G SUPER;2077;PINTURAS Y DISOLVENTES;272
REMOVEDOR DE PINTURA INCOLORO 1020 1 GALON PINTUCO;2079;PINTURAS Y DISOLVENTES;10014794
REMOVEDOR DE PINTURA INCOLORO 1020 1/2 G PINTUCO;2080;PINTURAS Y DISOLVENTES;10014794
REMOVEDOR DE PINTURA INCOLORO 1020 1/32 G PINTUCO;2081;PINTURAS Y DISOLVENTES;10014794
REMOVEDOR DE PINTURA INCOLORO 1020 1/4 G PINTUCO;2082;PINTURAS Y DISOLVENTES;10014794
REMOVEDOR DE PINTURA INCOLORO 1020 1/8 G PINTUCO;2083;PINTURAS Y DISOLVENTES;10014794
REPUESTO MANIJA CRUCETA LLAVE;2084;GRIFERIA;
REPUESTO PARA CARETA FACIAL PF-500 TRUPER;2085;DOTACION INDUSTRIAL;14222
REPUESTO ROSCA ADAPTADOR PVC DUCHA;2086;GRIFERIA;R-4C8
RESISTENCIA DUCHA FUSION 120V BOCHERINI;3179;GRIFERIA;R-5B9
RESISTENCIA VICTORY 120 BOCHERINI;2087;GRIFERIA;R-7B9
TAPABOCAS RESPIRADOR PARTICULANTE 3M 9502 + N95;3362;DOTACION INDUSTRIAL;49000
RESPUESTO PARA RASPADOR DE PINTURA;3197;PERFILES Y WINES;16952
REVERBERO;2088;HOGAR Y COCINA;2088
"RIEL EXTENSION 12""  3OCM U FORTE";2089;HERRAJES Y SOPORTES;26180SE VENDE LA BOLSA COMPLETA ES PARA UN CAJON
"RODACHINA GIRATORIA PLATAFORMA 1"" LIVIANA";2093;HERRAJES Y SOPORTES;
RODACHINA PISO RPL 30 NYLON;2094;HERRAJES Y SOPORTES;
RODACHINA PISO RPL 10 METALICA;2095;HERRAJES Y SOPORTES;
"RODILLO ESPUMA 9"" DEKO GOYA";2096;PINTURAS Y DISOLVENTES;1234
"RODILLO FELPA OVEJERO 3"" GOYA";2097;PINTURAS Y DISOLVENTES;1193
"RODILLO FELPA OVEJERO 9"" GOYA";2098;PINTURAS Y DISOLVENTES;1191
"RODILLO FELPA POLILANA 9"" GOYA";2099;PINTURAS Y DISOLVENTES;1180
"RODILLO HILO BRICOLAGE 3"" GOYA";2100;PINTURAS Y DISOLVENTES;3639
"RODILLO HILO BRICOLAGE 6"" GOYA";2101;PINTURAS Y DISOLVENTES;
"RODILLO HILO POLIMAX 9"" GOYA";2103;PINTURAS Y DISOLVENTES;1178
"RODILLO INDUSTRIAL JR 9""";2104;PINTURAS Y DISOLVENTES;
"RODILLO JUNIOR POLIESTER TH 1 1/2"" GOYA";2105;PINTURAS Y DISOLVENTES;1197
"RODILLO JUNIOR POLIESTER TH 6"" GOYA";2110;PINTURAS Y DISOLVENTES;1202
"RODILLO PITUFO VERDE 3"" JR";2111;PINTURAS Y DISOLVENTES;1202
ROSETA CANDELABRO;2113;ELECTRICOS;416
ROSETA ESCOLAR;2091;ELECTRICOS;
ROSETA LINTERNA;2114;ELECTRICOS;1173
ROSETA LOZA;2115;ELECTRICOS;419
ROSETA NUOVA AVE 150W;2092;ELECTRICOS;51277
ROSETA PLASTICA MERCURY;2116;ELECTRICOS;
ROSETA PORTALAMPARA CUATRO PUNTAS LOZA;1908;TUBERIAS Y ACCESORIOS;
ROSETA PORTALAMPARA DOS PIEZAS PLASTICA;1911;ELECTRICOS;
RUBBING BLANCO 1 GALON SUPER;2120;PINTURAS Y DISOLVENTES;294
RUBBING BLANCO 1/32 G SUPER;2117;PINTURAS Y DISOLVENTES;294
RUBBING BLANCO 1/4 G SUPER;2118;PINTURAS Y DISOLVENTES;294
RUBBING BLANCO 1/8 G SUPER;2119;PINTURAS Y DISOLVENTES;294
RUBBING COMPOUND SIMONIZ 200 GR;2121;LUBRICANTES;41888
RUBBING ROJO 1 GALON SUPER;2125;PINTURAS Y DISOLVENTES;296
RUBBING ROJO 1/32 G SUPER;2122;PINTURAS Y DISOLVENTES;296
RUBBING ROJO 1/4 G SUPER;2123;PINTURAS Y DISOLVENTES;296
RUBBING ROJO 1/8 G SUPER;2124;PINTURAS Y DISOLVENTES;296
"RUEDA FLAP 1"" GRANO 80 TRUPER";2126;HERRAMIENTA MANUAL;13034
"RUEDA FLAP 2"" GRANO 80 TRUPER";2127;HERRAMIENTA MANUAL;13038
"RUEDA FLAP 3"" GRANO 80 TRUPER";2128;HERRAMIENTA MANUAL;13042
ESPONJA SABRA VERDE;3612;HOGAR Y COCINA;
SEGUETA #18 NICHOLSON;2129;HERRAMIENTA MANUAL;
SEGUETA #24 NICHOLSON;2130;HERRAMIENTA MANUAL;
SEGUETA BIMETALICA 18 DPP TRUPER;2131;HERRAMIENTA MANUAL;18100
SEGUETA CALADORA EN U UNIDAD TRUPER;1376;HERRAMIENTA MANUAL;16129
SEGUETA CALADORAS EN T UNIDAD TRUPER;1374;HERRAMIENTA MANUAL;16705
SEGUETA ECONOMICA AZUL;3508;PEGANTES;
SEGUETA ECONOMICA NARANJA;2132;HERRAMIENTA MANUAL;
SELLADOR DE POLIURETANO GRIS 300ML AFIX;2133;PEGANTES;45687
SILICONA EN TUBO TRANPARENTE ANTIHONGO 280 ML SISTA;2134;PEGANTES;98005
SELLADOR NITRO EXPERTO 1 GALON SUPER;2139;PINTURAS Y DISOLVENTES;125
SELLADOR NITRO EXPERTO 1/2 G SUPER;2135;PINTURAS Y DISOLVENTES;125
SELLADOR NITRO EXPERTO 1/32 G SUPER;2136;PINTURAS Y DISOLVENTES;125
SELLADOR NITRO EXPERTO 1/4 G SUPER;2137;PINTURAS Y DISOLVENTES;125
SELLADOR NITRO EXPERTO 1/8 G SUPER;2138;PINTURAS Y DISOLVENTES;125
SELLADOR TRANSPARENTE 85 GR TRUPER;3428;PEGANTES;18567
AGUASTOP SELLO LENGUETA ADVANCED BCA GRIVAL;2140;GRIFERIA;44333
AGUASTOP' SELLO LENGUETA CORRIENTE GRIVAL;2141;GRIFERIA;
SEMICODO CPVC 1/2;2142;TUBERIAS Y ACCESORIOS;904
"SEMICODO PRESION 45ï¿½ 1""";2148;TUBERIAS Y ACCESORIOS;2945
"SEMICODO PRESION 45ï¿½ 1/2""";2143;TUBERIAS Y ACCESORIOS;2902
"SEMICODO PRESION 45ï¿½ 11/2""";2144;TUBERIAS Y ACCESORIOS;2961
"SEMICODO PRESION 45ï¿½ 11/4""";2145;TUBERIAS Y ACCESORIOS;2953
"SEMICODO PRESION 45ï¿½ 2""";2146;TUBERIAS Y ACCESORIOS;2970
"SEMICODO PRESION 45ï¿½ 3/4""";2147;TUBERIAS Y ACCESORIOS;2929
"SEMICODO SANITARIO CXC 11/2""";2149;TUBERIAS Y ACCESORIOS;1117
"SEMICODO SANITARIO CXC 2""";2150;TUBERIAS Y ACCESORIOS;1119
"SEMICODO SANITARIO CXC 3""";2151;TUBERIAS Y ACCESORIOS;1121
"SEMICODO SANITARIO CXC 4""";2152;TUBERIAS Y ACCESORIOS;1122
"SEMICODO SANITARIO CXE 11/2""";2153;TUBERIAS Y ACCESORIOS;1118
"SEMICODO SANITARIO CXE 2""";2154;TUBERIAS Y ACCESORIOS;1120
"SEMICODO SANITARIO CXE 3""";2155;TUBERIAS Y ACCESORIOS;1123
"SEMICODO SANITARIO CXE 4""";2156;TUBERIAS Y ACCESORIOS;
"SERRUCHO 16"" PRETUL";2157;HERRAMIENTA MANUAL;22930
"SERRUCHO 20"" PRETUL";2158;HERRAMIENTA MANUAL;22932
SERRUCHO PARA CUADRO;2159;HERRAJES Y SOPORTES;
"SERRUCHO PARA DRYWALL 6"" PRETUL";2160;HERRAMIENTA MANUAL;22934
"SERRUCHO TIPO MARQUETERO 10"" TRUPER";3690;HERRAMIENTA MANUAL;18164
JUEGO SET DE HERRAMIENTAS 51 PIEZAS PRETUL;2161;HERRAMIENTA MANUAL;24219
SET DUCHA PLASTICA ABS BOCHERINI;2162;GRIFERIA;1184-08
JUEGO DE 12 HERRAMIENTAS KALLEY;3371;HERRAMIENTA MANUAL;49151
JUEGO DE 17 HERRAMIENTAS KALLEY;3369;HERRAMIENTA MANUAL;49150
JUEGO DE 21 HERRAMIENTAS KALLEY;3370;HERRAMIENTA MANUAL;49156
SHAMPOO CON CERA SIMONIZ 600ML;2163;LUBRICANTES;41894
SIERRA CALADORA PRETUL;2164;HERRAMIENTA MANUAL;24047
"SIERRA COPA BIMETALICA 1 1/2"" MANDRIL 7/16 TRUPER";2166;ABRASIVOS Y CONSUMIBLES;18094
"SIERRA COPA BIMETALICA 1"" MANDRIL 3/8 TRUPER";2165;ABRASIVOS Y CONSUMIBLES;18088
"SIFA SANITARIO 11/2"" TIGRE";2167;TUBERIAS Y ACCESORIOS;2012
"SIFA SANITARIO 2""";2169;TUBERIAS Y ACCESORIOS;1125
"SIFA SANITARIO 2"" TIGRE";2168;TUBERIAS Y ACCESORIOS;1474
"SIFA SANITARIO 3""";2170;TUBERIAS Y ACCESORIOS;1126
"SIFA SANITARIO 4""";2171;TUBERIAS Y ACCESORIOS;1127
SIFON 1 SALIDA BOCCHERINI LINEA ECO;3411;GRIFERIA;100137318
SIFON FLEXIBLE 1 SALIDA PESADO BOCHERINI;2172;GRIFERIA;F6101-1
SIFON FLEXIBLE 2 SALIDAS PESADO BOCCHERINI;2173;GRIFERIA;F6102-1
SIFON BOTELLA GRIVAL;2174;GRIFERIA;56970
SIFON EN P GRIVAL;2175;GRIFERIA;56895
SIFON EN P LAVAPLATOS PLAST GRIFOS;2176;GRIFERIA;
SIFON FLEXIBLE CROMADO;2177;GRIFERIA;
SIFON FLEXIBLE GRIVAL;2178;GRIFERIA;93548
SIFON LAVAMANOS DE LUJO RIOPLAST;2179;GRIFERIA;1584
SIFON LAVAMANOS PLASTGRIFOS;2180;GRIFERIA;2461
SIKA 1 ADITIVO IMPERMEABILIZANTE 1 K;2182;CONSTRUCCION;10058
SIKA MORTERO IMPERMEABLE BLANCO 2k;2183;CONSTRUCCION;26001
SIKA MORTERO IMPERMEABLE GRIS 2K;2184;CONSTRUCCION;26002
SIKA MULTISEAL 10 CM X 10MT ALUMINIO;2185;CONSTRUCCION;19301
SIKA MULTISEAL 10 CM X 1MT ALUMINIO;2186;CONSTRUCCION;19301M
SIKA SANISIL TRANSPARENTE CARTUCHO 300 ML;2187;PEGANTES;2196
SIKAFLEX 1A BLANCO PLUS ICURE X 300;2189;PEGANTES;19601 20%
SIKAFLEX 1A GRIS PLUS ICURE X 300;2190;PEGANTES;196 30%
SIKAFLEX 1A NEGRO PLUS ICURE X 300;2191;PEGANTES;196 - 30%
SIKAFLEX 221 BLANCO X 300ML;2192;PEGANTES;9601 - 20%
SIKAFLEX 221 NEGRO X 300ML;2188;PEGANTES;9603 - 20%
SIKAFLEX CONSTRUCCION BLANCO 300 ML;2193;PEGANTES;49601
SIKAFLEX UNIVERSAL BLANCO X300 ML;3181;PEGANTES;39601
SIKAFLEX UNIVERSAL GRIS X300 ML;2194;PEGANTES;39601
SIKASIL UNIVERSAL TRANSPARENTE 280 ML SIKA;2195;PEGANTES;6096 - 20%
SILICONA SUPERFLEX NEGRA 50ML LOCTITE;3673;PEGANTES;
SILICONA ALTA TEMPERATURA NEGRO 85G TRUPER;2196;PEGANTES;17567
SILICONA ALTA TEMPERATURA ROJO 85 G TRUPER;2197;PEGANTES;17566
SILICONA BLANCA BAï¿½O/COCINA 85 G TRUPER;2199;PEGANTES;18567
SILICONA EMULSIONADA 240 CC CRC;3379;LUBRICANTES;81182
SILICONA EMULSIONADA 250 ML FORTE;2201;LUBRICANTES;41897
SILICONA EMULSIONADA 250 MLGRANEL;2200;ASEO;
SILICONA EMULSIONADA 500 ML GRANEL;2203;ASEO;
SILICONA EMULSIONADA GALON GRANEL;2204;ASEO;
SILICONA EMULSIONADA LITRO GRANEL;2205;ASEO;
SILICONA EN BARRA DELGADA;2206;PEGANTES;
SILICONA EN BARRA GRUESA;2207;PEGANTES;
SILICONA EN TUBO BLANCA X 300ML;2208;PEGANTES;
SILICONA EN TUBO NEGRA X 300ML;2209;PEGANTES;
SILICONA EN TUBO TRANSPARENTE X300 ML KAUDAL;2215;PEGANTES;
SILICONA GRIS AUTOMOTRIZ ALTA Tï¿½ 70 ML LOCTITE;3260;PEGANTES;
SILICONA GRIS AUTOMOTRIZ ALTA Tï¿½ 50 ML SINTESOLDA;2218;PEGANTES;3380
SILICONA GRIS AUTOMOTRIZ ALTA Tï¿½ 50ML UDUKE;3486;PINTURAS Y DISOLVENTES;145
SILICONA HEAVY DUTY CRC 235 ML;3364;LUBRICANTES;81166
SILICONA LIQUIDA MULTIUSO TESA 250ML;3669;PEGANTES;13191
SILICONA LIQUIDA MULTIUSO TESA 30ML;3667;PEGANTES;13788
SILICONA LIQUIDA MULTIUSO TESA 60ML;3668;PEGANTES;13788
SILICONA MULTIPROPOSITO 250 ML TESA;2210;PEGANTES;13791
SILICONA MULTIPROPOSITO 30 ML TESA;2211;PEGANTES;13788
SILICONA MULTIPROPOSITO 60 ML TESA;2212;PEGANTES;13789
SILICONA TRANSPARENTE 28 G SINTECO;2214;PEGANTES;29879
SILICONA TRANSPARENTE 50 ML SISTA HENKEL;2216;PEGANTES;43870
SILICONA TRANSPARENTE BAï¿½O/COCINA 280 ML TRUPER;2213;PEGANTES;18565
SILICONA TRANSPARENTE BAï¿½O/COCINA 85 G TRUPER;2198;PEGANTES;18568
SILICONA ULTRA RAPIDA SPRAY AROMAS;2219;LUBRICANTES;
SINTESOLDA 10 MINUTOS;3232;PEGANTES;1184-07
SINTESOLDA 24 HORAS;3233;PEGANTES;TSIL112C
PORTALAMPARA SOCKET GU 10 HALOGENO;2221;ELECTRICOS;50039
SOGA CLASICA 8MM POLIPROPILENO 1MT;2222;SOGAS Y CADENAS;1962
SOGA MARINA AZUL 10MM;2223;SOGAS Y CADENAS;10397753
SOGA TODO TERRENO 13MM X 1MT (200MT);2224;SOGAS Y CADENAS;1430
SOKET BI PIN HALOGENO;2225;ELECTRICOS;196
SOLDADUA PVC TANGIT SANITARIO 125ML;2226;PEGANTES;62202
SOLDADURA 1/2-1/2 TUBERIA BAJA PRES MT;2227;ELECTRICOS;12283
SOLDADURA 1/2-1/2 TUBERIA BAJA PRES ROLLO;2228;ELECTRICOS;12283
SOLDADURA 6013 1/8 1 K WEST ARCO;2230;ABRASIVOS Y CONSUMIBLES;10240650 - 40%
SOLDADURA 6013 1/8 1 V WEST ARCO;2231;ABRASIVOS Y CONSUMIBLES;10240650
SOLDADURA 6013 1/8 5 K WEST ARCO;2232;ABRASIVOS Y CONSUMIBLES;10240650
SOLDADURA 6013 3/32 1 K WEST ARCO;2233;ABRASIVOS Y CONSUMIBLES;
SOLDADURA 6013 3/32 1 V WEST ARCO;2234;ABRASIVOS Y CONSUMIBLES;
SOLDADURA 6013 3/32 1/2 K WEST ARCO;2235;ABRASIVOS Y CONSUMIBLES;
SOLDADURA 6013 3/32 5K WEST ARCO;2236;ABRASIVOS Y CONSUMIBLES;
SOLDADURA ALUMINIO 1/8 1 K 72V  WEST ARCO;2237;ABRASIVOS Y CONSUMIBLES;
SOLDADURA ALUMINIO 1/8 1 V  WEST ARCO;2238;ABRASIVOS Y CONSUMIBLES;
SOLDADURA CPVC 28 GR 1/128 GAL PAVCO;2240;PEGANTES;11738
SOLDADURA DE ESTAï¿½O 3MM TRUPER 1MT;2241;ELECTRICOS;
SOLDADURA DE ESTAï¿½O 3MM TRUPER X 1MT;2242;ELECTRICOS;14365  Resistencia a alta presiï¿½n y temperaturaPara instalaciones hidrï¿½ulicas y plomerï¿½a en general, tuberï¿½as de cobre y hojas de metal.
SOLDADURA DE ESTAï¿½O BOLSITA;2243;ELECTRICOS;
SOLDADURA DE ESTAï¿½O TUBO;2244;ELECTRICOS;
"SOLDADURA ELECTRICA 6011 1/8"" 1K TRUPER";2245;ABRASIVOS Y CONSUMIBLES;15460
"SOLDADURA ELECTRICA 6011 1/8"" 1V TRUPER";2246;ABRASIVOS Y CONSUMIBLES;15460
"SOLDADURA ELECTRICA 6011 1/8"" 5K TRUPER";2247;ABRASIVOS Y CONSUMIBLES;15460
"SOLDADURA ELECTRICA 6013 1/8"" 1V TRUPER";2249;ABRASIVOS Y CONSUMIBLES;14361
"SOLDADURA ELECTRICA 6013 1/8"" 5K TRUPER";2250;ABRASIVOS Y CONSUMIBLES;14361
"SOLDADURA ELECTRICA 6013 3/32"" 1V TRUPER";2252;ABRASIVOS Y CONSUMIBLES;14360
"SOLDADURA ELECTRICA 6013 3/32"" 5K TRUPER";2253;ABRASIVOS Y CONSUMIBLES;14360
"SOLDADURA ELECTRICA 7018 1/8"" 1K TRUPER";2254;ABRASIVOS Y CONSUMIBLES;14363
"SOLDADURA ELECTRICA 7018 1/8"" 1V TRUPER";2255;ABRASIVOS Y CONSUMIBLES;14363
"SOLDADURA ELECTRICA 7018 1/8"" 5K TRUPER";2256;ABRASIVOS Y CONSUMIBLES;14363
SOLDADURA INOX 308 L 1/8 1 K 29V WEST ARCO;3406;ABRASIVOS Y CONSUMIBLES;10240676
SOLDADURA INOX 308 L 1/8 1 V WEST ARCO;3407;ABRASIVOS Y CONSUMIBLES;10240676
SOLDADURA INOX 308 L 3/32 1 V WEST ARCO;2258;ABRASIVOS Y CONSUMIBLES;10240679
SOLDADURA INOX 308 L 3/32 32 V 1K WEST ARCO;2257;ABRASIVOS Y CONSUMIBLES;10240679
SOLDADURA NIQUEL 100 1/8 1 K 32V WEST ARCO;2259;ABRASIVOS Y CONSUMIBLES;10240617
SOLDADURA NIQUEL 100 1/8 1 V  50410 WEST ARCO;2260;ABRASIVOS Y CONSUMIBLES;10240617
SOLDADURA PVC 1/128 GERFOR;2261;PEGANTES;22013
SOLDADURA PVC 1/16 ENAR;2262;PEGANTES;2117
SOLDADURA PVC 1/32 ENAR;2263;PEGANTES;1979
SOLDADURA PVC 1/4 ENAR;2264;PEGANTES;2405
SOLDADURA PVC 1/64 ENAR;2265;PEGANTES;1946
SOLDADURA PVC 1/8 ENAR;2266;PEGANTES;2148
SOLDADURA PVC 112 GR 1/32 PAVCO;2267;PEGANTES;11752
SOLDADURA PVC 28 GR 1/128 PAVCO;2268;PEGANTES;11749
SOLDADURA PVC 225 GR 1/16 PAVCO;2269;PEGANTES;11753
SOLDADURA PVC 450 GR 1/8 PAVCO;2270;PEGANTES;11759
SOLDADURA PVC 56 GR 1/64 PAVCO;2271;PEGANTES;11757
SOLDADURA S7018 1/8 1 K WEST ARCO;2273;ABRASIVOS Y CONSUMIBLES;10240654
SOLDADURA S7018 1/8 1 V WEST ARCO;2275;ABRASIVOS Y CONSUMIBLES;10240654
SOLDADURA S7018 1/8 1/2 K WEST ARCO;2274;ABRASIVOS Y CONSUMIBLES;10240654
SOLDADURA S7018 1/8 5 K WEST ARCO;2276;ABRASIVOS Y CONSUMIBLES;10240654
SOLUCION DE CAUCHO 375ML PEGAUCHO;2277;PEGANTES;2899
SONDA 1/8 X 15MT;2278;HERRAMIENTA MANUAL;2038
SONDA DE NYLON CABLEAR 10 MT TRUPER;2279;GRIFERIA;17755
SONDA MANUAL 4.5MTS PRETUL;3689;HERRAMIENTA MANUAL;22880
SOPORTE BOLILLERO METALICO PAR;263;HERRAJES Y SOPORTES;
SOPORTE BOLILLERO PLASTICO BLANCO UNIDAD;2280;HERRAJES Y SOPORTES;
SOPORTE BOLILLERO PLASTICO CAFE UNIDAD;2281;HERRAJES Y SOPORTES;
SOPORTE CORTINA DOBLE PARED DORADO;2282;HERRAJES Y SOPORTES;
SOPORTE CORTINA DOBLE PARED PLATEADO;2283;HERRAJES Y SOPORTES;
SOPORTE CORTINA METAL PARED DORADO;2284;HERRAJES Y SOPORTES;
SOPORTE CORTINA METAL PARED PLATEADO;2285;HERRAJES Y SOPORTES;
SOPORTE CORTINA METAL TECHO DORADO;2286;HERRAJES Y SOPORTES;
SOPORTE CORTINA METAL TECHO PLATEADO;2287;HERRAJES Y SOPORTES;
"SOPORTE CORTINA PLASTICO DORADO 1""";2288;HERRAJES Y SOPORTES;6936
"SOPORTE CORTINA PLASTICO DORADO 3/4""";2289;HERRAJES Y SOPORTES;6933
"SOPORTE CORTINA PLASTICO DORADO 5/8""";2290;HERRAJES Y SOPORTES;6926
"SOPORTE CORTINA PLASTICO PLATEADO 1/2""";2291;HERRAJES Y SOPORTES;6931
SOPORTE ENTEPAï¿½O METALICO;2292;HERRAJES Y SOPORTES;
SOPORTE ESPEJO METALICO;1897;HERRAJES Y SOPORTES;
SOPORTE NO MAS HUECOS;2293;HERRAJES Y SOPORTES;
SOPORTE PAPELERA RIOPLAST;2294;GRIFERIA;12041
SOPORTE PARA BIBLIOTECA SB20 F;2295;HERRAJES Y SOPORTES;
"SOPORTE BASE PARA TV X3 MOVIL HDL 14""-55"" HDL CAJA CAFE";2296;HOGAR Y COCINA;46094
"SOPORTE  BASE PARA TV FIJO 14""-42"" CAJA VERDE";2297;HOGAR Y COCINA;46093
SOPORTE BIBLIOTECA CAFE Y BLANCO;2298;HERRAJES Y SOPORTES;
SORDINA DE SOBREPONER VERA;2300;ELECTRICOS;233619
SOSCO EXTENSION LAVAPLATOS;2302;GRIFERIA;4065
SPLINTER 2 VIAS ECO;2303;ELECTRICOS;
SPLINTER 2 VIAS NIPON;2304;ELECTRICOS;
SPLINTER 3 VIAS ECO;2305;ELECTRICOS;
SPLINTER 3 VIAS NIPON;2306;ELECTRICOS;
SPLINTER 4 VIAS ECO;2307;ELECTRICOS;
SPLINTER 4 VIAS NIPON;2308;ELECTRICOS;
STRETCH 15 CM 0.45X305 MT CODIPLAX;2309;HOGAR Y COCINA;10388964
STRETCH 30 CM 0.45X305 MT CODIPLAX;2310;HOGAR Y COCINA;10388965
SUAVIZANTE SOFLAN 500 ML GRANEL;2311;ASEO;
SUAVIZANTE SOFLAN GALON GRANEL;2312;ASEO;
SUAVIZANTE SOFLAN LITRO GRANEL;2313;ASEO;
SUELDA TODO BLANCO 40 GR PEQ;2314;PEGANTES;
SUPER BONDER AD FLEXGEL 3G LOCTITE;2316;PEGANTES;9503
SUPER GLUE INSTANTANEO TAURUS ECO;2317;PEGANTES;
SUPER VERDE;3038;PEGANTES;
SUPERMASTICK BALDE;2318;CONSTRUCCION;FSB 30%
SUPERMASTICK CANECA 28k;2319;CONSTRUCCION;FSC5 30%
SUPERMASTICK GALON;2320;CONSTRUCCION;FSG1 40%
SUPERPEGA INSTANTANEO 20G;2321;PEGANTES;
SUPLEMENTO GALVANIZADO INDUMA;2322;ELECTRICOS;1595
SUPLEMENTO PLASTICO INDUMA;2323;ELECTRICOS;924
SWITCHE CODILLO DOS TORNILLOS;2325;ELECTRICOS;50013
SWITCHE CODILLO TRES TORNILLOS;2324;ELECTRICOS;68
SWITSHE PEQUEï¿½O;3672;ELECTRICOS;
TABACO ANTENA;2326;ELECTRICOS;
TABLA MADEFLEX 21X28;3671;HOGAR Y COCINA;
TABLA MDF 21X28;3670;HOGAR Y COCINA;
TABLERO MONO 2 CIRCUITOS AVE;2327;ELECTRICOS;17332
TABLERO MONO 3 CIRCUITOS AVE;2328;ELECTRICOS;35882
TABLERO MONO 4 CIRCUITOS;2329;ELECTRICOS;35004 40%
TACHUELA TAPICERA 1/2 CAJA;2331CA;HERRAJES Y SOPORTES;90035
TACHUELA TAPICERA 1/2 1 DOC;2331D;HERRAJES Y SOPORTES;90035
TACHUELA TAPICERA 3/4 CAJA;2333CA;HERRAJES Y SOPORTES;90126
TACHUELA TAPICERA 3/4 1 DOC;2333D;HERRAJES Y SOPORTES;90126
TACHUELA TAPICERA 5/8 CAJA;2335CA;HERRAJES Y SOPORTES;90092
TACHUELA TAPICERA 5/8 DOC;2335D;HERRAJES Y SOPORTES;90092
TACHUELA TAPICERA 9/16 CAJA;2337CA;HERRAJES Y SOPORTES;90068
TACHUELA TAPICERA 9/16 DOC;2337D;HERRAJES Y SOPORTES;90068
TACO BREAKER 20 AMP LUMINEX;2338;ELECTRICOS;33291
TACO BREAKER 40 AMP LUMINEX;2339;ELECTRICOS;33292
TACO BREAKER 50 AMP LUMINEX;2340;ELECTRICOS;33293
TACO BREAKER 1P 20A CILLES;2341;ELECTRICOS;42460
TACO BREAKER 1P 32A CILLES;2342;ELECTRICOS;42459
TACO BREAKER 1P 40A CILLES;2343;ELECTRICOS;42460
TACO BREAKER 1P 50A CILLES;2344;ELECTRICOS;42460
TALADRO 1/2 VV REV DWD024 DEWALT;2345;HERRAMIENTA ELECTRICA;10240882
TALADRO 3/8 PROFESIONAL 380W TRUPER;3215;HERRAMIENTA ELECTRICA;16736
TALADRO PERCUTOR 1/2 LIV PRETUL;2346;HERRAMIENTA ELECTRICA;24058
"TALADRO PERCUTOR 1/2"" PRO 600W TRUPER";2347;HERRAMIENTA ELECTRICA;15679
TALADRO PERCUTOR ELECTRO NEUMATICO INDUSTRIAL TRUPER;2348;HERRAMIENTA ELECTRICA;16762
"TALADRO PERCUTOR INDUSTRIAL 1/2"" 900 W TRUPER";2349;HERRAMIENTA ELECTRICA;19324Motor de 900 W, montado sobre baleros de bolas para mayor vida ï¿½til y mejor desempeï¿½o.Caja de aluminio, doble engranaje con 2 velocidades mecï¿½nicas para alta resistencia de uso.Selector de funciï¿½n taladro o rotomartillo, con velocidad variable reversible.Mango auxiliar antiderrapante con giro de 360
TAPA CIEGA 2400 GALVANIZADA 4X4;2350;ELECTRICOS;
TAPA CIEGA 2400 PLASTICA 4X4;2351;ELECTRICOS;
TAPA CIEGA 5800 GALVANIZADA;2352;ELECTRICOS;
TAPA CIEGA 5800 PLASTICA;2353;ELECTRICOS;
"TAPA DE PRUEBA 11/2""";2354;TUBERIAS Y ACCESORIOS;1129
"TAPA DE PRUEBA 2""";2355;TUBERIAS Y ACCESORIOS;1130
"TAPA DE PRUEBA 3""";2356;TUBERIAS Y ACCESORIOS;1131
"TAPA DE PRUEBA 4""";2357;TUBERIAS Y ACCESORIOS;1132
TAPA HUECO CROMADO PAR;2358;GRIFERIA;
TAPA HUECOS UND;1316;ABRASIVOS Y CONSUMIBLES;
TAPA LICUADORA OSTER;2359;HOGAR Y COCINA;
TAPA LICUADORA SAMURAI;2360;HOGAR Y COCINA;
TAPA OIDOS COPA;2361;DOTACION INDUSTRIAL;
TAPA REGISTRO 15X15 RIOPLAST;2362;GRIFERIA;12102
TAPA REGISTRO 20X20 RIOPAST;2363;GRIFERIA;910
TAPA ROSETA GALVANIZADA;2364;ELECTRICOS;
TAPA ROSETA PLASTICA;2365;ELECTRICOS;
TAPABOCA ANTIFLUIDO LAVABLE MEDIA LUNA;2366;DOTACION INDUSTRIAL;43463
TAPABOCAS QUIRURGICO AZUL UND;3175;ELECTRICOS;
TAPABOCAS INDUSTRIAL;2367;DOTACION INDUSTRIAL;
TAPAOIDOS COPA;2368;DOTACION INDUSTRIAL;1922
TAPATORNILLO ADHESIVO UN;2369;HERRAJES Y SOPORTES;
TAPATORNILLO BLANCO Y CAFE;2370;HERRAJES Y SOPORTES;
"TAPON MACHO BRONCE 1/2""";2371;PARTES Y REPUESTOS;
"TAPON MACHO BRONCE 1/4""";2372;PARTES Y REPUESTOS;
"TAPON MACHO BRONCE 3/8""";2373;PARTES Y REPUESTOS;
"TAPON COPA GALVANIZADO 1/2""";2374;TUBERIAS Y ACCESORIOS;20602
"TAPON COPA GALVANIZADO 3/4""";2375;TUBERIAS Y ACCESORIOS;20603
"TAPON COPA GALVANIZADO 3/8""";2376;TUBERIAS Y ACCESORIOS;20601
"TAPON MACHO GALVANIZADO 1/2""";2377;TUBERIAS Y ACCESORIOS;20102
"TAPON MACHO PVC ROSCA 1/2""";2378;TUBERIAS Y ACCESORIOS;1850
TAPON DE OIDO ESPUMA POLIURETANO TRUPER;2379;DOTACION INDUSTRIAL;14223
"TAPON HEMBRA ROSCADO PVC 11/2""";2381;TUBERIAS Y ACCESORIOS;
"TAPON HEMBRA ROSCADO PVC 1""";2382;TUBERIAS Y ACCESORIOS;853
"TAPON HEMBRA ROSCADO PVC 1/2""";2383;TUBERIAS Y ACCESORIOS;837
"TAPON HEMBRA ROSCADO PVC 11/4""";2384;TUBERIAS Y ACCESORIOS;
"TAPON HEMBRA ROSCADO PVC 2""";2385;TUBERIAS Y ACCESORIOS;
"TAPON HEMBRA ROSCADO PVC 3/4""";2386;TUBERIAS Y ACCESORIOS;845
TAPON HEMBRA LISO CPVC 1/2;2387;TUBERIAS Y ACCESORIOS;
"TAPON HEMBRA LISO PVC 1""";2388;TUBERIAS Y ACCESORIOS;2759
"TAPON HEMBRA LISO PVC 1/2""";2389;TUBERIAS Y ACCESORIOS;2716
"TAPON HEMBRA LISO PVC 11/4""";2390;TUBERIAS Y ACCESORIOS;2767
"TAPON HEMBRA LISO PVC 2""";2391;TUBERIAS Y ACCESORIOS;2783
"TAPON HEMBRA LISO PVC 3/4""";2392;TUBERIAS Y ACCESORIOS;2732
"TAPON HEMBRA LISO PVC 11/2""";2393;TUBERIAS Y ACCESORIOS;2775
TARUGO MADERA 8MM;2394;HERRAJES Y SOPORTES;
DESTORNILLADOR TATAMACO EN JUEGO SEGURITY;3534;HERRAMIENTA MANUAL;
TEE ELECTRICA BLANCA;3685;HERRAMIENTA MANUAL;
TEE MANGUERA METALICA 1/2;2395;PARTES Y REPUESTOS;
TEE MANGUERA METALICA 1/4;2396;PARTES Y REPUESTOS;
TEE MANGUERA METALICA 3/8;2397;PARTES Y REPUESTOS;
"TEE GALVANIZADA 1/2""";2398;TUBERIAS Y ACCESORIOS;20802
TEE COAXIAL PARA ANTENA;2400;ELECTRICOS;438
TEE ELECRICA AEREA PARA EXTENSION 15A KONTIKI;2399;ELECTRICOS;FC21
TEE ELECRICA NEGRA FALSO POLO A TIERRA;3616;ELECTRICOS;
TEE ELECTRICA 15 AMP KONTIKI;2403;ELECTRICOS;FC20
TEE ELECTRICA CON POLO BLISTER;2401;ELECTRICOS;2493
TEE ELECTRICA CON POLO NARANJA CAUCHO;2402;ELECTRICOS;33347
TEE MANGUERA POLIETILENO 1/2;2404;TUBERIAS Y ACCESORIOS;33445
"TEE PVC 1""";2405;TUBERIAS Y ACCESORIOS;3550
"TEE PVC 1/2""";2406;TUBERIAS Y ACCESORIOS;3500
"TEE PVC 11/2""";2407;TUBERIAS Y ACCESORIOS;3585
"TEE PVC 11/4""";2408;TUBERIAS Y ACCESORIOS;3577
"TEE PVC 2""";2409;TUBERIAS Y ACCESORIOS;3615
"TEE PVC 3/4""";2410;TUBERIAS Y ACCESORIOS;3526
"TEE ROSCA PVC 1/2""";2411;TUBERIAS Y ACCESORIOS;3518
"TEE SANITARIO 11/2""";2412;TUBERIAS Y ACCESORIOS;1134
"TEE SANITARIO 2""";2413;TUBERIAS Y ACCESORIOS;1135
"TEE SANITARIO 3""";2414;TUBERIAS Y ACCESORIOS;1136
"TEE SANITARIO 4""";2415;TUBERIAS Y ACCESORIOS;1137
"TEE SANITARIO REDUCIDA 3""X 2";2416;TUBERIAS Y ACCESORIOS;1139
TEJA PLASTICA MARFIL TIPO ETERNIT #5 152X92CM GERFOR;228;CONSTRUCCION;20262
TEJA PLASTICA MARFIL TIPO ETERNIT #6 183X92CM GERFOR;244;CONSTRUCCION;20279
TEJANIT 1/32 PARA TEJA DE ETERNIT;3190;CONSTRUCCION;
TELA POLIESTER IMPERMEABILIZANTE 1X 1MT;2423;CONSTRUCCION;
TELA VERDE POLISOMBRA 2MT X1MT;2424;CONSTRUCCION;76766
"TENAZA CARPINTERO 8""";2425;HERRAMIENTA MANUAL;17380
TENSOR 3/16;2426;TORNILLERIA;
TENSOR 3/8;2427;TORNILLERIA;
TENSOR 5/16;2428;TORNILLERIA;
TERMINAL ANILLO  3/8 10 MM CABLE 22-16 AWG ROJO MAX 19A;3238;ELECTRICOS;TECO-006
TERMINAL ANILLO  5/32 4 MM CABLE 16-14 AWG AZUL MAX 27A;3256;ELECTRICOS;TECO-008
TERMINAL ANILLO 1/2 12 MM CABLE 12-10 AWG AMARILLO MAX 48A;3244;ELECTRICOS;TECO-019
TERMINAL ANILLO 1/4 6 MM CABLE 12-10 AWG AMARILO MAX 48A;3247;ELECTRICOS;TECO-016
TERMINAL ANILLO 1/4 6 MM CABLE 16-14 AWG AZUL MAX 27A;3255;ELECTRICOS;TECO-010
TERMINAL ANILLO 1/4? 6 MM CABLE 22-16 AWG ROJO MAX 19A;3234;ELECTRICOS;TECO-004
"TERMINAL ANILLO 1/8"" 3.5 MM CABLE 22-16 AWG ROJO MAX 19A";3235;ELECTRICOS;TECO-001
TERMINAL ANILLO 1/8? 3.5 MM CABLE 12-10 AWG AMARILLO MAX 48A;3249;ELECTRICOS;TECO-013
TERMINAL ANILLO 1/8? 3.5 MM CABLE 16-14 AWG AZUL MAX 27A;3236;ELECTRICOS;TECO-007
TERMINAL ANILLO 3/16? 5 MM CABLE 12-10 AWG AMARILLO MAX 48A;3253;ELECTRICOS;TECO-015
TERMINAL ANILLO 3/8? 10 MM CABLE 12-10 AWG AMARILLO MAX 48A;3248;ELECTRICOS;TECO-018
TERMINAL ANILLO 3/8? 10 MM CABLE 16-14 AWG AZUL MAX 27A;3242;ELECTRICOS;TECO-012
TERMINAL ANILLO 5/16? 8 MM CABLE 16-14 AWG AZUL MAX 27A;3245;ELECTRICOS;TECO-011
TERMINAL ANILLO 5/16? 8 MM CABLE 22-16 AWG ROJO MAX 19A;3239;ELECTRICOS;TECO-005
TERMINAL ANILLO 5/32? 4 MM CABLE 12-10 AWG AMARILLO MAX 48A;3259;ELECTRICOS;TECO-014
TERMINAL ANILLO 5/32? 4 MM CABLE 22-16 AWG COLOR ROJO MAX 19A;3237;ELECTRICOS;TECO-002
"TERMINAL ANILLO COBRE 1/4"" 6 MM CABLE 8 AWG";3651;ELECTRICOS;TEEL-002
"TERMINAL ANILLO COBRE 3/16"" 5 MM CABLE 8 AWG";3650;ELECTRICOS;TEEL-001
"TERMINAL ANILLO COBRE 3/8"" 10 MM CABLE 8 AWG";3652;ELECTRICOS;TEEL-003
"TERMINAL ANILLO COBRE 5/16"" 8 MM CABLE 8 AWG";3653;ELECTRICOS;TEEL-004
TERMINAL COBRE 150 A;3405;ELECTRICOS;2585
TERMINAL COBRE 250 A;3404;ELECTRICOS;
TERMINAL COBRE BATERIA ABIERTO CABLE 4-2 AWG MAX 95A;3654;ELECTRICOS;TEEL-023
TERMINAL CONDUIT 1 PAVCO;2429;TUBERIAS Y ACCESORIOS;10221
"TERMINAL CONDUIT 1""";2430;TUBERIAS Y ACCESORIOS;
"TERMINAL CONDUIT 1/2""";2431;TUBERIAS Y ACCESORIOS;
TERMINAL CONDUIT 3/4 PVC PAVCO;2432;TUBERIAS Y ACCESORIOS;
"TERMINAL CONDUIT 3/4""";2433;TUBERIAS Y ACCESORIOS;
TERMINAL CORTINA 3/4 CAFE;2434;HERRAJES Y SOPORTES;
TERMINAL CORTINA 3/4 DORADA;2435;HERRAJES Y SOPORTES;
TERMINAL CORTINA 3/4 PLATEADA;2436;HERRAJES Y SOPORTES;
TERMINAL CORTINA 5/8 CAFE;2437;HERRAJES Y SOPORTES;
TERMINAL CORTINA 5/8 DORADO;2438;HERRAJES Y SOPORTES;
TERMINAL CORTINA 5/8 PLATEADO;2439;HERRAJES Y SOPORTES;
TERMINAL DE COBRE MACHO O HEMBRA;3431;ELECTRICOS;
TERMINAL EMPALME TOPE, PARA CABLE 12-10 AWG, CON AISLANTE AMARILLO MAX 48A;3647;ELECTRICOS;TECO-071
"TERMINAL HEMBRA MACHO 250 1/4"" CABLE 16-14 AWG AZUL MAX 27A";3634;ELECTRICOS;TECO-050
"TERMINAL HEMBRA RECTA 110"" CABLE 22-16 AWG ROJO MAX 19A";3620;ELECTRICOS;TECO-034
TERMINAL HEMBRA RECTA 187 CABLE 16-14 AWG AZUL MAX 27A;3622;ELECTRICOS;TECO-036
TERMINAL HEMBRA RECTA 187 CABLE 22-16 AWG ROJO MAX 19A;3621;ELECTRICOS;TECO-035
"TERMINAL HEMBRA RECTA 250"" 1/4"" CABLE 16-14 AWG AMARILLO MAX 27A";3636;ELECTRICOS;TECO-053
"TERMINAL HEMBRA RECTA 250"" 1/4"" CABLE 22-16AWG ROJO MAX 19A";3635;ELECTRICOS;TECO-052
"TERMINAL HEMBRA RECTA 250 1/4"" CABLE 12-10 AWG AMARILLO MAX 48A";3625;ELECTRICOS;TECO-039
"TERMINAL HEMBRA RECTA 250 1/4"" CABLE 16-14 AWG AZUL MAX 27A";3624;ELECTRICOS;TECO-038
"TERMINAL HEMBRA RECTA 250 1/4"" CABLE 22-16 AWG ROJO MAX 19A";3623;ELECTRICOS;TECO-037
"TERMINAL HEMBRA RECTA 250 1/4"" CABLE 22-16 AWG ROJO MAX 19A";3628;ELECTRICOS;TECO-042
"TERMINAL HEMBRA RECTA 250 1/4""CABLE 12-10 AWG AMARILLO MAX 48A";3630;ELECTRICOS;TECO-044
"TERMINAL HEMBRA RECTA 250 o  1/4"" CABLE 16-14 AWG AZUL MAX 27A";3629;ELECTRICOS;TECO-043
TERMINAL HEMBRA RECTA 312 CABLE 16-14 AWG AZUL MAX 27A;3626;ELECTRICOS;TECO-040
TERMINAL HEMBRA RECTA 375 CABLE 12-10 AWG AMARILLO MAX 48A;3627;ELECTRICOS;TECO-041
"TERMINAL HEMBRA REDONDA 156"" 4 MM CABLE 22-16 AWG ROJO MAX 19A";3642;ELECTRICOS;TECO-061
TERMINAL HEMBRA REDONDA 156 4 MM CABLE 16-14 AWG AZUL MAX 27A;3643;ELECTRICOS;TECO-063
TERMINAL HEMBRA REDONDA 195 5 MM CABLE 12-10 AWG AMARILLO MAX 48A;3645;ELECTRICOS;TECO-065
TERMINAL HEMBRA REDONDA 195 5 MM CABLE 16-14 AWG AZUL MAX 27A;3644;ELECTRICOS;TECO-064
TERMINAL HORQUILLA 1/4 6 MM CABLE 12-10 AWG AMARILLO MAX 48A;3618;ELECTRICOS;TECO-032
TERMINAL HORQUILLA 1/4 6 MM CABLE 16-14 AWG AZUL MAX 27A;3254;ELECTRICOS;TECO-027
TERMINAL HORQUILLA 1/4 6 MM CABLE 22-16 AWG ROJO MAX 19A;3240;ELECTRICOS;TECO-023
"TERMINAL HORQUILLA 1/8"" 3.5 MM CABLE 22-16 AWG ROJO MAX 19A";3241;ELECTRICOS;TECO-020
TERMINAL HORQUILLA 1/8 3.5 MM CABLE 12-10 AWG AMARILLO MAX 48A;3258;ELECTRICOS;TECO-029
TERMINAL HORQUILLA 1/8 3.5 MM CABLE 16-14 AWG AZUL MAX 27A;3250;ELECTRICOS;TECO-024
TERMINAL HORQUILLA 3/16 5 MM CABLE 16-14 AWG AZUL MAX 27A;3252;ELECTRICOS;TECO-026
TERMINAL HORQUILLA 3/16 5 MM CABLE 22-16 AWG ROJO MAX 19A;3243;ELECTRICOS;TECO-022
TERMINAL HORQUILLA 5/16 8 MM CABLE 16-14 AWG AZUL MAX 27A;3257;ELECTRICOS;TECO-028
TERMINAL HORQUILLA 5/16 8 MM CABLE AWG AMARILLO MAX 48A;3619;ELECTRICOS;TECO-033
"TERMINAL HORQUILLA 5/32 "" 4 MM CABLE 22-16 AWG ROJO MAX 19A";3251;ELECTRICOS;TECO-021
TERMINAL HORQUILLA 5/32 4 MM CABLE 16-14 AWG AZUL MAX 27A;3246;ELECTRICOS;TECO-025
TERMINAL MACHO PLANO 187 CABLE 16-14 AWG AZUL MAX 27A;3631;ELECTRICOS;TECO-046
"TERMINAL MACHO PLANO 250"" 1/4"" CABLE 16-14 AWG AMARILLO MAX 27A";3638;ELECTRICOS;TECO-055
"TERMINAL MACHO PLANO 250"" 1/4"" CABLE 22-16 AWG ROJO MAX 19A";3637;ELECTRICOS;TECO-054
"TERMINAL MACHO PLANO 250 1/4 "" CABLE 12-10 AWG AMARILLO MAX 48A";3633;ELECTRICOS;TECO-048
"TERMINAL MACHO PLANO 250 1/4"" CABLE 16-14 AWG AZUL MAX 27A";3632;ELECTRICOS;TECO-047
TERMINAL MACHO REDONDO 156 4 MM CABLE 16-14 AWG AZUL MAX 27A;3639;ELECTRICOS;TECO-058
TERMINAL MACHO REDONDO 195 5 MM CABLE 12-10 AWG AMARILLO MAX 48A;3641;ELECTRICOS;TECO-060
TERMINAL MACHO REDONDO 195 5 MM CABLE 16-14 AWG AZUL CORRIENTE MAX 27A;3640;ELECTRICOS;TECO-059
TERMINAL OJO 1/8 - 5/32 - 3/16;3692;ELECTRICOS;
TERMINAL ANTENA ROSCA RG 6 OCCI;2440;ELECTRICOS;
TERMINAL PIN PUNTA DE CABLE 12-10 AWG AMARILLO MAX 48A;3646;ELECTRICOS;TECO-068
TERMINAL TELMEX ANTENA NEGRA TAURUS;2443;ELECTRICOS;
TESTER 14 CM TIPO ESFERO TRUPER;2444;ELECTRICOS;13988Ideal para circuitos de corriente alterna de 100-500 V.Punta de acero al cromo vanadio.Mango de acrï¿½lico transparente con indicador de luz.Clip tipo pluma para portar en el bolsillo.Funciona al tocar.
TESTER 19 CM TRUPER;2445;ELECTRICOS;13989Ideal para circuitos de corriente alterna 100-500 V.Punta de acero al cromo vanadio.Mango acrï¿½lico transparente, aislado para mayor seguridad con indicador de luz.Clip tipo pluma para portar en el bolsillo.Funciona al tocar.
TESTER DIGITAL DE TENSION TRUPER;2447;ELECTRICOS;18333Mediciï¿½n individual de C.A. / C.C. 12 - 36 - 55 - 110 - 220 V.Cuerpo fabricado en ABS.Punta tipo desarmadorCon clip tipo pluma para llevar en el bolsillo.Funciona al tocar.
THINNER EXTRAFINO 1 GALON CON ENVASE;2451;PINTURAS Y DISOLVENTES;
THINNER EXTRAFINO 1 GALON SIN ENVASE;2452;PINTURAS Y DISOLVENTES;50%
THINNER EXTRAFINO 1/2 BOTELLA 375CC;2448;PINTURAS Y DISOLVENTES;
THINNER EXTRAFINO 1/2 GALON;2449;PINTURAS Y DISOLVENTES;
THINNER EXTRAFINO 5 GALONES CON ENVASE;2453;PINTURAS Y DISOLVENTES;0.2
THINNER EXTRAFINO 5 GALONES SIN ENVASE;2454;PINTURAS Y DISOLVENTES;0.2
"TIJERA CASA OFICINA 6"" PRETUL";2455;HERRAMIENTA MANUAL;23187
TIJERA DE AVIACION CORTE RECTO;3463;HERRAMIENTA MANUAL;18531
TIJERA ECO PARA PODA 48 CM PRETUL;2456;HERRAMIENTA MANUAL;23060
"TIJERA ESCOLAR 4-1/2"" PRETUL";2457;HERRAMIENTA MANUAL;23240
"TIJERA CASA Y  OFICINA 7"" PRETUL";3345;DOTACION INDUSTRIAL;23186
"TIJERA OFICINA 8""PRETUL";2459;HERRAMIENTA MANUAL;23185
"TIJERA PARA SASTRE 8"" TRUPER";3593;HERRAMIENTA MANUAL;18550
TIJERA PODA CUCHILLA PASO PRETUL;2460;HERRAMIENTA MANUAL;23105
TIMBRE CON PLACA 110/150 VERA;2461;ELECTRICOS;233049
TIMBRE DING DONG BLANCO 110-150 VERA;2462;ELECTRICOS;233197
TIMBRE INALAMBRICO 110V VERA;2463;ELECTRICOS;13773
TIMBRE INALAMBRICO ECO;2464;ELECTRICOS;
"TIMBRE INDUSTRIAL 110 -150  4"" VERA";2465;ELECTRICOS;33239
TINTE CAOBA 200CC SUPER;2466;PINTURAS Y DISOLVENTES;82
TINTE CARAMELO 200CC SUPER;2467;PINTURAS Y DISOLVENTES;74
TINTE MIEL 200 CC SUPER;2468;PINTURAS Y DISOLVENTES;76
TINTE NEGRO 200 CC SUPER;2469;PINTURAS Y DISOLVENTES;86
MANIJA ZAMAK NIQUEL 88MM VERA;2471;HERRAJES Y SOPORTES;30809
TIZA INDUSTRIAL;3266;HERRAMIENTA MANUAL;
TOALLERO MULTIUSOS (GANCHO)PLASTGRIFOS;3295;HOGAR Y COCINA;
TOALLERO REDONDO PLASTGRIFOS;3305;GRIFERIA;
TOALLITAS PEQUEï¿½A;3382;ASEO;
TOMA  AEREA CODELCA 2X20;3296;ELECTRICOS;
TOMA AEREA DOMESTICA 15 AMP KONTIKI;2472;ELECTRICOS;FT1
TOMA AEREA INDUSTRIAL 15 AMP P/TIERRA KONTIKI;2474;ELECTRICOS;FT3
TOMA AEREA PLASTICA BLANCA AVE;2475;ELECTRICOS;51260
TOMA DOBLE GFCI BLANCA MERCURY;3199;ELECTRICOS;50852
TOMA DOBLE DE SOBREPONER MERCURY;3523;ELECTRICOS;
TOMA DOBLE SOBREPONER P/T BLANCA DUOMO AVE;2479;ELECTRICOS;35318
TOMA HUEVO SENCILLA DE SOBREPONER;2480;ELECTRICOS;
TOMA INCRUSTAR BIFASICA 20 A KONTIKI;2481;ELECTRICOS;FT12
TOMA INCRUSTAR TRIFASICA 20 A CODELCA;2482;ELECTRICOS;
TOMA TELEFONO RJ 11 + COAXIAL DUOMO AVE;2485;ELECTRICOS;
TOMA TELEFONO RJ11 (4h) DUOMO AVE;2484;ELECTRICOS;51048
TOMA TIPO LEVINTON BEIGE CON TAPA;2486;ELECTRICOS;
TOMA TRIFASICA 50A CODELCA;2487;ELECTRICOS;1955
TOMA TV COAXIAL DUOMO BLANCA;3608;ELECTRICOS;51048
TOPE DE RESORTE ZINC;2489;HERRAJES Y SOPORTES;
TOPE IMAN;2490;HERRAJES Y SOPORTES;
TOPE RODILLO;2491;HERRAJES Y SOPORTES;
TORNILLO AVELLANA PUNTA DE BROCA 8X1 UN;2492;TORNILLERIA;
"TORNILLO CARRIAJE RO ZINC 1/4X1""UN";2493;TORNILLERIA;
"TORNILLO CARRIAJE RO ZINC 1/4X1/2""UN";2494;TORNILLERIA;
"TORNILLO CARRIAJE RO ZINC 1/4X11/2""UN";2495;TORNILLERIA;
"TORNILLO CARRIAJE RO ZINC 1/4X11/4""UN";2496;TORNILLERIA;
"TORNILLO CARRIAJE RO ZINC 1/4X2""UN";2497;TORNILLERIA;
"TORNILLO CARRIAJE RO ZINC 1/4X21/2""UN";2498;TORNILLERIA;
"TORNILLO CARRIAJE RO ZINC 1/4X3""UN";2499;TORNILLERIA;
"TORNILLO CARRIAJE RO ZINC 1/4X3/4""UN";2500;TORNILLERIA;
"TORNILLO CARRIAJE RO ZINC 5/16X1""UN";2501;TORNILLERIA;
"TORNILLO CARRIAJE RO ZINC 5/16X11/2""UN";2502;TORNILLERIA;
"TORNILLO CARRIAJE RO ZINC 5/16X11/4""UN";3578;TORNILLERIA;
"TORNILLO CARRIAJE RO ZINC 5/16X2""UN";2503;TORNILLERIA;
"TORNILLO CARRIAJE RO ZINC 5/16X21/2""UN";2504;TORNILLERIA;
"TORNILLO CARRIAJE RO ZINC 5/16X3""UN";2505;TORNILLERIA;
"TORNILLO CARRIAJE RO ZINC 5/16X3/4""UN";2506;TORNILLERIA;
"TORNILLO CARRIAJE RO ZINC 5/16X31/2""UN";2507;TORNILLERIA;
"TORNILLO CARRIAJE RO ZINC 5/16X4""UN";2508;TORNILLERIA;
"TORNILLO CARRIAJE RO ZINC 5/16X41/2""UN";2509;TORNILLERIA;
"TORNILLO CARRIAJE RO ZINC 5/16X5""UN";2511;TORNILLERIA;
"TORNILLO CARRIAJE RO ZINC 5/16X51/2""UN";2510;TORNILLERIA;
TORNILLO CR MM 4X25;2512;TORNILLERIA;
TORNILLO CR MM 4X30;2513;TORNILLERIA;
TORNILLO CR MM 4X40;2514;TORNILLERIA;
TORNILLO CR MM 5X25;2515;TORNILLERIA;
TORNILLO CR MM 5X30;2516;TORNILLERIA;
TORNILLO CR MM 5X40;2517;TORNILLERIA;
TORNILLO CR MM 6X25;2518;TORNILLERIA;
TORNILLO CR MM 6X30;2519;TORNILLERIA;
TORNILLO CR MM 6X40;2520;TORNILLERIA;
TORNILLO CR MM 8X30;3579;TORNILLERIA;
TORNILLO CR MM 8X40;3580;TORNILLERIA;
"TORNILLO CR RO ZINC 1/4X1""UN";2521;TORNILLERIA;
"TORNILLO CR RO ZINC 1/4X1/2""UN";2522;TORNILLERIA;
"TORNILLO CR RO ZINC 1/4X11/2""UN";2523;TORNILLERIA;
"TORNILLO CR RO ZINC 1/4X11/4""UN";2524;TORNILLERIA;
"TORNILLO CR RO ZINC 1/4X2""UN";2525;TORNILLERIA;
"TORNILLO CR RO ZINC 1/4X21/2""UN";2526;TORNILLERIA;
"TORNILLO CR RO ZINC 1/4X3""UN";2527;TORNILLERIA;
"TORNILLO CR RO ZINC 1/4X3/4""UN";2528;TORNILLERIA;
"TORNILLO CR RO ZINC 1/8X1""UN";2529;TORNILLERIA;
"TORNILLO CR RO ZINC 1/8X1/2""UN";2530;TORNILLERIA;
"TORNILLO CR RO ZINC 1/8X11/2""UN";2531;TORNILLERIA;
"TORNILLO CR RO ZINC 1/8X11/4""UN";2532;TORNILLERIA;
"TORNILLO CR RO ZINC 1/8X2""UN";2533;TORNILLERIA;
"TORNILLO CR RO ZINC 1/8X21/2""UN";2534;TORNILLERIA;
"TORNILLO CR RO ZINC 1/8X3""UN";2535;TORNILLERIA;
"TORNILLO CR RO ZINC 1/8X3/4""UN";2536;TORNILLERIA;
"TORNILLO CR RO ZINC 3/16X1""UN";2537;TORNILLERIA;
"TORNILLO CR RO ZINC 3/16X11/2""UN";2539;TORNILLERIA;
"TORNILLO CR RO ZINC 3/16X11/4""UN";2540;TORNILLERIA;
"TORNILLO CR RO ZINC 3/16X2""UN";2541;TORNILLERIA;
"TORNILLO CR RO ZINC 3/16X21/2""UN";2542;TORNILLERIA;
"TORNILLO CR RO ZINC 3/16X3""UN";2543;TORNILLERIA;
"TORNILLO CR RO ZINC 3/16X3/4""UN";2544;TORNILLERIA;
"TORNILLO CR RO ZINC 5/32X1/2""UN";2546;TORNILLERIA;
"TORNILLO CR RO ZINC 5/32X11/2""UN";2547;TORNILLERIA;
"TORNILLO CR RO ZINC 5/32X11/4""UN";2548;TORNILLERIA;
"TORNILLO CR RO ZINC 5/32X2""UN";2549;TORNILLERIA;
"TORNILLO CR RO ZINC 5/32X3""UN";2551;TORNILLERIA;
"TORNILLO CR RO ZINC 5/32X3/4""UN";2552;TORNILLERIA;
"TORNILLO DRYWALL 10X1"" 50";2555C;TORNILLERIA;
"TORNILLO DRYWALL 10X1"" DOC";2555D;TORNILLERIA;
"TORNILLO DRYWALL 10X1"" UN";2555;TORNILLERIA;
"TORNILLO DRYWALL 10X11/2"" 50";2558C;TORNILLERIA;
"TORNILLO DRYWALL 10X11/2"" DOC";2558D;TORNILLERIA;
"TORNILLO DRYWALL 10X11/2"" UN";2558;TORNILLERIA;
"TORNILLO DRYWALL 10X11/4"" 50";2561C;TORNILLERIA;
"TORNILLO DRYWALL 10X11/4"" DOC";2561D;TORNILLERIA;
"TORNILLO DRYWALL 10X11/4"" UN";2561;TORNILLERIA;
"TORNILLO DRYWALL 10X2"" 50";2564C;TORNILLERIA;
"TORNILLO DRYWALL 10X2"" DOC";2564D;TORNILLERIA;
"TORNILLO DRYWALL 10X2"" UN";2564;TORNILLERIA;
"TORNILLO DRYWALL 10X21/2"" 50";2567C;TORNILLERIA;
"TORNILLO DRYWALL 10X21/2"" DOC";2567D;TORNILLERIA;
"TORNILLO DRYWALL 10X21/2"" UN";2567;TORNILLERIA;
"TORNILLO DRYWALL 10X3"" 50";2570C;TORNILLERIA;
"TORNILLO DRYWALL 10X3"" DOC";2570D;TORNILLERIA;
"TORNILLO DRYWALL 10X3"" UN";2570;TORNILLERIA;
"TORNILLO DRYWALL 6X1"" 50";2573C;TORNILLERIA;
"TORNILLO DRYWALL 6X1"" DOC";2573D;TORNILLERIA;
"TORNILLO DRYWALL 6X1"" UN";2573;TORNILLERIA;
"TORNILLO DRYWALL 6X1/2"" 50";2576C;TORNILLERIA;
"TORNILLO DRYWALL 6X1/2"" DOC";2576D;TORNILLERIA;
"TORNILLO DRYWALL 6X1/2"" UN";2576;TORNILLERIA;
"TORNILLO DRYWALL 6X11/2"" 50";2579C;TORNILLERIA;
"TORNILLO DRYWALL 6X11/2"" DOC";2579D;TORNILLERIA;
"TORNILLO DRYWALL 6X11/2"" UN";2579;TORNILLERIA;
"TORNILLO DRYWALL 6X11/4"" 50";2582C;TORNILLERIA;
"TORNILLO DRYWALL 6X11/4"" DOC";2582D;TORNILLERIA;
"TORNILLO DRYWALL 6X11/4"" UN";2582;TORNILLERIA;
"TORNILLO DRYWALL 6X2"" 50";2585C;TORNILLERIA;
"TORNILLO DRYWALL 6X2"" DOC";2585D;TORNILLERIA;
"TORNILLO DRYWALL 6X21/2"" 50";2588C;TORNILLERIA;
"TORNILLO DRYWALL 6X21/2"" DOC";2588D;TORNILLERIA;
"TORNILLO DRYWALL 6X3"" 50";2591C;TORNILLERIA;
"TORNILLO DRYWALL 6X3"" DOC";2591D;TORNILLERIA;
"TORNILLO DRYWALL 6X3"" UN";2591;TORNILLERIA;
"TORNILLO DRYWALL 6X3/4"" 50";2594C;TORNILLERIA;
"TORNILLO DRYWALL 6X3/4"" DOC";2594D;TORNILLERIA;
"TORNILLO DRYWALL 6X3/4"" UN";2594;TORNILLERIA;
"TORNILLO DRYWALL 8X1"" 50";2597C;TORNILLERIA;
"TORNILLO DRYWALL 8X1"" DOC";2597D;TORNILLERIA;
"TORNILLO DRYWALL 8X1"" UN";2597;TORNILLERIA;
"TORNILLO DRYWALL 8X11/2"" 50";2602C;TORNILLERIA;
"TORNILLO DRYWALL 8X11/2"" DOC";2602D;TORNILLERIA;
"TORNILLO DRYWALL 8X11/2"" UN";2602;TORNILLERIA;
"TORNILLO DRYWALL 8X11/4"" 50";2605C;TORNILLERIA;
"TORNILLO DRYWALL 8X11/4"" DOC";2605D;TORNILLERIA;
"TORNILLO DRYWALL 8X11/4"" UN";2605;TORNILLERIA;
"TORNILLO DRYWALL 8X2"" 50";2608C;TORNILLERIA;
"TORNILLO DRYWALL 8X2"" DOC";2608D;TORNILLERIA;
"TORNILLO DRYWALL 8X2"" UN";2608;TORNILLERIA;
"TORNILLO DRYWALL 8X21/2"" 50";2611C;TORNILLERIA;
"TORNILLO DRYWALL 8X21/2"" DOC";2611D;TORNILLERIA;
"TORNILLO DRYWALL 8X21/2"" UN";2611;TORNILLERIA;
"TORNILLO DRYWALL 8X3"" 50";2614C;TORNILLERIA;
"TORNILLO DRYWALL 8X3"" DOC";2614D;TORNILLERIA;
"TORNILLO DRYWALL 8X3"" UN";2614;TORNILLERIA;
"TORNILLO DRYWALL 8X3/4"" 50";2617C;TORNILLERIA;
"TORNILLO DRYWALL 8X3/4"" DOC";2617D;TORNILLERIA;
"TORNILLO DRYWALL 8X3/4"" UN";2617;TORNILLERIA;
"TORNILLO FRAMING PUNTA AGUDA 7X7/16"" 50";2620C;TORNILLERIA;
"TORNILLO FRAMING PUNTA AGUDA 7X7/16"" DOC";2620D;TORNILLERIA;
"TORNILLO FRAMING PUNTA AGUDA 7X7/16"" UN";2620;TORNILLERIA;
"TORNILLO HEX LAMINA 1/4X 1""";2621;TORNILLERIA;
"TORNILLO HEX LAMINA 1/4X 1/2""";2622;TORNILLERIA;
"TORNILLO HEX LAMINA 1/4X 11/2""";2623;TORNILLERIA;
"TORNILLO HEX LAMINA 1/4X 2""";2624;TORNILLERIA;
"TORNILLO HEX LAMINA 1/4X 3""";2625;TORNILLERIA;
"TORNILLO HEX LAMINA 1/4X 3/4""";2626;TORNILLERIA;
"TORNILLO HEX LAMINA 1/4X11/4""";3507;TORNILLERIA;
"TORNILLO HEX LAMINA 5/16X 1""";2627;TORNILLERIA;
"TORNILLO HEX LAMINA 5/16X 11/2""";2628;TORNILLERIA;
"TORNILLO HEX LAMINA 5/16X 3/4""";2629;TORNILLERIA;
"TORNILLO HEX LAMINA 5/16X2""";3506;TORNILLERIA;
TORNILLO HEX MM IRIZADO 8X30;2630;TORNILLERIA;
TORNILLO HEX MM IRIZADO 8X35;2631;TORNILLERIA;
TORNILLO HEX MM IRIZADO 8X40;2632;TORNILLERIA;
"TORNILLO HEX RO ZINC 1/2X1""UN";2633;TORNILLERIA;
"TORNILLO HEX RO ZINC 1/2X11/2""UN";2634;TORNILLERIA;
"TORNILLO HEX RO ZINC 1/2X11/4""UN";2635;TORNILLERIA;
"TORNILLO HEX RO ZINC 1/2X3""UN";2637;TORNILLERIA;
"TORNILLO HEX RO ZINC 1/2X4""UN";2638;TORNILLERIA;
"TORNILLO HEX RO ZINC 1/4X1/2""UN";2640;TORNILLERIA;
"TORNILLO HEX RO ZINC 1/4X11/4""UN";2642;TORNILLERIA;
"TORNILLO HEX RO ZINC 1/4X2""UN";2643;TORNILLERIA;
"TORNILLO HEX RO ZINC 1/4X21/2""UN";2644;TORNILLERIA;
"TORNILLO HEX RO ZINC 1/4X3""UN";2645;TORNILLERIA;
"TORNILLO HEX RO ZINC 1/4X3/4""UN";2646;TORNILLERIA;
"TORNILLO HEX RO ZINC 3/8X11/2""UN";2648;TORNILLERIA;
"TORNILLO HEX RO ZINC 3/8X11/4""UN";2649;TORNILLERIA;
"TORNILLO HEX RO ZINC 3/8X2""UN";2650;TORNILLERIA;
"TORNILLO HEX RO ZINC 3/8X21/2""UN";2651;TORNILLERIA;
"TORNILLO HEX RO ZINC 3/8X3""UN";2652;TORNILLERIA;
"TORNILLO HEX RO ZINC 3/8X3/4""UN";2653;TORNILLERIA;
"TORNILLO HEX RO ZINC 3/8X31/2""UN";2654;TORNILLERIA;
"TORNILLO HEX RO ZINC 3/8X4""UN";2655;TORNILLERIA;
"TORNILLO HEX RO ZINC 3/8X41/2""UN";2656;TORNILLERIA;
"TORNILLO HEX RO ZINC 3/8X5""UN";2657;TORNILLERIA;
"TORNILLO HEX RO ZINC 3/8X6""UN";2658;TORNILLERIA;
"TORNILLO HEX RO ZINC 5/16X1""UN";2659;TORNILLERIA;
"TORNILLO HEX RO ZINC 5/16X11/2""UN";2660;TORNILLERIA;
"TORNILLO HEX RO ZINC 5/16X2""UN";2662;TORNILLERIA;
"TORNILLO HEX RO ZINC 5/16X21/2""UN";2663;TORNILLERIA;
"TORNILLO HEX RO ZINC 5/16X3""UN";2664;TORNILLERIA;
"TORNILLO HEX RO ZINC 5/16X3/4""UN";2665;TORNILLERIA;
"TORNILLO HEX RO ZINC 5/16X4""UN";2667;TORNILLERIA;
"TORNILLO HEX RO ZINC 5/16X41/2""UN";2668;TORNILLERIA;
"TORNILLO HEX RO ZINC 5/16X5""UN";2669;TORNILLERIA;
"TORNILLO HEX RO ZINC 5/16X51/2""UN";2670;TORNILLERIA;
"TORNILLO HEX RO ZINC 5/16X6""UN";2671;TORNILLERIA;
"TORNILLO HEX RO ZINC 7/16X1""UN";2672;TORNILLERIA;
"TORNILLO HEX RO ZINC 7/16X3""UN";2675;TORNILLERIA;
"TORNILLO HEX RO ZINC 7/16X4""UN";2676;TORNILLERIA;
TORNILLO CR MM 4X15;3567;TORNILLERIA;
TORNILLO CR MM 5X15;3568;TORNILLERIA;
TORNILLO CR MM 6X15;3566;TORNILLERIA;
TORNILLO HEX FLANGE IRIZ 6X10;2677;TORNILLERIA;
TORNILLO HEX FLANGE IRIZ 6X15;2678;TORNILLERIA;
TORNILLO HEX FLANGE IRIZ 6X20;2679;TORNILLERIA;
TORNILLO HEX FLANGE IRIZ 6X25;2680;TORNILLERIA;
TORNILLO HEX MM IRIZ 8X25;3581;TORNILLERIA;
TORNILLO HEX FLANGE IRIZ 6X30;2681;TORNILLERIA;
TORNILLO HEX FLANGE IRIZ 6X40;2682;TORNILLERIA;
"TORNILLO HEXAGONAL LAMINA PUNTA BROCA ANP 10 X11/4""";3582;TORNILLERIA;
TORNILLO HEXAGONAL LAMINA PUNTA BROCA 10X3/4;3583;TORNILLERIA;
"TORNILLO KLATH P/AGUDA 8X1/2"" UN";2683;TORNILLERIA;
"TORNILLO KLATH P/AGUDA 8X1/2""DOC";3217;TORNILLERIA;
"TORNILLO KLATH P/BROCA 8X1"" UN";2684;TORNILLERIA;
"TORNILLO KLATH P/BROCA 8X1""50";2684C;TORNILLERIA;
"TORNILLO KLATH P/BROCA 8X1""DOC";2684D;TORNILLERIA;
"TORNILLO KLATH P/BROCA 8X1/2"" UN";2685;TORNILLERIA;
"TORNILLO KLATH P/BROCA 8X1/2""50";2685C;TORNILLERIA;
"TORNILLO KLATH P/BROCA 8X11/2"" UN";2686;TORNILLERIA;
"TORNILLO KLATH P/BROCA 8X11/2""50";2686C;TORNILLERIA;
"TORNILLO KLATH P/BROCA 8X11/2""DOC";2686D;TORNILLERIA;
"TORNILLO KLATH P/BROCA 8X11/4"" UN";2687;TORNILLERIA;
"TORNILLO KLATH P/BROCA 8X11/4""50";2687C;TORNILLERIA;
"TORNILLO KLATH P/BROCA 8X11/4""DOC";2687D;TORNILLERIA;
"TORNILLO KLATH P/BROCA 8X2"" UN";2688;TORNILLERIA;
"TORNILLO KLATH P/BROCA 8X2""50";2688C;TORNILLERIA;
"TORNILLO KLATH P/BROCA 8X2""DOC";2688D;TORNILLERIA;
"TORNILLO KLATH P/BROCA 8X3/4"" UN";2689;TORNILLERIA;
"TORNILLO KLATH P/BROCA 8X3/4""50";2689C;TORNILLERIA;
"TORNILLO KLATH P/BROCA 8X3/4""DOC";2689D;TORNILLERIA;
"TORNILLO LAMINA 10X1"" 50";2692C;TORNILLERIA;
"TORNILLO LAMINA 10X1"" DOC";2692D;TORNILLERIA;
"TORNILLO LAMINA 10X1"" UN";2692;TORNILLERIA;
"TORNILLO LAMINA 10X1/2"" 50";2695C;TORNILLERIA;
"TORNILLO LAMINA 10X1/2"" DOC";2695D;TORNILLERIA;
"TORNILLO LAMINA 10X1/2"" UN";2695;TORNILLERIA;
"TORNILLO LAMINA 10X11/2"" 50";2698C;TORNILLERIA;
"TORNILLO LAMINA 10X11/2"" DOC";2698D;TORNILLERIA;
"TORNILLO LAMINA 10X11/2"" UN";2698;TORNILLERIA;
"TORNILLO LAMINA 10X11/4"" 50";2701C;TORNILLERIA;
"TORNILLO LAMINA 10X11/4"" DOC";2701D;TORNILLERIA;
"TORNILLO LAMINA 10X11/4"" UN";2701;TORNILLERIA;
"TORNILLO LAMINA 10X2"" 50";2704C;TORNILLERIA;
"TORNILLO LAMINA 10X2"" DOC";2704D;TORNILLERIA;
"TORNILLO LAMINA 10X2"" UN";2704;TORNILLERIA;
"TORNILLO LAMINA 10X21/2"" DOC";2706D;TORNILLERIA;
"TORNILLO LAMINA 10X21/2"" UN";2706;TORNILLERIA;
"TORNILLO LAMINA 10X3"" DOC";2708D;TORNILLERIA;
"TORNILLO LAMINA 10X3"" UN";2708;TORNILLERIA;
"TORNILLO LAMINA 10X3/4"" 50";2711C;TORNILLERIA;
"TORNILLO LAMINA 10X3/4"" DOC";2711D;TORNILLERIA;
"TORNILLO LAMINA 10X3/4"" UN";2711;TORNILLERIA;
"TORNILLO LAMINA 12X1"" 50";2714C;TORNILLERIA;
"TORNILLO LAMINA 12X1"" DOC";2714D;TORNILLERIA;
"TORNILLO LAMINA 12X1"" UN";2714;TORNILLERIA;
"TORNILLO LAMINA 12X1/2"" 50";2717C;TORNILLERIA;
"TORNILLO LAMINA 12X1/2"" DOC";2717D;TORNILLERIA;
"TORNILLO LAMINA 12X1/2"" UN";2717;TORNILLERIA;
"TORNILLO LAMINA 12X11/2"" 50";2720C;TORNILLERIA;
"TORNILLO LAMINA 12X11/2"" DOC";2720D;TORNILLERIA;
"TORNILLO LAMINA 12X11/2"" UN";2720;TORNILLERIA;
"TORNILLO LAMINA 12X11/4"" 50";2723C;TORNILLERIA;
"TORNILLO LAMINA 12X11/4"" DOC";2723D;TORNILLERIA;
"TORNILLO LAMINA 12X11/4"" UN";2723;TORNILLERIA;
"TORNILLO LAMINA 12X2"" 50";2726C;TORNILLERIA;
"TORNILLO LAMINA 12X2"" DOC";2726D;TORNILLERIA;
"TORNILLO LAMINA 12X2"" UN";2726;TORNILLERIA;
"TORNILLO LAMINA 12X21/2"" DOC";2728D;TORNILLERIA;
"TORNILLO LAMINA 12X21/2"" UN";2728;TORNILLERIA;
"TORNILLO LAMINA 12X3"" DOC";2730D;TORNILLERIA;
"TORNILLO LAMINA 12X3"" UN";2730;TORNILLERIA;
"TORNILLO LAMINA 12X3/4"" 50";2733C;TORNILLERIA;
"TORNILLO LAMINA 12X3/4"" DOC";2733D;TORNILLERIA;
"TORNILLO LAMINA 12X3/4"" UN";2733;TORNILLERIA;
"TORNILLO LAMINA 14X1"" 50";2736C;TORNILLERIA;
"TORNILLO LAMINA 14X1"" DOC";2736D;TORNILLERIA;
"TORNILLO LAMINA 14X1"" UN";2736;TORNILLERIA;
"TORNILLO LAMINA 14X1/2"" 50";2739C;TORNILLERIA;
"TORNILLO LAMINA 14X1/2"" DOC";2739D;TORNILLERIA;
"TORNILLO LAMINA 14X1/2"" UN";2739;TORNILLERIA;
"TORNILLO LAMINA 14X11/2"" 50";2742C;TORNILLERIA;
"TORNILLO LAMINA 14X11/2"" DOC";2742D;TORNILLERIA;
"TORNILLO LAMINA 14X11/2"" UN";2742;TORNILLERIA;
"TORNILLO LAMINA 14X11/4"" 50";2745C;TORNILLERIA;
"TORNILLO LAMINA 14X11/4"" DOC";2745D;TORNILLERIA;
"TORNILLO LAMINA 14X2"" 50";2748C;TORNILLERIA;
"TORNILLO LAMINA 14X2"" DOC";2748D;TORNILLERIA;
"TORNILLO LAMINA 14X2"" UN";2748;TORNILLERIA;
"TORNILLO LAMINA 14X21/2"" DOC";2750D;TORNILLERIA;
"TORNILLO LAMINA 14X21/2"" UN";2750;TORNILLERIA;
"TORNILLO LAMINA 14X3"" DOC";2752D;TORNILLERIA;
"TORNILLO LAMINA 14X3"" UN";2752;TORNILLERIA;
"TORNILLO LAMINA 14X3/4"" 50";2755C;TORNILLERIA;
"TORNILLO LAMINA 14X3/4"" DOC";2755D;TORNILLERIA;
"TORNILLO LAMINA 14X3/4"" UN";2755;TORNILLERIA;
"TORNILLO LAMINA 4X1"" 50";2758C;TORNILLERIA;
"TORNILLO LAMINA 4X1"" DOC";2758D;TORNILLERIA;
"TORNILLO LAMINA 4X1""UN";2758;TORNILLERIA;
"TORNILLO LAMINA 4X1/2"" 50";2761C;TORNILLERIA;
"TORNILLO LAMINA 4X1/2"" DOC";2761D;TORNILLERIA;
"TORNILLO LAMINA 4X1/2""UN";2761;TORNILLERIA;
"TORNILLO LAMINA 4X3/4"" 50";2764C;TORNILLERIA;
"TORNILLO LAMINA 4X3/4"" DOC";2764D;TORNILLERIA;
"TORNILLO LAMINA 4X3/4""UN";2764;TORNILLERIA;
"TORNILLO LAMINA 6X1"" DOC";2767D;TORNILLERIA;
"TORNILLO LAMINA 6X1/2"" 50";2770C;TORNILLERIA;
"TORNILLO LAMINA 6X1/2"" DOC";2770D;TORNILLERIA;
"TORNILLO LAMINA 6X1/2"" UN";2770;TORNILLERIA;
"TORNILLO LAMINA 6X11/2"" 50";2773C;TORNILLERIA;
"TORNILLO LAMINA 6X11/2"" DOC";2773D;TORNILLERIA;
"TORNILLO LAMINA 6X11/2"" UN";2773;TORNILLERIA;
"TORNILLO LAMINA 6X2"" 50";2776C;TORNILLERIA;
"TORNILLO LAMINA 6X2"" DOC";2776D;TORNILLERIA;
"TORNILLO LAMINA 6X2"" UN";2776;TORNILLERIA;
"TORNILLO LAMINA 6X3/4"" 50";2779C;TORNILLERIA;
"TORNILLO LAMINA 6X3/4"" DOC";2779D;TORNILLERIA;
"TORNILLO LAMINA 6X3/4"" UN";2779;TORNILLERIA;
"TORNILLO LAMINA 8X1"" 50";2782C;TORNILLERIA;
"TORNILLO LAMINA 8X1"" DOC";2782D;TORNILLERIA;
"TORNILLO LAMINA 8X1"" UN";2782;TORNILLERIA;
"TORNILLO LAMINA 8X1/2"" 50";2785C;TORNILLERIA;
"TORNILLO LAMINA 8X1/2"" DOC";2785D;TORNILLERIA;
"TORNILLO LAMINA 8X1/2"" UN";2785;TORNILLERIA;
"TORNILLO LAMINA 8X11/2"" 50";2788C;TORNILLERIA;
"TORNILLO LAMINA 8X11/2"" DOC";2788D;TORNILLERIA;
"TORNILLO LAMINA 8X11/2"" UN";2788;TORNILLERIA;
"TORNILLO LAMINA 8X11/4"" 50";2791C;TORNILLERIA;
"TORNILLO LAMINA 8X11/4"" DOC";2791D;TORNILLERIA;
"TORNILLO LAMINA 8X2"" 50";2794C;TORNILLERIA;
"TORNILLO LAMINA 8X2"" DOC";2794D;TORNILLERIA;
"TORNILLO LAMINA 8X2"" UN";2794;TORNILLERIA;
"TORNILLO LAMINA 8X21/2"" DOC";2796D;TORNILLERIA;
"TORNILLO LAMINA 8X21/2"" UN";2796;TORNILLERIA;
"TORNILLO LAMINA 8X3"" DOC";2798D;TORNILLERIA;
"TORNILLO LAMINA 8X3"" UN";2798;TORNILLERIA;
"TORNILLO LAMINA 8X3/4"" 50";2801C;TORNILLERIA;
"TORNILLO LAMINA 8X3/4"" DOC";2801D;TORNILLERIA;
"TORNILLO LAMINA 8X3/4"" UN";2801;TORNILLERIA;
TORNILLO CISTERNA;2802;GRIFERIA;2085
TRANCA PUERTA CAUCHO;2803;HERRAJES Y SOPORTES;
TRAPOS X 1 KILO;3168;PINTURAS Y DISOLVENTES;
TUBO ABOCINADO CANASTILLA;2806;GRIFERIA;
TUBO COBRE 1/2 TIPO L 1M;2804;TUBERIAS Y ACCESORIOS;00003C
TUBO COBRE 1/2 TIPO L 6M;2804T;TUBERIAS Y ACCESORIOS;3
"TUBO CONDUIT PESADO 1""GERFOR";2807;TUBERIAS Y ACCESORIOS;9120
"TUBO CONDUIT PESADO 1/2""GERFOR";2808;TUBERIAS Y ACCESORIOS;9106
"TUBO CONDUIT PESADO 3/4""GERFOR";2809;TUBERIAS Y ACCESORIOS;9113
"TUBO CONDUIT SEMIPESADO 1""";2810;TUBERIAS Y ACCESORIOS;3075
"TUBO CONDUIT SEMIPESADO 3/4""";2812;TUBERIAS Y ACCESORIOS;3077
"TUBO LISO DE ALUMINIO CRUDO 1"" X 1M";2814;PERFILES Y WINES;792671
"TUBO LISO DE ALUMINIO CRUDO 1"" X 6MT";2814T;PERFILES Y WINES;
"TUBO LISO DE ALUMINIO CRUDO 3/4"" X 1M";2816;PERFILES Y WINES;
"TUBO LISO DE ALUMINIO CRUDO 3/4"" X 3MT";2816T;PERFILES Y WINES;
TUBO CORTINA DORADO 3/4 1M;2818;PERFILES Y WINES;20010
TUBO CORTINA DORADO 3/4 6MT;2818T;PERFILES Y WINES;20010
TUBO CORTINA PLATEADO 3/4 1M;2820;PERFILES Y WINES;2008.6
TUBO CORTINA PLATEADO 3/4 6MT;2820T;PERFILES Y WINES;2008
TUBO LISO DE ALUMINIO CRUDO 5/16 X 1MT;2822;PERFILES Y WINES;
TUBO LISO DE ALUMINIO CRUDO 5/16 X 6MT;2823;PERFILES Y WINES;
"TUBO LISO DE ALUMINIO CRUDO 5/8"" X 1MT";2824;PERFILES Y WINES;
TUBO LISO DE ALUMINIO CRUDO 5/8 X 6MT;2824T;PERFILES Y WINES;
TUBO CORTINA DORADO 5/8 1MT;2826;PERFILES Y WINES;20007
TUBO CORTINA DORADO 5/8 6MT;2826T;PERFILES Y WINES;20007 40%
TUBO CORTINA PLATEADO 5/8 1M;2828;PERFILES Y WINES;20009
TUBO CORTINA PLATEADO 5/8 6MT;2828T;PERFILES Y WINES;20009
TUBO CORTINA CAFE 5/8 1MT;3491;TUBERIAS Y ACCESORIOS;
TUBO CORTINA CAFE 5/8 6MT;3491T;TUBERIAS Y ACCESORIOS;
TUBO ALUMINIO CUADRADO CROMADO 3/4 1MT;2830;PERFILES Y WINES;41882
TUBO ALUMINIO CUADRADO CROMADO 3/4 6MT;2831;TUBERIAS Y ACCESORIOS;41882
"TUBO CPVC 1/2"" X 1 MT PAVCO";2832;TUBERIAS Y ACCESORIOS;12556C
"TUBO CPVC 1/2"" X 3 MT PAVCO";2832T;TUBERIAS Y ACCESORIOS;12556
TUBO REGADERA DE 1/2 EN ACERO INOX 37CM;2834;GRIFERIA;YW126-12
TUBO LED T8 18W 6500K;2835;ELECTRICOS;
"TUBO PVC RD 13.5 PRESION 1"" 1MT GERFOR";2836;TUBERIAS Y ACCESORIOS;9243
"TUBO PVC RD 13.5 PRESION 1"" 6MT GERFOR";2836T;TUBERIAS Y ACCESORIOS;9243
"TUBO PVC RD 9 PRESION 1/2"" 1MT GERFOR";2838;TUBERIAS Y ACCESORIOS;9229
"TUBO PVC RD 9 PRESION 1/2"" 6MT GERFOR";2838T;TUBERIAS Y ACCESORIOS;9229
"TUBO PVC RD11 PRESION 3/4"" 1MT GERFOR";2840;TUBERIAS Y ACCESORIOS;9236
"TUBO PVC RD11 PRESION 3/4"" 6MT GERFOR";2840T;TUBERIAS Y ACCESORIOS;9236
"TUBO PVC RD 13.5 PRESION 1/2"" 1M INDEXCOL";2850;TUBERIAS Y ACCESORIOS;
"TUBO PVC RD 13.5 PRESION 1/2""6MT INDEXCOL";2851;TUBERIAS Y ACCESORIOS;
"TUBO PVC RD11 PRESION 3/4"" 1MT INDEXCOL";2842;TUBERIAS Y ACCESORIOS;
"TUBO PVC RD11 PRESION 3/4"" 1MT CELTA";2843;TUBERIAS Y ACCESORIOS;7530
"TUBO PVC RD11 PRESION 3/4"" 6MT INDEXCOL";2842T;TUBERIAS Y ACCESORIOS;
"TUBO PVC RD11 PRESION 3/4"" 6MT CELTA";2843T;TUBERIAS Y ACCESORIOS;7530
"TUBO PVC RD13.5 PRESION 1"" 1MT INDEXCOL";2846;TUBERIAS Y ACCESORIOS;2059
"TUBO PVC RD13.5 PRESION 1"" 1MT CELTA";2860;TUBERIAS Y ACCESORIOS;
"TUBO PVC RD13.5 PRESION 1"" 6MT INDEXCOL";2846T;TUBERIAS Y ACCESORIOS;2059
"TUBO PVC RD13.5 PRESION 1"" 6MT CELTA";2860T;TUBERIAS Y ACCESORIOS;
"TUBO PVC RD21 PRESION 1"" 1MT INDEXCOL";2848;TUBERIAS Y ACCESORIOS;2060
"TUBO PVC RD21 PRESION 1"" 6MT INDEXCOL";2848T;TUBERIAS Y ACCESORIOS;2060
"TUBO PVC RD21 PRESION 11/2"" 1MT CELTA";2852;TUBERIAS Y ACCESORIOS;7718
"TUBO PVC RD21 PRESION 11/2"" 6MT  CELTA";2852T;TUBERIAS Y ACCESORIOS;7718
"TUBO PVC RD21 PRESION 11/4"" 1MT CELTA";2854;TUBERIAS Y ACCESORIOS;7696
"TUBO PVC RD21 PRESION 11/4"" 6MT CELTA";2854T;TUBERIAS Y ACCESORIOS;7696
"TUBO PVC RD21 PRESION 2"" 1MT CELTA";2856;TUBERIAS Y ACCESORIOS;7734
"TUBO PVC RD21 PRESION 2"" 6MT CELTA";2856T;TUBERIAS Y ACCESORIOS;7734
"TUBO PVC RD21 PRESION 3/4"" 1MT INDEXCOL";2858;TUBERIAS Y ACCESORIOS;
"TUBO PVC RD21 PRESION 3/4"" 6MT INDEXCOL";2858T;TUBERIAS Y ACCESORIOS;
"TUBO PVC RD9 PRESION 1/2"" 1MT INDEXCOL";2862;TUBERIAS Y ACCESORIOS;2057
"TUBO PVC RD9 PRESION 1/2"" 1MT CELTA";2863;TUBERIAS Y ACCESORIOS;
"TUBO PVC RD9 PRESION 1/2"" 6MT INDEXCOL";2862T;TUBERIAS Y ACCESORIOS;2057
"TUBO PVC RD9 PRESION 1/2"" 6MT CELTA";2863T;TUBERIAS Y ACCESORIOS;
TUBO REGADERA CURVO ABS CROMADO;2866;GRIFERIA;1184-07
"TUBO SANITARIO LIVIANO 11/2"" 1MT INDEXCOL";2867;TUBERIAS Y ACCESORIOS;
"TUBO SANITARIO LIVIANO 11/2"" 6MT INDEXCOL";2868;TUBERIAS Y ACCESORIOS;
"TUBO SANITARIO LIVIANO 2"" 1MT INDEXCOL";2869;TUBERIAS Y ACCESORIOS;1004
"TUBO SANITARIO LIVIANO 2"" 6MT INDEXCOL";2870;TUBERIAS Y ACCESORIOS;1004
"TUBO SANITARIO LIVIANO 3"" 1MT INDEXCOL";2871;TUBERIAS Y ACCESORIOS;1007
"TUBO SANITARIO LIVIANO 3"" 6MT INDEXCOL";2872;TUBERIAS Y ACCESORIOS;1007
"TUBO SANITARIO LIVIANO 4"" 1MT INDEXCOL";2873;TUBERIAS Y ACCESORIOS;1010
"TUBO SANITARIO LIVIANO 4"" X6MT INDEXCOL";2874;TUBERIAS Y ACCESORIOS;1010
"TUBO SANITARIO PESADO 11/2"" 1MT INDEXCOL";2875;TUBERIAS Y ACCESORIOS;1003
"TUBO SANITARIO PESADO 11/2"" 1MT TIGRE";2876;TUBERIAS Y ACCESORIOS;20079
"TUBO SANITARIO PESADO 11/2"" 6MT INDEXCOL";2877;TUBERIAS Y ACCESORIOS;1003
"TUBO SANITARIO PESADO 11/2"" 6MT TIGRE";2878;TUBERIAS Y ACCESORIOS;20079
"TUBO SANITARIO PESADO 2"" 1MT INDEXCOL";2879;TUBERIAS Y ACCESORIOS;1006
"TUBO SANITARIO PESADO 2"" 6MT INDEXCOL";2880;TUBERIAS Y ACCESORIOS;1006
"TUBO SANITARIO PESADO 3"" 1MT INDEXCOL";2881;TUBERIAS Y ACCESORIOS;1009
"TUBO SANITARIO PESADO 3"" 6MT INDEXCOL";2882;TUBERIAS Y ACCESORIOS;1009
"TUBO SANITARIO PESADO 4"" 1MT INDEXCOL";2883;TUBERIAS Y ACCESORIOS;1012
"TUBO SANITARIO PESADO 4"" 6MT INDEXCOL";2884;TUBERIAS Y ACCESORIOS;1012
"TUBO SANITARIO SEMIPESADO 11/2"" 1MT INDEXCOL";2885;TUBERIAS Y ACCESORIOS;1002
"TUBO SANITARIO SEMIPESADO 11/2"" 6MT INDEXCOL";2885T;TUBERIAS Y ACCESORIOS;1002
"TUBO SANITARIO SEMIPESADO 2"" 1MT INDEXCOL";2887;TUBERIAS Y ACCESORIOS;1005
"TUBO SANITARIO SEMIPESADO 2"" 6MT INDEXCOL";2887T;TUBERIAS Y ACCESORIOS;1005
"TUBO SANITARIO SEMIPESADO 3"" 1MT INDEXCOL";2889;TUBERIAS Y ACCESORIOS;1008
"TUBO SANITARIO SEMIPESADO 3"" 6MT INDEXCOL";2889T;TUBERIAS Y ACCESORIOS;1008
"TUBO SANITARIO SEMIPESADO 4"" 1MT INDEXCOL";2891;TUBERIAS Y ACCESORIOS;1011
"TUBO SANITARIO SEMIPESADO 4"" 6MT INDEXCOL";2891T;TUBERIAS Y ACCESORIOS;1011
"TUBO VENTILACION 11/2"" 1MT";2893;TUBERIAS Y ACCESORIOS;
"TUBO VENTILACION 11/2"" 1MT INDEXCOL";2894;TUBERIAS Y ACCESORIOS;
"TUBO VENTILACION 11/2"" 6MT GERFOR";2895;TUBERIAS Y ACCESORIOS;
"TUBO VENTILACION 11/2"" 6MT INDEXCOL";2896;TUBERIAS Y ACCESORIOS;
"TUBO VENTILACION 2"" 1MT GERFOR";2897;TUBERIAS Y ACCESORIOS;
"TUBO VENTILACION 2"" 1MT INDEXCOL";2898;TUBERIAS Y ACCESORIOS;
"TUBO VENTILACION 2"" 6MT GERFOR";2899;TUBERIAS Y ACCESORIOS;
"TUBO VENTILACION 2"" 6MT INDEXCOL";2900;TUBERIAS Y ACCESORIOS;
"TUBO VENTILACION 3"" 1MT GERFOR";2901;TUBERIAS Y ACCESORIOS;
"TUBO VENTILACION 3"" 1MT INDEXCOL";2902;TUBERIAS Y ACCESORIOS;
"TUBO VENTILACION 3"" 6MT GERFOR";2903;TUBERIAS Y ACCESORIOS;
"TUBO VENTILACION 3"" 6MT INDEXCOL";2904;TUBERIAS Y ACCESORIOS;
TUERCA 10MM UN;2909;TORNILLERIA;
TUERCA 4MM UN;2910;TORNILLERIA;
TUERCA 5MM UN;2911;TORNILLERIA;
TUERCA 6MM UN;2912;TORNILLERIA;
TUERCA 8MM UN;2913;TORNILLERIA;
"TUERCA CIEGA 3/8""";2914;TORNILLERIA;
"TUERCA CIEGA 5/16""";2915;TORNILLERIA;
"TUERCA HEX RF 1/4""";2916;TORNILLERIA;
"TUERCA HEX RF 3/16""";2917;TORNILLERIA;
"TUERCA HEX RF 5/16""";2918;TORNILLERIA;
"TUERCA HEX RO 1/8"" DOC";2923D;TORNILLERIA;
"TUERCA HEX RO 1/8"" UN";2923;TORNILLERIA;
"TUERCA HEX RO 3/16"" 50";2924;TORNILLERIA;
"TUERCA HEX RO 3/16"" DOC";2926D;TORNILLERIA;
"TUERCA HEX RO 5/16"" 50";2930;TORNILLERIA;
"TUERCA HEX RO 5/16"" DOC";2932D;TORNILLERIA;
"TUERCA HEX RO 5/16"" UN";2932;TORNILLERIA;
"TUERCA HEX RO 5/32"" DOC";2934D;TORNILLERIA;
TUERCA INTEGRAL CANASTILLA;3263;GRIFERIA;
TUERCA LAVAMANOS;2937;GRIFERIA;
"TUERCA MARIPOSA 1/4"" UN";2905;TORNILLERIA;
"TUERCA MARIPOSA 3/16"" UN";2906;TORNILLERIA;
"TUERCA MARIPOSA 3/8"" UN";2907;TORNILLERIA;
"TUERCA MARIPOSA 5/16"" UN";2908;TORNILLERIA;
TUERCA 5MM IRIZ UN;2938;TORNILLERIA;
TUERCA 6MM IRIZ;2939;TORNILLERIA;
TUERCA 6MM IRIZ FLANGE;2940;TORNILLERIA;
"TUERCA SEGURIDAD 1/2"" UN";2941;TORNILLERIA;
"TUERCA SEGURIDAD 1/4"" UN";2942;TORNILLERIA;
"TUERCA SEGURIDAD 3/16"" UN";2943;TORNILLERIA;
"TUERCA SEGURIDAD 3/8"" UN";2944;TORNILLERIA;
"TUERCA SEGURIDAD 5/16"" UN";2945;TORNILLERIA;
"TUERCA SEGURIDAD 7/16"" UN";2946;TORNILLERIA;
UNION CPVC 1/2;2948;TUBERIAS Y ACCESORIOS;19924
UNION GALVANIZADA 1/2;2949;TUBERIAS Y ACCESORIOS;21002
UNION GALVANIZADA 3/4;2950;TUBERIAS Y ACCESORIOS;21003
UNION GALVANIZADA 3/8;2951;TUBERIAS Y ACCESORIOS;21001
"UNION BRONCE 3/8"" X 1/2""";2952;PARTES Y REPUESTOS;
UNION ANTENA COAXIAL;2953;ELECTRICOS;
"UNION DE REPARACION PVC 1/2"" PCP";2954;TUBERIAS Y ACCESORIOS;
"UNION DE REPARACION SOLDAR 1""";2955;TUBERIAS Y ACCESORIOS;13023
"UNION DE REPARACION SOLDAR 1/2""";2956;TUBERIAS Y ACCESORIOS;13021
"UNION DE REPARACION SOLDAR 3/4""";2957;TUBERIAS Y ACCESORIOS;13023
"UNION DRESSER MANGUERA 1/2""";2958;TUBERIAS Y ACCESORIOS;
"UNION HEMBRA BRONCE 1/2""";2959;PARTES Y REPUESTOS;
"UNION HEMBRA BRONCE 1/4""";2960;PARTES Y REPUESTOS;
"UNION HEMBRA BRONCE 3/8""";2961;PARTES Y REPUESTOS;
"UNION HEMBRA ROSCA PVC 1/2""";2962;TUBERIAS Y ACCESORIOS;
"UNION MACHO BRONCE 1/2""";2963;PARTES Y REPUESTOS;
"UNION MACHO BRONCE 1/4""";2964;PARTES Y REPUESTOS;
"UNION MACHO BRONCE 3/8""";2965;PARTES Y REPUESTOS;
"UNION MACHO ROSCA PVC 1/2""";2966;TUBERIAS Y ACCESORIOS;
"UNION MANGUERA POLIETILENO 1/2""";2967;TUBERIAS Y ACCESORIOS;33436
"UNION PVC 1""";2968;TUBERIAS Y ACCESORIOS;3399
"UNION PVC 1/2""";2969;TUBERIAS Y ACCESORIOS;3364
"UNION PVC 11/2""";2970;TUBERIAS Y ACCESORIOS;3410
"UNION PVC 11/4""";2971;TUBERIAS Y ACCESORIOS;3402
"UNION PVC 2""";2972;TUBERIAS Y ACCESORIOS;3429
"UNION PVC 3/4""";2973;TUBERIAS Y ACCESORIOS;3380
UNION RED PLUG TERMINAL RJ45;2974;ELECTRICOS;
"UNION SANITARIO 2""";2976;TUBERIAS Y ACCESORIOS;1142
"UNION SANITARIO 3""";2977;TUBERIAS Y ACCESORIOS;1143
"UNION SANITARIO 4""";2978;TUBERIAS Y ACCESORIOS;1144
UNION TELEFONICA TERMINAL RJ11;2980;ELECTRICOS;
"UNION UNIVERSAL GALVANIZADA 3/4""";2981;TUBERIAS Y ACCESORIOS;
"UNION UNIVERSAL LISA PVC 1""";2982;TUBERIAS Y ACCESORIOS;
"UNION UNIVERSAL LISA PVC 1/2""";2983;TUBERIAS Y ACCESORIOS;12971
"UNION UNIVERSAL LISA PVC 3/4""";2984;TUBERIAS Y ACCESORIOS;
"UNION UNIVERSAL ROSCA PVC 1""";2985;TUBERIAS Y ACCESORIOS;
"UNION UNIVERSAL ROSCA PVC 1/2""";2986;TUBERIAS Y ACCESORIOS;
"UNION UNIVERSAL ROSCA PVC 3/4""";2987;TUBERIAS Y ACCESORIOS;
UNION Y TEE PLUG TERMINAL RJ11;2979;ELECTRICOS;
UNION UNIVERSAL GALVANIZADA 1/2;2988;TUBERIAS Y ACCESORIOS;
"UNION BRONCE MANGUERA 1/2""";2990;PARTES Y REPUESTOS;
"UNION BRONCE MANGUERA 1/4""";2989;PARTES Y REPUESTOS;
"UNION BRONCE MANGUERA 3/8""";2991;PARTES Y REPUESTOS;
VALLETILLA;3439;PINTURAS Y DISOLVENTES;
VALVULA  DESCARGA NUKI ADVANCE 26 CM;2993;TUBERIAS Y ACCESORIOS;20333
"VALVULA BOLA LATON 1"" VERONI";3681;TUBERIAS Y ACCESORIOS;
"VALVULA BOLA BRONCE 1/2"" GRINACA";3679;TUBERIAS Y ACCESORIOS;
"VALVULA BOLA LATON 1/2"" GRIVAL";3680;TUBERIAS Y ACCESORIOS;
"VALVULA BOLA LATON 11/4"" VERONI";2994;TUBERIAS Y ACCESORIOS;
VALVULA TANQUE FLOTADOR KAUDAL;2995;TUBERIAS Y ACCESORIOS;
"VALVULA BOLA LATON ROSCA 1/2"" PRESION";2996;TUBERIAS Y ACCESORIOS;
ESCOBA SUAVE ITALIANA 1A;2997;TUBERIAS Y ACCESORIOS;30442
"VALVULA BOLA LATON 2"" VERONI";2998;TUBERIAS Y ACCESORIOS;
"VALVULA BOLA MACHO 1/2"" PCP";2999;TUBERIAS Y ACCESORIOS;
"VALVULA BOLA PVC 1"" ROSCA GRIVAL";3000;TUBERIAS Y ACCESORIOS;99915
"VALVULA BOLA PVC 1/2"" ROSCA GRIVAL";3002;TUBERIAS Y ACCESORIOS;4399
"VALVULA BOLA PVC 1/2"" SOLDAR GRIVAL";3003;TUBERIAS Y ACCESORIOS;4405
"VALVULA BOLA PVC 3/4"" ROSCA GRIVAL";3015;GRIFERIA;99908
"VALVULA BOLA PVC 3/4"" SOLDAR GRIVAL";3016;GRIFERIA;
VALVULA BOLA TRO GAS 1/2 GRIVAL;2992;TUBERIAS Y ACCESORIOS;48430
VALVULA BOLA LATON 1/4 SAS PN 40;3004;TUBERIAS Y ACCESORIOS;
"VALVULA BOLA LATON 11/2"" VERONI";3005;TUBERIAS Y ACCESORIOS;
ARBOL VALVULA DE DESCARGA 26CM NUKI GRIVAL;3006;GRIFERIA;36880
ARBOL VALVULA DE ENTRADA UNIVERSAL PLUS;3007;TUBERIAS Y ACCESORIOS;85333
ARBOL VALVULA DE ENTRADA 26CM ATLAS GRIVAL;3008;GRIFERIA;18473
ARBOL VALVULA DE ENTRADA SANITARIA FLUIDMASTER;3010;GRIFERIA;860049
VALVULA DE REGULACION DOBLE RIOPLAST;3011;GRIFERIA;2265
VALVULA DE REGULACION SENCILLA RIOPLAST;3012;GRIFERIA;112
ARBOL VALVULA DE SALIDA RIOPLAST;3013;GRIFERIA;169
ARBOL VALVULA DE ENTRADA MASTER UNIVERSAL GRIVAL;3014;GRIFERIA;60333
ARBOL VALVULA DE ENTRADA TANQUE ALTO FLUIDMASTER;3017;GRIFERIA;860098
ARBOL VALVULA DE ENTRADA TANQUE AEREO BOCCHERINI;3018;GRIFERIA;A213
VALVULA POZUELO BRONCE 11/2;3019;GRIFERIA;
VALVULA POZUELO CON SOSCO;2202;HERRAJES Y SOPORTES;
"VALVULA POZUELO PVC 2"" SIN SOSCO";3020;GRIFERIA;
VALVULA TANQUE HIDRO 26 GRIVAL;3022;GRIFERIA;1688
VALVULA TANQUE KAUDAL;3021;GRIFERIA;2925
VARILLA CORRUGADA G- 60 12MM X 6M;3686;GRIFERIA;
VARILLA CORRUGADA G-60 12MM X 1M;3687;GRIFERIA;
VARILLA FLOTADOR METALICA ECO;3023;GRIFERIA;1698
VARILLA FLOTADOR PLASTICA 13CM;3024;GRIFERIA;
VARILLA FLOTADOR PLASTICA 17CM;3025;GRIFERIA;
VARILLA FLOTADOR PLASTICA 21CM;3026;GRIFERIA;
"VARILLA ROSCADA XMT 1/2""";3584;TORNILLERIA;
"VARILLA ROSCADA XMT 1/4""";3027;TORNILLERIA;
"VARILLA ROSCADA XMT 3/8""";3028;TORNILLERIA;
"VARILLA ROSCADA XMT 5/16""";3029;TORNILLERIA;
VARSOL 1 BOTELLA 750CC;3032;PINTURAS Y DISOLVENTES;
VARSOL 1 GALON CON ENVASE;3033;PINTURAS Y DISOLVENTES;
VARSOL 1 GALON SIN ENVASE;3034;PINTURAS Y DISOLVENTES;
VARSOL 1/2 BOTELLA 375CC;3030;PINTURAS Y DISOLVENTES;
VARSOL 1/2 GALON;3031;PINTURAS Y DISOLVENTES;
VARSOL 5 GALONES 1 CUï¿½ETE CON ENVASE;3035;PINTURAS Y DISOLVENTES;
VARSOL 5 GALONES 1 CUï¿½ETE SIN ENVASE;3036;PINTURAS Y DISOLVENTES;
VASELINA 50g;3662;PINTURAS Y DISOLVENTES;
VASO OSTER;3037;HOGAR Y COCINA;
VASTAGO EN BRONCE;3521;GRIFERIA;
VIDRIO CARETA TRANSPARENTE;3044;ABRASIVOS Y CONSUMIBLES;2585
VIGUETAS;3048;PERFILES Y WINES;FV3
VINILO TIPO 1 VINILICO AZUL OCEANICO 1 GALON PINTUCO;3053;PINTURAS Y DISOLVENTES;10013706
VINILO TIPO 1 VINILICO AZUL OCEANICO 1/2 G PINTUCO;3049;PINTURAS Y DISOLVENTES;10013706
VINILO TIPO 1 VINILICO AZUL OCEANICO 1/32 G PINTUCO;3050;PINTURAS Y DISOLVENTES;10013706
VINILO TIPO 1 VINILICO AZUL OCEANICO 1/4 G PINTUCO;3051;PINTURAS Y DISOLVENTES;10013706
VINILO TIPO 1 VINILICO AZUL OCEANICO 1/8 G PINTUCO;3052;PINTURAS Y DISOLVENTES;10013706
VINILO T1 VINILICO BLANCO 1 GALON G PINTUCO;3058;PINTURAS Y DISOLVENTES;10013709
VINILO T1 VINILICO BLANCO 1/2 G PINTUCO;3054;PINTURAS Y DISOLVENTES;10016277
VINILO T1 VINILICO BLANCO 1/32 G PINTUCO;3055;PINTURAS Y DISOLVENTES;10016277
VINILO T1 VINILICO BLANCO 1/4 G PINTUCO;3056;PINTURAS Y DISOLVENTES;10016277
VINILO T1 VINILICO BLANCO 1/8 G PINTUCO;3057;PINTURAS Y DISOLVENTES;10016277
VINILO T1 VINILICO BLANCO BALDE 2.5 GALONES PINTUCO;3059;PINTURAS Y DISOLVENTES;10015222
VINILO T1 VINILICO BLANCO CANECA 5 GALONES PINTUCO;3060;PINTURAS Y DISOLVENTES;10016277.2  18 O 20%
VINILO TIPO 1 VINILICO BLANCO HUESO 1 GALON PINTUCO;3061;PINTURAS Y DISOLVENTES;10013714
VINILO TIPO 1 VINILICO CURUBA 1 GALON PINTUCO;3066;PINTURAS Y DISOLVENTES;10013719
VINILO TIPO 1 VINILICO CURUBA 1/2 G PINTUCO;3062;PINTURAS Y DISOLVENTES;10013719
VINILO TIPO 1 VINILICO CURUBA 1/32 G PINTUCO;3063;PINTURAS Y DISOLVENTES;10013719
VINILO TIPO 1 VINILICO CURUBA 1/4 G PINTUCO;3064;PINTURAS Y DISOLVENTES;10013719
VINILO TIPO 1 VINILICO CURUBA 1/8 G PINTUCO;3065;PINTURAS Y DISOLVENTES;10013719
VINILO TIPO 1 VINILICO MANDARINA 1 GALON PINTUCO;3071;PINTURAS Y DISOLVENTES;10012263
VINILO TIPO 1 VINILICO MANDARINA 1/2 G PINTUCO;3067;PINTURAS Y DISOLVENTES;10012263
VINILO TIPO 1 VINILICO MANDARINA 1/32 G PINTUCO;3068;PINTURAS Y DISOLVENTES;10012263
VINILO TIPO 1 VINILICO MANDARINA 1/4 G PINTUCO;3069;PINTURAS Y DISOLVENTES;10012263
VINILO TIPO 1 VINILICO MANDARINA 1/8 G PINTUCO;3070;PINTURAS Y DISOLVENTES;10012263
VINILO TIPO 1 VINILICO ROJO COLONIAL 1 GALON PINTUCO;3076;PINTURAS Y DISOLVENTES;10013739
VINILO TIPO 1 VINILICO ROJO COLONIAL 1/2 G PINTUCO;3072;PINTURAS Y DISOLVENTES;10013739
VINILO TIPO 1 VINILICO ROJO COLONIAL 1/32 G PINTUCO;3073;PINTURAS Y DISOLVENTES;10013739
VINILO TIPO 1 VINILICO ROJO COLONIAL 1/4 G PINTUCO;3074;PINTURAS Y DISOLVENTES;10013739
VINILO TIPO 1 VINILICO ROJO COLONIAL 1/8 G PINTUCO;3075;PINTURAS Y DISOLVENTES;10013739
VINILO TIPO 1 VINILICO TERRACOTA 1 GALON PINTUCO;3081;PINTURAS Y DISOLVENTES;10013731
VINILO TIPO 1 VINILICO TERRACOTA 1/2 G PINTUCO;3077;PINTURAS Y DISOLVENTES;10013731
VINILO TIPO 1 VINILICO TERRACOTA 1/32 G PINTUCO;3078;PINTURAS Y DISOLVENTES;10013731
VINILO TIPO 1 VINILICO TERRACOTA 1/4 G PINTUCO;3079;PINTURAS Y DISOLVENTES;10013731
VINILO TIPO 1 VINILICO TERRACOTA 1/8 G PINTUCO;3080;PINTURAS Y DISOLVENTES;10013731
VINILO TIPO 1 VINILICO VERDE PRIMAVERAL 1 GALON PINTUCO;3043;PINTURAS Y DISOLVENTES;
VINILO TIPO 1 VINILICO VERDE PRIMAVERAL 1/2 G PINTUCO;3039;PINTURAS Y DISOLVENTES;
VINILO TIPO 1 VINILICO VERDE PRIMAVERAL 1/32 G PINTUCO;3040;PINTURAS Y DISOLVENTES;
VINILO TIPO 1 VINILICO VERDE PRIMAVERAL 1/4 G PINTUCO;3041;PINTURAS Y DISOLVENTES;
VINILO TIPO 1 VINILICO VERDE PRIMAVERAL 1/8 G PINTUCO;3042;PINTURAS Y DISOLVENTES;
VINILO T1 BASICO BALDE TITO PABON;3435;PINTURAS Y DISOLVENTES;22197 20%
VINILO T1 BASICO CANECA TITO PABON;3436;PINTURAS Y DISOLVENTES;22198  20%
VINILO T1 BASICO GALON TITO PABON;3434;PINTURAS Y DISOLVENTES;22199  30%
VINILO T2 BASICO CANECA TITO PABON;3432;PINTURAS Y DISOLVENTES;22194  25%
VINILO CONCEN TIPOII AMARILLO 1 G SUPER;3086;PINTURAS Y DISOLVENTES;143
VINILO CONCEN TIPOII AMARILLO 1/2 G SUPER;3082;PINTURAS Y DISOLVENTES;143
VINILO CONCEN TIPOII AMARILLO 1/32 G SUPER;3083;PINTURAS Y DISOLVENTES;143
VINILO CONCEN TIPOII AMARILLO 1/4 G SUPER;3084;PINTURAS Y DISOLVENTES;143
VINILO CONCEN TIPOII AMARILLO 1/8 G SUPER;3085;PINTURAS Y DISOLVENTES;143
VINILO CONCEN TIPOII AZUL 1 GALON SUPER;3092;PINTURAS Y DISOLVENTES;149
VINILO CONCEN TIPOII AZUL 1/2 G SUPER;3087;PINTURAS Y DISOLVENTES;149
VINILO CONCEN TIPOII AZUL 1/32 G SUPER;3088;PINTURAS Y DISOLVENTES;149
VINILO CONCEN TIPOII AZUL 1/4 G SUPER;3090;PINTURAS Y DISOLVENTES;149
VINILO CONCEN TIPOII AZUL 1/8 G SUPER;3091;PINTURAS Y DISOLVENTES;149
VINILO CONCEN TIPOII NARANJA 1 GALON SUPER;3097;PINTURAS Y DISOLVENTES;145
VINILO CONCEN TIPOII NARANJA 1/2 G SUPER;3093;PINTURAS Y DISOLVENTES;145
VINILO CONCEN TIPOII NARANJA 1/32 G SUPER;3094;PINTURAS Y DISOLVENTES;145
VINILO CONCEN TIPOII NARANJA 1/4 G SUPER;3095;PINTURAS Y DISOLVENTES;145
VINILO CONCEN TIPOII NARANJA 1/8 G SUPER;3096;PINTURAS Y DISOLVENTES;145
VINILO CONCEN TIPOII NEGRO 1 GALON SUPER;3102;PINTURAS Y DISOLVENTES;153
VINILO CONCEN TIPOII NEGRO 1/2 G SUPER;3098;PINTURAS Y DISOLVENTES;153
VINILO CONCEN TIPOII NEGRO 1/32 G SUPER;3099;PINTURAS Y DISOLVENTES;153
VINILO CONCEN TIPOII NEGRO 1/4 G SUPER;3100;PINTURAS Y DISOLVENTES;153
VINILO CONCEN TIPOII NEGRO 1/8 G SUPER;3101;PINTURAS Y DISOLVENTES;153
VINILO CONCEN TIPOII OCRE 1 GALON SUPER;3107;PINTURAS Y DISOLVENTES;145
VINILO CONCEN TIPOII OCRE 1/2 G SUPER;3103;PINTURAS Y DISOLVENTES;145
VINILO CONCEN TIPOII OCRE 1/32 G SUPER;3104;PINTURAS Y DISOLVENTES;145
VINILO CONCEN TIPOII OCRE 1/4 G SUPER;3105;PINTURAS Y DISOLVENTES;145
VINILO CONCEN TIPOII OCRE 1/8 G SUPER;3106;PINTURAS Y DISOLVENTES;145
VINILO CONCEN TIPOII ROJO 1 GALON SUPER;3112;PINTURAS Y DISOLVENTES;145
VINILO CONCEN TIPOII ROJO 1/2 G SUPER;3108;PINTURAS Y DISOLVENTES;145
VINILO CONCEN TIPOII ROJO 1/32 G SUPER;3109;PINTURAS Y DISOLVENTES;145
VINILO CONCEN TIPOII ROJO 1/4 G SUPER;3110;PINTURAS Y DISOLVENTES;145
VINILO CONCEN TIPOII ROJO 1/8 G SUPER;3111;PINTURAS Y DISOLVENTES;145
VINILO CONCEN TIPOII ROJO COLONIAL 1 GALON SUPER;3117;PINTURAS Y DISOLVENTES;145
VINILO CONCEN TIPOII ROJO COLONIAL 1/2 G SUPER;3113;PINTURAS Y DISOLVENTES;145
VINILO CONCEN TIPOII ROJO COLONIAL 1/32 G SUPER;3114;PINTURAS Y DISOLVENTES;145
VINILO CONCEN TIPOII ROJO COLONIAL 1/4 G SUPER;3115;PINTURAS Y DISOLVENTES;145
VINILO CONCEN TIPOII ROJO COLONIAL 1/8 G SUPER;3116;PINTURAS Y DISOLVENTES;145
VINILO CONCEN TIPOII VERDE 1 GALON SUPER;3122;PINTURAS Y DISOLVENTES;147
VINILO CONCEN TIPOII VERDE 1/2 G SUPER;3118;PINTURAS Y DISOLVENTES;147
VINILO CONCEN TIPOII VERDE 1/32 G SUPER;3119;PINTURAS Y DISOLVENTES;147
VINILO CONCEN TIPOII VERDE 1/4 G SUPER;3120;PINTURAS Y DISOLVENTES;147
VINILO CONCEN TIPOII VERDE 1/8 G SUPER;3121;PINTURAS Y DISOLVENTES;147
"GRATA COPA 4"" ALAMBRE TRENZADO MULTI-ROSCA TRUPER";3711;ABRASIVOS Y CONSUMIBLES;100852
MULTIHERRAMIENTA 6 FUNCIONES TIPO LLAVERO TRUPER;3712;HOGAR Y COCINA;13336
"FALSA ESCUADRA 8"" DE ACERO INOX MANGO ABS TRUPER";3713;HERRAMIENTA MANUAL;14382
"SIERRA COPA BIMETALICA 31/2"" TRUPER";3714;ABRASIVOS Y CONSUMIBLES;14717
ACEITE SEMI-SINTETICO MOTOS 4 TIEMPOS 470ML(16OZ)TRUPER;3715;LUBRICANTES;14928
ACEITE SEMI-SINTETICO MOTOS 4 TIEMPOS 946ML(32OZ)TRUPER;3716;LUBRICANTES;14929
"SIERRA COPA BIMETALICA 21/4"" TRUPER";3717;ABRASIVOS Y CONSUMIBLES;18099
"SIERRA COPA BIMETALICA 23/4"" TRUPER";3718;ABRASIVOS Y CONSUMIBLES;18120
VENTOSA TIPO CHUPA DE ABS PRETUL;3719;HERRAMIENTA MANUAL;23050
"CUCHILLO CHEF 5"" MANGO MADERA PRETUL";3720;HERRAMIENTA MANUAL;23079
MULTIHERRAMIENTA 12 FUNCIONES PRETUL;3721;HERRAMIENTA MANUAL;24106
JUEGO DE 4 RASPADORES CON MANGO PLASTICO PRETUL;3722;HERRAMIENTA MANUAL;24200
JUEGO DE 12 SIERRA COPA 2 MANDRIL Y LLAVE ALLEN PRETUL;3723;ABRASIVOS Y CONSUMIBLES;26037
LINTERNA RECARGABLE LED 120 LUMENES PRETUL;3724;HOGAR Y COCINA;26101
BOMBA DE PEDAL PARA INFLAR 58 PSI PRETUL;3725;HOGAR Y COCINA;24000
"PLATINA DE 4""";3726;HERRAJES Y SOPORTES;
"PLATINA DE 3""";3727;HERRAJES Y SOPORTES;
"PLATINA DE 2""";3728;HERRAJES Y SOPORTES;
"PLATINA DE 1""";3729;HERRAJES Y SOPORTES;
JUEGO DESTORNILLADOR CELULAR ECO;3730;HERRAJES Y SOPORTES;
"CODO CPVC 3/4""";3731;TUBERIAS Y ACCESORIOS;
"TEE CPVC 3/4""";3732;TUBERIAS Y ACCESORIOS;
"UNION CPVC 3/4""";3733;TUBERIAS Y ACCESORIOS;
KIT PARA DESPINCHAR;3734;PEGANTES;
VINILO T2 BASICO BALDE TITO PABON;262;PINTURAS Y DISOLVENTES;22193  30%
VINILO T2 BASICO GALON TITO PABON;3124;CONSTRUCCION;22195  30%
VINILTEX ADVANCE 1 GALON PINTUCO;3125;PINTURAS Y DISOLVENTES;
VINILO T2 VINILUX BLANCO 1 GALON PINTUCO;3130;PINTURAS Y DISOLVENTES;10013661 30%
VINILO T2 VINILUX BLANCO 1/2 G PINTUCO;3126;PINTURAS Y DISOLVENTES;10013661
VINILO T2 VINILUX BLANCO 1/32 G PINTUCO;3127;PINTURAS Y DISOLVENTES;10013661
VINILO T2 VINILUX BLANCO 1/4 G PINTUCO;3128;PINTURAS Y DISOLVENTES;10013661
VINILO T2 VINILUX BLANCO 1/8 G PINTUCO;3129;PINTURAS Y DISOLVENTES;10013661
VINILO T2 VINILUX BLANCO BALDE 2.5 GALONES PINTUCO;3131;PINTURAS Y DISOLVENTES;10015213 20%
VINILO T2 VINILUX BLANCO CANECA 5 GALONES PINTUCO;3132;PINTURAS Y DISOLVENTES;10016242 20%
VINIPEL REF 100;3133;DOTACION INDUSTRIAL;
VINIPEL REF 50;3134;DOTACION INDUSTRIAL;
VIRUTA EN ACERO 200 GR;3138;ASEO;175
VOLVEDOR EN T MACHO HASTA 1/4;3139;HERRAMIENTA MANUAL;11439
WIN ESPAï¿½OL ALUMINIO 1MT;3140;PERFILES Y WINES;20021.6
WIN ESPAï¿½OL ALUMINIO TIRA X 6MT;3140T;PERFILES Y WINES;20021.5
WIN MARMOL BLANCO 2.4MT DALAMO;3144;PERFILES Y WINES;WEMAB
WIN MARMOL CRUDO 2.4MT DALAMO;3145;PERFILES Y WINES;
WIN MARMOL ALMENDRA 2.4 DALAMO;3146;PERFILES Y WINES;
WIN PLASTICO TRADICIONAL BLANCO 2.4MT;3148;PERFILES Y WINES;WPTBL
WIN TRADICIONAL ALUMINIO 1MT;3142;PERFILES Y WINES;20019.6
WIN TRADICIONAL ALUMINIO TIRA X6M;3142T;PERFILES Y WINES;20019
"YEE SANITARIO 11/2""";3155;TUBERIAS Y ACCESORIOS;
"YEE SANITARIO 2""";3156;TUBERIAS Y ACCESORIOS;1147
"YEE SANITARIO 3""";3157;TUBERIAS Y ACCESORIOS;1148
"YEE SANITARIO 4""";3158;TUBERIAS Y ACCESORIOS;1150
"YEE SANITARIO REDUCIDA 3""X2";3159;TUBERIAS Y ACCESORIOS;
YESO BLANCO 12k ECOYESO;3160;CONSTRUCCION;12 bulto
YESO BLANCO 1k ECOYESO;3161;CONSTRUCCION;
YESO BLANCO 25k ECOYESO;3162;CONSTRUCCION;30%
"ZAPAPICO MADERA 5 LB 36"" TRUPER";3164;HERRAMIENTA MANUAL;18647
ZAPAPIKO 5 LIBRAS SIN CABO HERRAGRO;3427;HERRAMIENTA MANUAL;10013719
ZUNCHO PLASTICO REF 500;3165;SOGAS Y CADENAS;
MANTENIMIENTO CERRADURA / CHAPA;2090;SERVICIOS;HACE REFERENCIA A  LIMPIEZA, SACAR LLAVE O DESRABAR LA CHAPA O SI EL CAMBIO DE LLAVE ES A UN SOLO CILIINDRO.
ALQUILER DE CIZALLA 1 HORA;697;SERVICIOS;
ALQUILER DE ESCALERA 1 HORA;2181;SERVICIOS;
ALQUILER DE HERRAMIENTA / FRACCION;3170;SERVICIOS;Solo se presta herramienta por una fraccion de tiempo corta, se debe dejar documento. si se va a demorar no se presta mejor se le ofrece que compre. Si la herramienta llega en mal estado debe pagarla, comprar una nueva y llevarse la que estï¿½ en mal estado.
ALQUILER DE TALADRO 1 HORA;490;SERVICIOS;DEJAR DOCUMENTO VIGENTE  Y $50000 PESOS DE BASE
ALQUILER DE ZORRA 1 HORA;1441;SERVICIOS;DEJAR DOCUMENTO VIGENTE, LLENAR FORMATO. EN CASO DE COMPRA DE MATERIAL DEL ALMACEN NO SE COBRA EL ALQUILER.
CAMBIO DE FUSIBLE OLLA;776;SERVICIOS;
CAMBIO DE GUARDAS CERRADURA / CHAPA;919;SERVICIOS;SE ENTREGA CON DOS COPIAS DE LLAVES.
INFLAR BALON;3398;SERVICIOS;
INFLAR BICICLETA 1 O 2 RUEDAS;3399;SERVICIOS;
PUNTO DE SOLDADURA;766;SERVICIOS;
BOMBILLO VEHICULO W5W NARVA;3735;ELECTRICOS;
SILICONA GRIS T 50ML LOCTITE;3736;PEGANTES;
"TUBO CPVC 3/4"" X 3 MT PAVCO";4292T;TUBERIAS Y ACCESORIOS;
JUEGO DE 4 SIERRA COPAS BIMETALICA CON MANDRIL TRUPER;3738;ABRASIVOS Y CONSUMIBLES;100815
PIN CHAVETA 3/16 X 3/4, 1, 11/4;3739;TORNILLERIA;
TUBO CINTA TERMOENCOGIBLE 5MM 1MT;3740;PEGANTES;
TUBO CINTA TERMOENCOGIBLE 25MM 1MT;3741;PEGANTES;
ESMALTE PINTULUX TEU GRIS PLATA 1G PINTUCO;3742;PINTURAS Y DISOLVENTES;35145
ESMALTE PINTULUX TEU NEGRO 1G PINTUCO;3743;PINTURAS Y DISOLVENTES;35127
PISTOLA DE SOLDAR 140W 2Tï¿½ TRUPER;3744;HERRAMIENTA ELECTRICA;17548
TALADRO PERCUTOR 1/2 350W BOSCH;3745;HERRAMIENTA ELECTRICA;70335
PULIDORA ANGULAR 41/2 670W BOSCH;3746;HERRAMIENTA ELECTRICA;89803
"DISCO CORTE METAL 41/2"" 3M";3747;ABRASIVOS Y CONSUMIBLES;1839
"DISCO CORTE METAL 7"" 3M";3748;ABRASIVOS Y CONSUMIBLES;5714
POLISOMBRA NEGRA ECLIPSE 4MT X1MT;3749;CONSTRUCCION;2031
WIN MARMOL GRIS CLARO 2.4MT DALAMO;3750;CONSTRUCCION;47392
WIN MARMOL ALMENDRA 2.4MT DALAMO;3751;CONSTRUCCION;70241
WIN BLANCO NEVADO BRILLANTE 2.4MT DALAMO;3752;CONSTRUCCION;82864
WIN NEGRO BRILLANTE 2.4MT DALAMO;3753;CONSTRUCCION;2239
WIN NEGRO PLANO 2.4MT DALAMO;3754;CONSTRUCCION;2208
WIN MARMOL NOGAL OSCURO 2.4MT DALAMO;3755;CONSTRUCCION;
WIN MARMOL NEGRO 2.4MT DALAMO;3756;CONSTRUCCION;
WIN NOGAL BRILLANTE 2.4MT DALAMO;3757;CONSTRUCCION;
WIN BLANCO NEVADO PLANO 2.4MT DALAMO;3758;CONSTRUCCION;
WIN CHAMPAï¿½A BRILLANTE 2.4MT DALAMO;3759;CONSTRUCCION;
WIN BEIGE PLANO 2.4MT DALAMO;3760;CONSTRUCCION;
WIN MARMOL ALMENDRA 2.4MT DALAMO;3761;CONSTRUCCION;
WIN MARMOL TURRON 2.4MT DALAMO;3762;CONSTRUCCION;
WIN MARMOL TERRAZO 2.4MT DALAMO;3763;CONSTRUCCION;
WIN MARMOL TRAVERTINO 2.4MT DALAMO;3764;CONSTRUCCION;
WIN MARMOL BROWN 2.4MT DALAMO;3765;CONSTRUCCION;
WIN MARMOL ARENA 2.4MT DALAMO;3766;CONSTRUCCION;
WIN MARMOL GRIS 2.4MT DALAMO;3767;CONSTRUCCION;
WIN WENGUE 2.4MT DALAMO;3768;CONSTRUCCION;
WIN CERAMICO MARMOL GRIS OSCURO 2.4MT DALAMO;3769;CONSTRUCCION;
ESQUINERO BLANCO NEVADO INTRAPLAST;3770;CONSTRUCCION;
ESQUINERO BLANCO GLACIAL INTRAPLAST;3771;CONSTRUCCION;2239
ESQUINERO GRIS INTRAPLAST;3772;CONSTRUCCION;
ESQUINERO HAYA INTRAPLAST;3773;CONSTRUCCION;
ESQUINERO CEDRO INTRAPLAST;3774;CONSTRUCCION;
ESQUINERO SALVAJE INTRAPLAST;3775;CONSTRUCCION;
ESQUINERO WENGUE INTRAPLAST;3776;CONSTRUCCION;2208
PINTURA EN SPRAY  AMARILLO COLOMBIA BRILLANTE 400ML PINTE;3777;CONSTRUCCION;8837
PINTURA EN SPRAY AZUL ESPAï¿½OL BRILLANTE 400ML PINTE;3778;CONSTRUCCION;8838
PINTURA EN SPRAY BLANCO BRILLANTE 400ML PINTE;3779;CONSTRUCCION;8839
PINTURA EN SPRAY BLANCO MATE 400ML PINTE;3780;CONSTRUCCION;8840
PINTURA EN SPRAY GRIS CLARO BRILLANTE  400ML PINTE;3781;CONSTRUCCION;8841
PINTURA EN SPRAY METALIZADO ORO 400ML PINTE;3782;CONSTRUCCION;8844
PINTURA EN SPRAY ROJO CLARO BRILLANTE 400ML PINTE;3783;CONSTRUCCION;8845
PINTURA EN SPRAY ROJO OSCURO BRILLANTE 400ML PINTE;3784;CONSTRUCCION;8846
PINTURA EN SPRAY TRANSPARENTE MATE 400ML PINTE;3785;CONSTRUCCION;8848
PINTURA EN SPRAY METALIZADO PLATA 400ML PINTE;3786;CONSTRUCCION;8849
PINTURA EN SPRAY GRIS MATE ANTICORROSIVO 400ML PINTE;3787;CONSTRUCCION;8850
PINTURA EN SPRAY CREMA BRILLANTE 400ML PINTE;3788;CONSTRUCCION;14929
PINTURA EN SPRAY ROJO FUEGO BRILLANTE  400ML PINTE;3789;CONSTRUCCION;14930
PINTURA EN SPRAY CAFE OSCURO BRILLANTE 400ML PINTE;3790;CONSTRUCCION;14931
PINTURA EN SPRAY GRIS OSCURO BRILLANTE 400ML PINTE;3791;CONSTRUCCION;14932
PINTURA EN SPRAY GRIS BRILLANTE 400ML PINTE;3792;CONSTRUCCION;14933
PINTURA EN SPRAY AZUL CLARO BRILLANTE 400ML PINTE;3793;CONSTRUCCION;14935
PINTURA EN SPRAY AMARILLO CATERPILLAR BRILLANTE 400ML PINTE;3794;CONSTRUCCION;14937
PINTURA EN SPRAY VERDE BRILLANTE 400ML PINTE;3795;CONSTRUCCION;14938
PINTURA EN SPRAY VERDE JADE BRILLANTE 400ML PINTE;3796;CONSTRUCCION;14939
PINTURA EN SPRAY VERDE CLARO BRILLANTE 400ML PINTE;3797;CONSTRUCCION;14940
PINTURA EN SPRAY VINOTINTO BRILLANTE 400ML PINTE;3798;CONSTRUCCION;14941
PINTURA EN SPRAY NARANJA BRILLANTE 400ML PINTE;3799;CONSTRUCCION;14942
PINTURA EN SPRAY ALUMINIO CLARO BRILLANTE 400ML PINTE;3800;CONSTRUCCION;14943
PINTURA EN SPRAY METALIZADO ALUMINIO OSCURO 400ML PINTE;3801;CONSTRUCCION;14944
PINTURA EN SPRAY ROJO MATE ANTICORROSIVO 400ML PINTE;3802;CONSTRUCCION;14945
PINTURA EN SPRAY NEGRO ALTA TEMPERATURA 400ML PINTE;3803;CONSTRUCCION;14946
PINTURA EN SPRAY ALUMINIO ALTA TEMPERATURA 400ML PINTE;3804;CONSTRUCCION;14947
PINTURA EN SPRAY VERDE FLUORESCENTE 400ML PINTE;3805;CONSTRUCCION;14948
PINTURA EN SPRAY NARANJA FLUORESCENTE 400ML PINTE;3806;CONSTRUCCION;14949
PINTURA EN SPRAY AMARILLO FLUORESCENTE 400ML PINTE;3807;CONSTRUCCION;14950
PINTURA EN SPRAY ROJO FLUORESCENTE 400ML PINTE;3808;CONSTRUCCION;15004
PINTURA EN SPRAY METALIZADO CROMO PINTE;3811;CONSTRUCCION;15007
CAUTIN TIPO LAPIZ TRABAJO PESADO 60W PRETUL;3812;ELECTRICOS;22810Punta de latï¿½n con recubrimiento de nï¿½quel
DUCHA HORIZONTAL LUSSO BLANCA A110V BOCCHERINI;3813;ELECTRICOS;2801110
CINTA AMARILLA LA ORIGINAL 24 MM X 50MT 3M;3814;PEGANTES;
CANDADO GOLD WALL BLISS 60 MM ORIGINAL;3815;CERRAJERIA Y SEGURIDAD;
MARTILLO MINI TATAMACO ECO;3816;HERRAMIENTA MANUAL;
CANCAMO CERRADO N 16 RANGER;3817;TORNILLERIA;
CANCAMO CERRADO N 18 RANGER;3818;TORNILLERIA;
CANCAMO CERRADO N 14 RANGER;3819;TORNILLERIA;
LAMPARA ANTIPOLVO 1.20 MT MERCURY;3821;ELECTRICOS;
CARGA DE BATERIA 3 HORAS;3822;SERVICIOS;
ARENA DE RIO 1/2 MT;3823;CONSTRUCCION;
ARENA DE RIO 1 MT;3824;CONSTRUCCION;
LLAVE BRISTOL CORTA L 5/64pg IW10549;3825;HERRAMIENTA MANUAL;11685
LLAVE BRISTOL CORTA L 3/32pg IW10550;3826;HERRAMIENTA MANUAL;11686
LLAVE BRISTOL CORTA L 1/8pg IW10552;3827;HERRAMIENTA MANUAL;11688
LLAVE BRISTOL CORTA L 5/32pg IW10554;3828;HERRAMIENTA MANUAL;11690
LLAVE BRISTOL CORTA L 3/16pg IW10555;3829;HERRAMIENTA MANUAL;11691
LLAVE BRISTOL CORTA L 7/32pg IW10556;3830;HERRAMIENTA MANUAL;11692
LLAVE BRISTOL CORTA L 1/4pg IW10557;3831;HERRAMIENTA MANUAL;11692
LLAVE BRISTOL  CORTA L 5/16pg IW10558;3832;HERRAMIENTA MANUAL;11694
LLAVE BRISTOL CORTA L 3/8pg IW10559;3833;HERRAMIENTA MANUAL;11695
LLAVE BRISTOL CORTA L 1.5mm IW10567;3834;HERRAMIENTA MANUAL;11703
LLAVE BRISTOL CORTA L 2.5mm IW10569;3835;HERRAMIENTA MANUAL;11705
LLAVE BRISTOL CORTA L 3mm IW10570;3836;HERRAMIENTA MANUAL;11706
LLAVE BRISTOL CORTA L 5mm IW10572;3838;HERRAMIENTA MANUAL;11708
LLAVE BRISTOL CORTA L 6mm IW10573;3839;HERRAMIENTA MANUAL;11709
LLAVE BRISTOL CORTA L 7mm IW10574;3840;HERRAMIENTA MANUAL;11710
LLAVE BRISTOL CORTA L 8mm IW10575;3841;HERRAMIENTA MANUAL;11711
LLAVE BRISTOL CORTA L 10mm IW10577;3842;HERRAMIENTA MANUAL;11713
SILICONA AROMA FRESA UV 350ML SIMONIZ;3843;PEGANTES;41890
SILICONA ULTRA RAPIDA AEROSOL 300ML SIMONIZ;3844;PEGANTES;44743
SILICONA CAR NUEVO UV 300ML SIMONIZ;3845;PEGANTES;44744 -30%
BOMBILLO LED 30W SILVANIA;3846;ELECTRICOS;
BOMBILLO LED 20W SILVANIA;3847;ELECTRICOS;
NIVEL TORPEDO ECONOMICO;3848;HERRAMIENTA MANUAL;
KIT GRIFERIA SANITARIA BOTON LAGUNA GRIVAL;3849;GRIFERIA;46115
TRAPERO REF 800;3850;HOGAR Y COCINA;
LUBRICANTE MULTIUSOS 450ML DTURIN;3851;LUBRICANTES;DT913
ESPONJILLA BOMBRIL BRILLO;3852;HOGAR Y COCINA;
CABLE ENCAUCHETADO 3X14;3853;ELECTRICOS;669
TAPON MACHO GALVANIZADO 3/4;3854;TUBERIAS Y ACCESORIOS;
TAPON MACHO GALVANIZADO 3/8;3855;TUBERIAS Y ACCESORIOS;
TEE COBRE 1/2;3856;TUBERIAS Y ACCESORIOS;
CADENA MULTIUSO TRENZADA DE ZINC;3857;CERRAJERIA Y SEGURIDAD;
"GRATA TRENZADA PARA PULIDORA 6"" TRUPER";3858;HERRAMIENTA MANUAL;11597
CAJA CHAPA CHISMOSA SENCILLA;3865;CERRAJERIA Y SEGURIDAD;
MANIJA DECO ARCO N3;3866;HERRAJES Y SOPORTES;
MANIJA TUBULAR NIQUELADA N 1;3867;HERRAJES Y SOPORTES;
MANIJA TUBULAR NIQUELADA N 2;3868;HERRAJES Y SOPORTES;
MANIJA TUBULAR NIQUELADA N 3;3869;HERRAJES Y SOPORTES;
MANIJA TIRADERA ALUMINIO N 1;3870;HERRAJES Y SOPORTES;
MANIJA TIRADERA ALUMINIO N 2;3871;HERRAJES Y SOPORTES;
MANIJA TIRADERA ALUMINIO N 3;3872;HERRAJES Y SOPORTES;
MANIJA TIRADERA ALUMINIO N 4;3873;HERRAJES Y SOPORTES;
MANIJA TIRADERA ALUMINIO N 5;3874;HERRAJES Y SOPORTES;
MANIJA PLASTICA CONCHA CAFE;3875;HERRAJES Y SOPORTES;
PERCHERO NIQUELADO TORO PEQUEï¿½O;3876;HERRAJES Y SOPORTES;
PERCHERO NIQUELADO TORO GRANDE;3877;HERRAJES Y SOPORTES;
PERCHERO NIQUELADO SENCILLO;3878;HERRAJES Y SOPORTES;
PERCHERO NIQUELADO DOBLE;3879;HERRAJES Y SOPORTES;
RODACHINA RPL N 10 NYLON;3880;HERRAJES Y SOPORTES;
RODACHINA PISO RPL N 20 METALICA;3881;HERRAJES Y SOPORTES;
RODACHINA COLGANTE RP 10 METALICA Y NYLON;3882;HERRAJES Y SOPORTES;
RODACHINA COLGANTE RP 11 NYLON;3883;HERRAJES Y SOPORTES;
RODACHINA COLGANTE RP 12 NYLON;3884;HERRAJES Y SOPORTES;
RODACHINA COLGANTE RP 5 NYLON;3885;HERRAJES Y SOPORTES;
"RODACHINA GIRATORIA PLATAFORMA 11/4"" CAUCHO";3887;HERRAJES Y SOPORTES;
"RODACHINA GIRATORIA PLATAFORMA 11/2"" CAUCHO";3888;HERRAJES Y SOPORTES;
"RODACHINA GIRATORIA PLATAFORMA 2"" CAUCHO";3889;HERRAJES Y SOPORTES;
"RODACHINA GIRATORIA PLATAFORMA 11/2""PASTA MUEBLE";3890;HERRAJES Y SOPORTES;
"RODACHINA GIRATORIA PLATAFORMA 2"" PASTA MUEBLE";3891;HERRAJES Y SOPORTES;
RODACHINA COLGANTE 4 RUEDAS METALICA P814 FUERTE UNIDAD;3892;HERRAJES Y SOPORTES;
ESPUMA EXPANSIVA 750ML TRUPER;3862;CONSTRUCCION;15305
ESPUMA EXPANSIVA 300ML TRUPER;3863;CONSTRUCCION;10919
"CUCHILLO CON SIERRA 5"" MANGO MADERA PRETUL";3864;HOGAR Y COCINA;23083
"PIE DE AMIGO FLEXIBLE 10"" BLANCO PAR";3893;HERRAJES Y SOPORTES;
SOPORTE REPISA FIJO INVISIBLE 3/8 X 17CM UN;3894;HERRAJES Y SOPORTES;
SOPORTE REPISA FIJO INVISIBLE 3/8 X 24CM UN;3895;HERRAJES Y SOPORTES;
REJILLA DE VENTILACION PANAL PLASTICA 20X40;3899;GRIFERIA;
BISAGRA DE PIVOTE FUERTE BP 60 PAR;3900;HERRAJES Y SOPORTES;
PRENSAESTOPA;3903;TUBERIAS Y ACCESORIOS;
KIT EMPAQUE CERAMICO UNIVERSAL LOZA;3901;GRIFERIA;
SOPORTE PARA EXTINTOR;3902;HERRAJES Y SOPORTES;
CHUPA CON GANCHO MEGA;3904;HERRAJES Y SOPORTES;
"ABRAZADERA INDUSTRIAL 11/4"" TITAN";3896;HERRAJES Y SOPORTES;
"ABRAZADERA INDUSTRIAL 11/2"" TITAN";3897;HERRAJES Y SOPORTES;
"ABRAZADERA INDUSTRIAL 2""  TITAN";3898;HERRAJES Y SOPORTES;
BOLILLERO ROMANO N 2;3905;HERRAJES Y SOPORTES;
GRAPA COLGANTE PARA CUADRO;3906;HERRAJES Y SOPORTES;
TAPATORNILLO MADERA;3907;HERRAJES Y SOPORTES;
BRIDA N1 METALICA NEGRA;3908;HERRAJES Y SOPORTES;
SOPORTE ENTREPAï¿½O PUNTILLA BLANCO;3909;HERRAJES Y SOPORTES;
GANCHO CORTINA BAï¿½O PLASTICO BLANCO;3910;HERRAJES Y SOPORTES;
GUAYA DE ACERO 7H 1/16 RECUBIERTA 1 MT;3911;HERRAJES Y SOPORTES;44220
MANGUERA COMPRESOR 1/4 300 PSI TRUPER;3912;TUBERIAS Y ACCESORIOS;19013
"TORNILLO HEXAGONAL LAMINA PUNTA BROCA ANP 10 X1""";3913;TORNILLERIA;
TORNILLO HEXAGONAL LAMINA PUNTA BROCA ANP 10X11/2;3914;TORNILLERIA;
"TORNILLO HEXAGONAL LAMINA PUNTA BROCA ANP 12 X 2""";3915;TORNILLERIA;
TORNILLO HEXAGONAL LAMINA PUNTA BROCA ANP 12 X 21/2;3916;TORNILLERIA;
"TORNILLO HEXAGONAL LAMINA PUNTA BROCA CAPUCHON 14 X 2""";3917;TORNILLERIA;
"TORNILLO HEXAGONAL LAMINA PUNTA BROCA CAPUCHON 14 X 21/2""";3918;TORNILLERIA;
"MANGUERA DE GAS FLEXOMETALICA 11/2""MT";3919;TUBERIAS Y ACCESORIOS;
CANDADO AMARILLO ECONOMICO 30;3920;CERRAJERIA Y SEGURIDAD;
CANDADO AMARILLO ECONOMICO 40;3921;CERRAJERIA Y SEGURIDAD;
CANDADO AMARILLO ECONOMICO 50;3922;CERRAJERIA Y SEGURIDAD;
CANDADO AMARILLO ECONOMICO 60;3923;CERRAJERIA Y SEGURIDAD;
CANDADO CLAVE ECO;3820;CERRAJERIA Y SEGURIDAD;
CAJA DE CARTON GRANDE Y MEDIANA;3924;HOGAR Y COCINA;
RESISTENCIA ESCOLAR PROYECTOS;3925;ELECTRICOS;
LLANA LISA MANGO DE MADERA 6 REMACHES TRUPER;3926;HERRAMIENTA MANUAL;15406
LLANA DENTADA MANGO DE MADERA 6 REMACHES TRUPER;3927;HERRAMIENTA MANUAL;15410
ALAMBRE TELEFONICO NEGRO-AZUL 1MT;3928;ELECTRICOS;
SUPER BONDER 5 GRAMOS LOCTITE;3929;PEGANTES;8866
RASTRILLO JARDINERO 12 DIENTES PRETUL;3930;HERRAMIENTA MANUAL;20613
CRAYONES EN BLISTER X 2 12CM INDUSTRIALES TRUPER;3931;HERRAMIENTA MANUAL;101687
QUITA MANCHAS GOTERO 60CC;3932;ASEO;
QUITA TINTAS GOTERO 60CC;3933;ASEO;
QUITA OXIDO GOTERO 60CC;3934;ASEO;
CARETA PARA SOLDAR ELCTRONICA TRUPER;3935;DOTACION INDUSTRIAL;29978
BREAKER TACO 40 A LUMINEX;3939;ELECTRICOS;
PITA COMETA ECO;3940;SOGAS Y CADENAS;
PLUG CONVERTIDOR DE RCA A 1/4;3941;ELECTRICOS;
PLUG CONVERTIDOR DE RCA A JACK;3942;ELECTRICOS;
PLUG CONVERTIDOR DE 1/4 A JACK;3943;ELECTRICOS;
PLUG UNION ESTEREO 3.5 HEMBRA A3.5 HEMBRA;3944;ELECTRICOS;
PULPO MALLA NEGRO;3945;SOGAS Y CADENAS;
ENCENDEDOR DE GAS FLOPY;3946;ELECTRICOS;
CARGADOR DE BATERIA BESTON MIXTO AA Y AAA;3947;ELECTRICOS;
BOMBILLO PERFUME;3948;ELECTRICOS;
ADAPTADOR 500 AMP OSBLAK;3949;ELECTRICOS;
MULTITOMA ALFA LINEAL;3950;ELECTRICOS;
"MACHETE 14"" ECO";3951;HERRAMIENTA MANUAL;
MULTITOMA SUPRESOR DE PICOS;3952;ELECTRICOS;
ESTABILIZADOR REGULADOR DE VOLTAJE 1000WTS;3953;ELECTRICOS;
CORAZA NEGRA 1/4 1M;3954;ELECTRICOS;
ESPIRAL NEGRO 1/2 1MT;3955;ELECTRICOS;
BREAKER TACO DE RIEL EXTERIOR 50 AMP;3956;ELECTRICOS;
PRENSA ESTOPA PARA CABLE PEQUEï¿½A;3957;ELECTRICOS;
PRENSA ESTOPA PARA CABLE GRANDE;3958;ELECTRICOS;
SWITCHE ROJO TRES PATAS;3936;ELECTRICOS;
SWITCHE ROJO REDONDO;3937;ELECTRICOS;
SWITCHE ROJO PULSADOR REDONDO PEQUEï¿½O;3938;ELECTRICOS;
GRASA BLANCA DE LITIO AEROSOL 295ML TRUPER;3959;LUBRICANTES;101974
LUBRICANTE DE CADENAS AEROSOL 400ML TRUPER;3960;LUBRICANTES;101975
JUEGO DE PINCELES CON BLISTER 5 PIEZAS PRETUL;3961;PINTURAS Y DISOLVENTES;24740
"JUEGO DE 7 PUNTAS TORX COMBINADAS 1"" TRUPER";3962;HERRAMIENTA MANUAL;17795
"JUEGO DE 7 PUNTAS TORX CON SEGURO 2"" TRUPER";3963;HERRAMIENTA MANUAL;17813
JUEGO DE 3 ADAPTADORES EXTENSION COPAS 1/4, 3/8, 1/2 TRUPER;3964;HERRAMIENTA MANUAL;10752
"DISCO CORTE DIAMANTADO SEGMENTADO 41/2"" TOOLS";3859;ABRASIVOS Y CONSUMIBLES;
"DISCO CORTE DIAMANTADO CONTINUO 7"" TOOLS";3860;ABRASIVOS Y CONSUMIBLES;
"DISCO CORTE DIAMANTADO CONTINUO 9"" TOOLS";3861;ABRASIVOS Y CONSUMIBLES;
CABLE 1X1 3MT;3965;ELECTRICOS;
ARANDELA 5MM;3966;TORNILLERIA;
ARANDELA 6MM;3967;TORNILLERIA;
ARANDELA 8MM;3968;TORNILLERIA;
ARANDELA 10MM;3969;TORNILLERIA;
ARANDELA 12MM;3970;TORNILLERIA;
TEE ELECTRICA BLANCA 1x2 ECA80;3971;ELECTRICOS;50828
"PANEL LED 18W CUADRADO SOBREPONER 8"" BLANCO";3972;ELECTRICOS;50737
"PANEL LED 12W CUADRADO SOBREPONER 6"" BLANCO";3973;ELECTRICOS;50736
CONECTOR PLASTICO AMARILLO UNIDAD;3974;ELECTRICOS;45799
LUBRICANTE MULTIUSOS MERCURY 200ML MR-40;3975;LUBRICANTES;45608
LIMPIADOR ELECTRï¿½NICO 200ML MERCURY;3976;LUBRICANTES;45606
ADAPTADOR 12V 2A PARA CINTA LED;3977;ELECTRICOS;45487
GUANTE POLIESTER RECUBIERTO LATEX ELEMENT;3978;DOTACION INDUSTRIAL;44805
GUANTE POLIESTER RECUBIERTO NITRILO T8;3979;DOTACION INDUSTRIAL;44803
CONECTOR UNION LATON PEALPE 1216 x ï¿½?NPT;3980;TUBERIAS Y ACCESORIOS;44266
CONECTOR UNION LATON PEALPE 1216X1216;3981;TUBERIAS Y ACCESORIOS;44264
CONECTOR UNION LATON PEALPE 1216xï¿½?NPT;3982;TUBERIAS Y ACCESORIOS;44265
VALVULA CIERRE MARIPOSA LATON 1216 PEALP;3983;GRIFERIA;43492
DISCO CORTE METAL 41/2 X 1/8 x 7/8 DEWALT;3984;ABRASIVOS Y CONSUMIBLES;40365
"DISCO FLAP 4.1/2 X 7/8"" Z80 DEWALT";3985;ABRASIVOS Y CONSUMIBLES;13513
LIGANTE ACRIL 530 BOL 750 GR INVERCRYL;3986;LUBRICANTES;2131
AMARRE REUTILIZABLE 4,6X200mm PAQ FORTE;3988;SOGAS Y CADENAS;16104
FLEXOMETRO PRO 5m 30085 STANLEY;3989;HERRAMIENTA MANUAL;8877
REGULADOR GAS P R-20 M/N 1.50 MT HUMCAR;3990;TUBERIAS Y ACCESORIOS;821033
LUBRICANTE SECO PTFE SPRAY 240 ML TRUPER;3991;LUBRICANTES;101977
BROCA ACERO HSS 1/4 NICHOLSON;3704;ABRASIVOS Y CONSUMIBLES;
"ESPIRAL NEGRO 1/2"" PAQUETE X 5MT";3992;ELECTRICOS;
"DISCO FLAP 80 7"" AZUL VIGOR";3993;ABRASIVOS Y CONSUMIBLES;33252
"TORNILLO HEX RO ZINC 3/8X1/2""UN";3994;TORNILLERIA;
GUANTE POLIESTER RECUBIERTO DE NITRILO T9;3995;DOTACION INDUSTRIAL;44804
VARILLA CORRUGADA G-60 3/8 MM X MT;3998;CONSTRUCCION;
VARILLA CORRUGADA G-60 3/8 MM X 1MT;3999;CONSTRUCCION;
"DISCO DIAMANTADO SEGMENTADO 7"" ABRACOL";3996;ABRASIVOS Y CONSUMIBLES;5418
"DISCO DIAMANTADO SEGMENTADO 9"" ABRACOL";3997;ABRASIVOS Y CONSUMIBLES;5420
"DISCO DIAMANTADO CONTINUO 41/2"" ABRACOL";4000;ABRASIVOS Y CONSUMIBLES;5415
"DISCO DIAMANTADO SEGMENTADO 41/2"" ABRACOL";4001;ABRASIVOS Y CONSUMIBLES;5416
"TORNILLO HEX RO ZINC 7/16X11/4"" UN";4002;TORNILLERIA;
"TORNILLO HEX RO ZINC 7/16X31/2"" UN";4003;TORNILLERIA;
"TORNILLO HEX RO ZINC 7/16X41/2"" UN";4004;TORNILLERIA;
"TORNILLO HEX RO ZINC 5/16X1/2"" UN";4005;TORNILLERIA;
GAVETA APILABLE DE PLASTICO N2 17X11X8CM TRUPER;4006;HERRAJES Y SOPORTES;10889
GAVETA APILABLE DE PLASTICO N3 25X17X11CM TRUPER;4007;HERRAJES Y SOPORTES;10890
ORGANIZADOR CON 64 GAVETAS TRUPER;4008;HERRAJES Y SOPORTES;10895
"VARILLA ROSCADA XMT 7/16""";3809;CONSTRUCCION;
"MANDRIL ZANCO 3/8"" PARA SIERRA COPA BIMETALICA TRUPER";4009;HERRAMIENTA MANUAL;18122
"MANDRIL ZANCO 7/16"" PARA SIERRA COPA BIMETALICA TRUPER";4010;HERRAMIENTA MANUAL;18123
"SIERRA COPA BIMETALICA 1 3/4"" TRUPER";4011;ABRASIVOS Y CONSUMIBLES;18096
"TORNILLO HEX RO ZINC 1/4X5"" UN";4012;TORNILLERIA;
"TORNILLO HEX RO ZINC 1/4X4"" UN";4013;TORNILLERIA;
CHAZO PLASTICO COLPASIBLE 5/16;4014;TORNILLERIA;
CHAZO PLASTICO MARIPOSA 3/8;4015;TORNILLERIA;
VARILLA ROSCADA 7/16;4016;;
PUNTAS PARA CAUTIN TIPO PISTOLA X2 TRUPER;4017;ABRASIVOS Y CONSUMIBLES;17555
ARENA BOLSA DE KILO APROX;4018;CONSTRUCCION;
LLAVERO APUNTADOR LASER;4019;CERRAJERIA Y SEGURIDAD;
SOLDADURA AL FRIO PEGATANKE ACERO NEGRO;4020;PEGANTES;
BROCA ACERO HSS 1/8 NICHOLSON;3701;ABRASIVOS Y CONSUMIBLES;
"PIEDRA PARA ESMERIL 5 X 3/4"" GRANO 36 TRUPER";4021;ABRASIVOS Y CONSUMIBLES;16358
TOALLITA COCINA MICROFIBRA;4022;HOGAR Y COCINA;
SWITCHE 4 PATAS;4023;ELECTRICOS;
CAIMAN ROJO NEGRO 300A GRANDE NACIONAL;4024;ELECTRICOS;
PILA A27;4025;ELECTRICOS;
PILA A23;4745;ELECTRICOS;
TERMINAL OJO 5/16;4027;ELECTRICOS;
LLAVE CRUCETA PEQUEï¿½A;4028;HERRAMIENTA MANUAL;
JUEGO DE MACHOS MILIMETRICOS;4029;HERRAMIENTA MANUAL;
CUCHILLO PARA FRUTA PEQUEï¿½O EXCALIBUR;4030;HERRAMIENTA MANUAL;
"DESTORNILLADOR ESTRELLA 1/8 X 4"" MCGRIP PRETUL";4031;HERRAMIENTA MANUAL;28082
CARETA FACIAL PRETUL;4032;HERRAMIENTA MANUAL;26007
AROS PARA LLAVES;4033;CERRAJERIA Y SEGURIDAD;
CANDADO DE HIERRO 63MM GANCHO LARGO HERMEX;4034;CERRAJERIA Y SEGURIDAD;43802
"BROCA PARA MADERA 3/16"" TRUPER";4035;ABRASIVOS Y CONSUMIBLES;101629
"BROCA PARA MADERA 1/4"" TRUPER";4036;ABRASIVOS Y CONSUMIBLES;101691
"TALADRO PERCUTOR INALAMBRICO 1/2"" 20V PRETUL";4037;HERRAMIENTA ELECTRICA;26118
JUEGO DE COPAS TAG 1/4 X 6 PUNTAS 13 PIEZAS SATA;4038;HERRAMIENTA MANUAL;9176
CERA ABRILLANTADOR MANUAL 240ML 3M;4039;LUBRICANTES;24519
SPRAY LACA AZUL ESPAï¿½OL 300ML TERINSA;4040;PINTURAS Y DISOLVENTES;92174
SPRAY LACA NEGRO EXTRAFINO 300ML TERINSA;4041;PINTURAS Y DISOLVENTES;92235
CERRADURA POMO BAï¿½O FANAL;4042;CERRAJERIA Y SEGURIDAD;97534
CERRADURA DE SEGURIDAD LLAVE MARIPOSA FANAL;4044;CERRAJERIA Y SEGURIDAD;92690
HILO GANAFULL O SOGA MARINA 6 1MT;4045;SOGAS Y CADENAS;19299
"ALICATE UNIVERSAL 8"" SATA";4046;HERRAMIENTA MANUAL;93358
COPA 1/2 6 PUNTAS 17MM SATA;4048;HERRAMIENTA MANUAL;
"ALICATE HOMBRESOLO DE PRESION RECTO 10"" SATA";4047;HERRAMIENTA MANUAL;94195 40%
COPA 1/2 6 PUNTAS 19 MM SATA;4049;HERRAMIENTA MANUAL;
COPA 1/2 6 PUNTAS 14 MM SATA;4050;HERRAMIENTA MANUAL;
COPA 1/2 6 PUNTAS 12 MM SATA;4051;HERRAMIENTA MANUAL;
"COPA 1/2 6 PUNTAS 1/2"" SATA";4052;HERRAMIENTA MANUAL;
"COPA 1/2 6 PUNTAS 9/16"" SATA";4053;HERRAMIENTA MANUAL;
"COPA 1/2 6 PUNTAS 3/4"" SATA";4054;HERRAMIENTA MANUAL;
"DESTORNILLADOR ESTRELLA 1/4 X 4"" SATA";4055;HERRAMIENTA MANUAL;42285
"DESTORNILLADOR PALA 1/4 X 4"" SATA";4056;HERRAMIENTA MANUAL;43539
LLAVE DE COMBINACION WRENCH 8MM SATA;4057;HERRAMIENTA MANUAL;
LLAVE DE COMBINACION WRENCH 10 MM SATA;4058;HERRAMIENTA MANUAL;
LLAVE DE COMBINACION WRENCH 12 MM SATA;4059;HERRAMIENTA MANUAL;
LLAVE DE COMBINACION WRENCH 13 MM SATA;4060;HERRAMIENTA MANUAL;
LLAVE DE COMBINACION WRENCH 14 MM SATA;4061;HERRAMIENTA MANUAL;
LLAVE COMBINADA ESPEJO 17MM SATA;4062;HERRAMIENTA MANUAL;
"LLAVE COMBINADA ESPEJO 3/8"" MM SATA";4063;HERRAMIENTA MANUAL;62450
"LLAVE COMBINADA ESPEJO 9/16"" MM SATA";4065;HERRAMIENTA MANUAL;
"RATCHET 1/2"" DESACOPLE RAPIDO CABEZA REDONDA SATA";4066;HERRAMIENTA MANUAL;
LLAVE TIPO T CON COPA 8MM SATA;4067;HERRAMIENTA MANUAL;
LLAVE TIPO T CON COPA 10MM SATA;4068;HERRAMIENTA MANUAL;
"PUNTA PHILLIPS 1/4"" X 50MM N2 SATA";4069;HERRAMIENTA MANUAL;91729
JUEGO DE LLAVE HEX PLEGABLE 8P 1.5 -8MM SATA;4070;HERRAMIENTA MANUAL;42685
"DISCO DESBASTE METAL 41/2"" X 1/4"" X 7/8"" PREMIER";4071;ABRASIVOS Y CONSUMIBLES;6625
SELLADOR DE POLIURETANO 280ML GRIS TRUPER;4072;PINTURAS Y DISOLVENTES;12905
"PRENSA EN C DE HIERRO 4"" PRETUL";4073;HERRAMIENTA MANUAL;27202
"PRENSA EN C DE HIERRO 6"" PRETUL";4074;HERRAMIENTA MANUAL;27204
JUEGO DE 10 LLAVES MIXTAS PULGADAS Y METRICAS PULIDAS TRUPER EXP;4075;HERRAMIENTA MANUAL;13164
LLAVE MIXTA CON RATCHET 11MM TRUPER EXP;4076;HERRAMIENTA MANUAL;13620
LLAVE MIXTA CON RATCHET 12MM TRUPER EXP;4077;HERRAMIENTA MANUAL;15744
LLAVE MIXTA CON RATCHET 13MM TRUPER EXP;4078;HERRAMIENTA MANUAL;15745
LLAVE DE BANDA METALICA 31/4-33/4 PARA FILTRO DE ACEITE;4079;HERRAMIENTA MANUAL;14518
LIJADORA MANUAL DE BASE ALUMINIO 8X24 CM TRUPER;4080;HERRAMIENTA MANUAL;100436
JUEGO DE 70 HERRAMIENTAS 1/4 Y 3/8 MECANICO PRETUL;4081;HERRAMIENTA MANUAL;22981
LLAVE JARDIN DE BOLA DE 1/2 ZINC PRETUL;4082;GRIFERIA;23146
GUAYA FLEXIBLE 3/16 ACERO 7X19 RECUBIERTO 1MT FIERO;4083;SOGAS Y CADENAS;44223
"HOMBRESOLO DE CAENA 8"" TRUPER";4084;HERRAMIENTA MANUAL;17438
"HOMBRESOLO GIRATORIO TIPO C 9"" TRUPER";4085;HERRAMIENTA MANUAL;17414
"HOMBRESOLO DE SOLDADOR 9"" TRUPER";4086;HERRAMIENTA MANUAL;17426
"HOMBRESOLO HOJALATERO 8"" TRUPER";4087;HERRAMIENTA MANUAL;17425
"HOMBRESOLO DE PUNTA LARGA 9"" TRUPER";4088;HERRAMIENTA MANUAL;17433
CERRADURA POMO ALCOBA FANAL;4043;CERRAJERIA Y SEGURIDAD;
PISTOLA PARA LIMPIEZA DE MAQUINAS TOSCA 1/4 TRUPER;4089;HERRAMIENTA MANUAL;19237
BORNES DE LATON PARA BATERIA 2 PIEZAS TRUPER;4090;PARTES Y REPUESTOS;23042
SILICONA TRANSPARENTE 50 ML UDUKE;4091;PEGANTES;
PIEDRA DE AFILAR GRANDE;4092;HERRAMIENTA MANUAL;
PIEDRA DE AFILAR PEQUEï¿½A;4093;HERRAMIENTA MANUAL;
TOALLITA GRANDE;4094;HOGAR Y COCINA;
BANDAS DE CAUCHO CAJA;4095;HERRAJES Y SOPORTES;
BANDAS DE CAUCHO UNIDAD;4096;HERRAJES Y SOPORTES;
LAPIZ DE CERA VIDIOGRAF PARA VIDRIO METAL CERAMICA;4097;PAPELERIA Y ESCOLAR;
"PUNTILLA 1"" SIN CABEZA 400G";4098CA;TORNILLERIA;
JUEGO DE 2 ESLINGAS REATA CON RATCHET 1500 KG TRUPER;4099;HERRAMIENTA MANUAL;101831
"ESMERIL DE BANCO 5"" DE 1/4 HP TRUPER";4100;HERRAMIENTA ELECTRICA;12784
TAPA BOCA RESPIRADOR SIN CARTUCHO 1 FILTRO PRETUL;4101;DOTACION INDUSTRIAL;23390
TAPA BOCA RESPIRADOR SIN CARTUCHO 2 FILTROS PRETUL;4102;DOTACION INDUSTRIAL;23391
FILTRO CARTUCHO DE REPUESTO PINTURA EN SPRAY PRETUL;4103;DOTACION INDUSTRIAL;23394
FILTRO CARTUCHO DE REPUESTO VAPORES INORGANICOS PRETUL;4104;DOTACION INDUSTRIAL;23395
FILTRO CARTUCHO DE REPUESTO VAPORES ORGANICOS PRETUL;4105;DOTACION INDUSTRIAL;23392
FILTRO CARTUCHO DE REPUESTO GASES ACIDOS PRETUL;4106;DOTACION INDUSTRIAL;23396
FILTRO DE REPUESTO POLVOS Y PARTICULAS PRETUL;4107;DOTACION INDUSTRIAL;23393
INTEGRADO ESCOLAR;4108;ELECTRICOS;
LIMADURA DE HIERRO ESCOLAR;4109;ELECTRICOS;
ESFERA DE HIERRO;4110;ELECTRICOS;
JUMPERS ESCOLAR UNIDAD X COLOR;4111;ELECTRICOS;
TUBO CINTA TERMOENCOGIBLE 15MM 1MT;4112;ELECTRICOS;
"VALVULA BOLA PVC 1/2"" ROSCA LIVIANA";4113;GRIFERIA;
"VALVULA BOLA PVC 3/4"" ROSCA LIVIANA";4114;GRIFERIA;
"VALVULA BOLA PVC 1"" ROSCA LIVIANA";4115;GRIFERIA;
"VALVULA BOLA PVC 1/2"" SOLDAR LIVIANA";4116;GRIFERIA;
"VALVULA BOLA PVC 3/4"" SOLDAR LIVIANA";4117;GRIFERIA;
"VALVULA BOLA PVC 1"" SOLDAR LIVIANA";4118;GRIFERIA;
CABEZA DUCHA CROMADA BOCCHERINI;4119;GRIFERIA;5034
TUBO DE 1/2 PARA REGADERA 42CM BOCCHEIRNI;4120;GRIFERIA;D-001
ACOPLE METALICO TUERCA BRONCE 1/2 X 1/2 60CM UNIDAD  BOCCHERINI;4121;GRIFERIA;AMB60
SOLDADURA 6010 1/8 1 K WEST ARCO;4122;ABRASIVOS Y CONSUMIBLES;240661 40%
SOLDADURA 6010 1/8 1/2 K WEST ARCO;4123;ABRASIVOS Y CONSUMIBLES;240661
SOLDADURA 6010 1/8 5 K WEST ARCO;4124;ABRASIVOS Y CONSUMIBLES;240661
SOLDADURA 6010 1/8 1 VARITA WEST ARCO;4125;ABRASIVOS Y CONSUMIBLES;240661
MASILLA POLIESTER ULTRA BLANCO 19167 PINTUCO;4126;PINTURAS Y DISOLVENTES;67102
VASO DE LICUADORA PLASTICO OSTER;4127;HOGAR Y COCINA;
VASO DE LICUADORA PLASTICO SAMURAI;4128;HOGAR Y COCINA;
LLAVERO DESTAPADOR EN ALUMINIO FIGURAS;4129;CERRAJERIA Y SEGURIDAD;
MULTITOMA ALFA LINEAL 6SL X 1MT;4130;ELECTRICOS;
DECODIFICADOR TDT DXG2223 AUDIOPI;4131;ELECTRICOS;30%
PROTOBOARD WB 102;4132;ELECTRICOS;
CABLE VEHICULO N 12 VERDE O NEGRO;4133;ELECTRICOS;
RECOGEDOR CON CAUCHO;4134;HOGAR Y COCINA;
TACO BREAKER TRIPOLAR 40A EXE;4135;ELECTRICOS;35820
TACO BREAKER TRIPOLAR 50A EXE;4136;ELECTRICOS;51420
VIDRIO TRANSPARENTE REDONDO 50MM TRUPER;4138;ABRASIVOS Y CONSUMIBLES;14280
TAPA  PROTECTOR PARA TOMA;4137;ELECTRICOS;
CIMBRA CON COLORANTE 15 MT PRETUL;4139;HERRAMIENTA MANUAL;28574
"CUCHILLO CHEF 6"" MANGO MADERA PRETUL";4141;HOGAR Y COCINA;23080
"CUCHILLO CHEF 7"" MANGO MADERA PRETUL";4142;HOGAR Y COCINA;23081
"CUCHILLO CHEF 8"" MANGO MADERA PRETUL";4143;HOGAR Y COCINA;23082
CANDADO CROMADO/ DORADO LLAVE CRUZ;4140;CERRAJERIA Y SEGURIDAD;4140
LUBRICANTE PENETRANTE 378 ML FORMULA MECANICA;4144;LUBRICANTES;
"GRATA COPA  ALAMBRE TRENZADO 3"" MULTI-ROSCA TRUPER";4145;HERRAMIENTA MANUAL;100851
"GRATA COPA  ALAMBRE ONDULADO 3"" MULTI-ROSCA TRUPER";4146;HERRAMIENTA MANUAL;100857
CINTA METRICA 30M METALICA TRUPER;4147;HERRAMIENTA MANUAL;12648
ACOPLE RAPIDO MANGUERA-ACC TRUPER;4148;GRIFERIA;12722
ACOPLE RAPIDO MACHO ABS TRUPER;4149;GRIFERIA;12726
ACOPLE RAPIDO HEMBRA ABS TRUPER;4150;GRIFERIA;12727
COPA MANDO 1/2 6 PUNTAS 10 MM TRUPER;4151;HERRAMIENTA MANUAL;13260
"LLAVE MIXTA CON RATCHET 1/2"" TRUPER EXP";4152;HERRAMIENTA MANUAL;15738
"LLAVE MIXTA CON RATCHET 9/16"" TRUPER EXP";4153;HERRAMIENTA MANUAL;15739
"GRAPADORA TIPO PISTOLA 5/16"" TRUPER";4154;HERRAMIENTA MANUAL;17963
ALAMBRE 12 X ROLLO 100MT PROCABLES;4155;ELECTRICOS;20%
"PORTACANDADO 3"" INDUMA";4163;HERRAJES Y SOPORTES;
CHURRUSCO PARA BAï¿½O CON BASE;4164;HOGAR Y COCINA;
COPA MANDO 3/8 6 PUNTAS 6 MM TRUPER;4157;HERRAMIENTA MANUAL;13670
COPA MANDO 3/8 6 PUNTAS 7 MM TRUPER;4158;HERRAMIENTA MANUAL;13671
COPA MANDO 3/8 6 PUNTAS 8 MM TRUPER;4159;HERRAMIENTA MANUAL;13672
COPA MANDO 3/8 6 PUNTAS 9 MM TRUPER;4160;HERRAMIENTA MANUAL;13673
"LIMA PLANA BASTARDA 4"" TRUPER";4161;HERRAMIENTA MANUAL;15138
"LIMA REDONDA BASTARDA 4"" TRUPER";4162;HERRAMIENTA MANUAL;15185
PUNTAS PARA MULTIMETRO;4165;ELECTRICOS;
LUCES DE NAVIDAD LED LINEAL X30 FIGURAS;4166;ELECTRICOS;YG-846
LUCES DE NAVIDAD LED LINEAL X100 MULTICOLOR;4167;ELECTRICOS;YG-99  YG-100
LUCES DE NAVIDAD LED LINEAL BOMBILLO GRANDE HUMO X100;4168;ELECTRICOS;YG-825
LUCES DE NAVIDAD LED LLUVIA DE 3X 0.60CM;4169;ELECTRICOS;
LUCES DE NAVIDAD MALLA 1.50 X 1.50;4170;ELECTRICOS;YG-837
SECUENCIADOR DE LUCES MANGUERA LED;4171;ELECTRICOS;
TAPABOCAS QUIRURGICO NEGRO U;4172;DOTACION INDUSTRIAL;
"RODILLO PITUFO VERDE 1"" JR";4173;PINTURAS Y DISOLVENTES;
"RODILLO PITUFO VERDE 2"" JR";4174;PINTURAS Y DISOLVENTES;
"RODILLO PITUFO VERDE 4"" JR";4175;PINTURAS Y DISOLVENTES;
"RODILLO PITUFO VERDE 5"" JR";4176;PINTURAS Y DISOLVENTES;
ANTICORROSIVO PROTECCION ICO BLANCO 1 GALON PINTUCO;4177;PINTURAS Y DISOLVENTES;
ANTICORROSIVO PROTECCION ICO BLANCO 1/2 GALON PINTUCO;4178;PINTURAS Y DISOLVENTES;
ANTICORROSIVO PROTECCION ICO BLANCO 1 GALON 1/4 PINTUCO;4179;PINTURAS Y DISOLVENTES;
ANTICORROSIVO PROTECCION ICO BLANCO 1/8 GALON PINTUCO;4180;PINTURAS Y DISOLVENTES;
ANTICORROSIVO PROTECCION ICO BLANCO 1/32 GALON PINTUCO;4181;PINTURAS Y DISOLVENTES;
JUEGO DE 5 EXTRACTOR DE TORNILLOS;4182;HERRAMIENTA MANUAL;14512
PISTOLA DE CALEFATEO AZUL ECO;4183;HERRAMIENTA MANUAL;
MEZCLADOR FLEXIBLE PALANCA UNIFER;4184;GRIFERIA;
EXTENSION ADAPTADOR ARTICULADO 1/4 MAGNETICO TRUPER;4185;HERRAMIENTA MANUAL;11875
SOLDADURA 95/5 PARA TUBERIA DE GAS 45G 1MT TRUPER;4186;PEGANTES;14367
SOLDADURA 95/5 PARA TUBERIA DE GAS 45G ROLLO X8MT TRUPER;4187;PEGANTES;14367
JUEGO DE 7 LLAVES TORX TIPO NAVAJA PRETUL;4188;HERRAMIENTA MANUAL;21395
DISCO CORTE DIAMANTADO SEG /CONTINUO 4 1/2 UNITEC;4189;ABRASIVOS Y CONSUMIBLES;
DISCO CORTE DIAMANTADO SEG /CONTINUO 7 UNITEC;4190;ABRASIVOS Y CONSUMIBLES;
"DISCO CORTE SIERRA 7"" UNITEC";4191;ABRASIVOS Y CONSUMIBLES;
VINILO T1 VINILICO NEGRO 1/8 G PINTUCO;4196;PINTURAS Y DISOLVENTES;
LLAVE LAVAPLATOS MANIJA TIPO PALANCA;4192;PINTURAS Y DISOLVENTES;AG07-6566Z
VINILO T1 VINILICO NEGRO 1 G PINTUCO;4193;PINTURAS Y DISOLVENTES;
VINILO T1 VINILICO NEGRO 1/2 G PINTUCO;4194;PINTURAS Y DISOLVENTES;
VINILO T1 VINILICO NEGRO 1/4 G PINTUCO;4195;PINTURAS Y DISOLVENTES;
VINILO T1 VINILICO NEGRO 1/32 G PINTUCO;4197;PINTURAS Y DISOLVENTES;
"BUJE PVC SOLDADO 11/4X1""";4198;TUBERIAS Y ACCESORIOS;
CARETA PARA SOLDAR INDUSTRIAL ECO;4199;DOTACION INDUSTRIAL;
LUCES NAVIDAD MALLA 1.20X 1.20;4200;ELECTRICOS;
Yoyo Para Guadaï¿½adora Manual Th109-10 Bellota;4229;HERRAMIENTA MANUAL;
RODAJA CORTA BALDOSA 18MM HOPEX;4201;ABRASIVOS Y CONSUMIBLES;
RODAJA CORTA BALDOSA 8 - 10MM HOPEX;4202;ABRASIVOS Y CONSUMIBLES;
SILICONA TRANSPARENTE 85G DTURIN;4203;PEGANTES;
"DUCHA REGADERA CUADRADA 4"" ACERO INOXIDABLE BOCHERINNI";4204;GRIFERIA;YW001
SOPORTE PASTICO BLANCO PLATERO;4205;HERRAJES Y SOPORTES;
SOLDADURA CPVC 56 GR 1/65 GAL PAVCO;4206;PEGANTES;11746
BOMBILLO LED 9W SYLVANIA;4207;;3
BOMBILLO LED 5W SYLVANIA;4208;;1
TEE ELECTRICA GRIS MERCURY;4212;ELECTRICOS;45413
CINTA LED COLORES LUZ RGB + CONTROL 12 V ROLLO X 5MT MERCURY;4209;ELECTRICOS;50798
MULTITOMA REGULADOR DE VOLTAJE 8SALIDA 1000W MERCURY;4210;ELECTRICOS;51019
EXTENSION 2MT 6FT DUPLEX OSBLACK/TITANIUM;4211;ELECTRICOS;45406
BOMBILLO LED 3W LUZ CALIDA/BLANCA MERCURY;4213;ELECTRICOS;45470
BOMBILLO LED 5W LUZ CALIDA MERCURY;4214;ELECTRICOS;45577
BOMBILLO LED 9W LUZ CALIDA MERCURY;4215;ELECTRICOS;45472
BOMBILLO LED 12W LUZ CALIDA MERCURY;4216;ELECTRICOS;45475
BOMBILLO LED 15W LUZ CALIDA MERCURY;4217;ELECTRICOS;45476
BOMBILLO LED 1W PINPON MERCURY;4218;ELECTRICOS;45481
"PANEL LED 24W 10"" REDONDO SOBREPONER MERCURY";4219;ELECTRICOS;45511
TEE ELECTRICA ESCUALIZABLE GRIS P/TIERRA MERCURY;4220;ELECTRICOS;50825
CERRADURA CIL POMO ENTRADA PRINCIPAL INOX VERA;4221;ELECTRICOS;40474
LAMPARA LED T5 10W 60CM LUC BLANCA MERCURY;4222;ELECTRICOS;
LIMPIADOR DE CARBURADOR Y VALVULAS SOO ML MERCURY;4223;LUBRICANTES;
NYLON MULTIUSOS 10L FORTE;3310;SOGAS Y CADENAS;42266
LLAVE BRISTOL CORTA L 4MM;3837;HERRAMIENTA MANUAL;11707
VARILLA CORRUGADA G-60 W 1/4 X 6MT;4224;CONSTRUCCION;10070
VARILLA CORRUGADA G-60 W 1/4 X 1MT;4225;CONSTRUCCION;10070
PONCHAR TERMINAL TELMEX 1 LADO;4226;ELECTRICOS;
LUBRICANTE MULTIUSOS 450ML MERCURY;4227;LUBRICANTES;
ASIENTO SANITARIO RIOPLAST;4228;GRIFERIA;
"NIPLE GALVANIZADO KAUDAL 1"" X 3""";4230;TUBERIAS Y ACCESORIOS;
"NIPLE GALVANIZADO KAUDAL 1"" X 2""";4231;TUBERIAS Y ACCESORIOS;
SIFON FLEXIBLE CROMADO LAVAMANOS  CON CANASTILLA;4232;GRIFERIA;
FONDO EXPERTO GRIS 1 G SUPER;4233;PINTURAS Y DISOLVENTES;
FONDO EXPERTO GRIS 1/2 G SUPER;4234;PINTURAS Y DISOLVENTES;
FONDO EXPERTO GRIS 1/4 G SUPER;4235;PINTURAS Y DISOLVENTES;
FONDO EXPERTO GRIS 1/8 G SUPER;4236;PINTURAS Y DISOLVENTES;
FONDO EXPERTO GRIS 1/32 G SUPER;4237;PINTURAS Y DISOLVENTES;
PUNTILLA SIN CABEZA  3/4 X 400 GM;4240CA;TORNILLERIA;
PUNTILLA SIN CABEZA  3/4 X DOCENA;4240D;TORNILLERIA;
PUNTILLA SIN CABEZA  3/4 X U;4240;TORNILLERIA;
PUNTILLA SIN CABEZA  3/4 X 400 GM;4243CA;TORNILLERIA;
PUNTILLA SIN CABEZA  3/4 X DOCENA;4243D;TORNILLERIA;
PUNTILLA SIN CABEZA  3/4 X U;4243;TORNILLERIA;
"CINCEL DE CORTE FRIO 3/4 x 10"" TRUPER";4244;HERRAMIENTA MANUAL;12145
GUANTE DE CARNAZA LARGO;4245;DOTACION INDUSTRIAL;
TUBO EMT 1/2;4246;TUBERIAS Y ACCESORIOS;
CURVA EMT 1/2;4247;TUBERIAS Y ACCESORIOS;
TERMINAL EMT 1/2;4248;TUBERIAS Y ACCESORIOS;
UNION EMT 1/2;4249;TUBERIAS Y ACCESORIOS;
"UNION GALVANIZADA 1""";4257;TUBERIAS Y ACCESORIOS;
PERRO 1/8;4250;TORNILLERIA;
VIRUTA PEQUEï¿½A 75GM;4251;HOGAR Y COCINA;
TERMINAL COBRE 100 A;4252;ELECTRICOS;
NYLON X 1 MT;4253;SOGAS Y CADENAS;
CEPILLO GRATA TRUPER X UND;4254;HERRAMIENTA MANUAL;10652
GANCHO CORTINA EN S;4255;HERRAJES Y SOPORTES;
"DESTORNILLADOR PALA 3/16 X 8"" PRETUL";4256;HERRAMIENTA MANUAL;21469
GRAPA CAMA GALVANIZADA X UNIDAD;4258;HERRAJES Y SOPORTES;
TERMINAL OJO 3/18;4259;ELECTRICOS;
TRANCA PUERTA PIE COLORES;4260;HERRAJES Y SOPORTES;
"DESTORNILLADOR PALA 1/4"" X 4"" PRETUL";4261;HERRAMIENTA MANUAL;21481
"DESTORNILLADOR PALA 3/16"" X8"" PRETUL";4262;;21469
MANGUERA PEALPE BLANCA 1/2 1MT;4263;TUBERIAS Y ACCESORIOS;
"CINTA ENMASCARAR 1/2"" X 50M TRUPER";4265;PEGANTES;12589
"CINTA ENMASCARAR 11/2"" X 50M TRUPER";4266;PEGANTES;12592
"CINTA ENMASCARAR AZUL PARA PINTORES 1/2"" TRUPER";4267;PEGANTES;12620
CINTA TAPAGOTERAS 20 CM X 10 MT ALUMBAND;4268;CONSTRUCCION;10395716
GUANTE CAUCHO INDUSTRIAL PREMIUM GOYA T 8;4269;DOTACION INDUSTRIAL;4600
GUANTE CAUCHO INDUSTRIAL PREMIUM GOYA T 81/2;4270;DOTACION INDUSTRIAL;4601
GUANTE CAUCHO INDUSTRIAL PREMIUM GOYA T 9;4271;DOTACION INDUSTRIAL;4602
TOMA DOBLE USB PLATA MERCURY;4264;ELECTRICOS;45463
SELLADOR DE BLOQUE DE CULATA 473CC SINTESOLDA;4272;LUBRICANTES;2657
CANDADO DE BAYONETA LATï¿½N Sï¿½LIDO 70MM;4273;CERRAJERIA Y SEGURIDAD;44692
"EXTENSION PARA RACHET 2 1/2"" MANDO 1/2 TRUPER";4274;HERRAMIENTA MANUAL;13414
"EXTENSION PARA RACHET 3"" MANDO 3/8 TRUPER";4275;HERRAMIENTA MANUAL;13663
"EXTENSION PARA RACHET 6"" MANDO 3/8 TRUPER";4276;HERRAMIENTA MANUAL;13916
VASTAGO PARA GRIFERIA YW008-YW009 BOCHERINI;4277;GRIFERIA;YW010
VASTAGO PARA REGISTRO DE DUCHA BOCHERINI;4278;GRIFERIA;FA12094
VASTAGO PARA LLAVE REF AG-S8003 DERECHO BOCHERINI;4279;GRIFERIA;V-AG-S8003O
VASTAGO DUCHA  GRIVAL;  4279;;18350
VASTAGO DUCHA GRIVAL;4280;GRIFERIA;43331
VASTAGO CARTUCHO CERAMICO IZQUIERDO LARGO GRIVAL;4281;GRIFERIA;13331
AMARRE PLASTICO BLANCO 4.8 X 30cm FORTE PAQ;3366P;SOGAS Y CADENAS;16057
GASTOP FUERZA ALTA 10G UNIFIX;4283;PEGANTES;
"NIPLE GALVANIZADO KAUDAL 3/4X6""";4284;TUBERIAS Y ACCESORIOS;
"NIPLE GALVANIZADO KAUDAL 3/4X1""";4285;TUBERIAS Y ACCESORIOS;
PINCEL N 1 PLANO;4286;PINTURAS Y DISOLVENTES;
PINCEL N 2 PLANO;4287;PINTURAS Y DISOLVENTES;
DISCO CORTE SIERRA 41/2 UNITEC;4288;ABRASIVOS Y CONSUMIBLES;
GALON ENVASE RECICLADO;4290;HOGAR Y COCINA;
"ADAPTADOR RATCHET 3/8"" X 1/2""";4289;HERRAMIENTA MANUAL;13420
"TEE CPVC 1/2""";4291;TUBERIAS Y ACCESORIOS;
"TUBO CPVC 3/4"" X 1 MT PAVCO";4292;TUBERIAS Y ACCESORIOS;
"TAPON HEMBRA LISO CPVC 3/4""";4293;TUBERIAS Y ACCESORIOS;
CUCHILLA PARA BISTURI 25 MM 10 PIEZAS TRUPER;4294;HERRAMIENTA MANUAL;17903
VALVULA BOLA BRONCE 1/4;4295;GRIFERIA;
TOMA INDUSTRIAL 15 AMP CODELCA;4296;ELECTRICOS;
BISTURI 25 MM REFORZADO PLASTICO CON ALMA METALICA TRUPER;4297;HERRAMIENTA MANUAL;17904
CUCHILLA PARA BISTURI SK4 5 PIEZAS TRUPER;4298;HERRAMIENTA MANUAL;16953
"NAVAJA RETRACTIL 6"" CUERPO DE ALUMINIO PRETUL";4299;HERRAMIENTA MANUAL;22400
"CINTA ENMASCARAR 2"" X 50M TRUPER";4300;PEGANTES;12593
CLAVIJA INDUSTRIAL 15A P/TIERRA CODELCA;4301;ELECTRICOS;
JUEGO DE LLAVES BRISTOL EXTRALARGAS METRICAS 7 PIEZAS TRUPER;4302;HERRAMIENTA MANUAL;15548
"ADAPTADOR HEMBRA CPVC 3/4""";4303;HERRAMIENTA MANUAL;
"ADAPTADOR MACHO CPVC 3/4""";4304;GRIFERIA;
REGISTRO DUCHA BALTA GRIVAL;4305;GRIFERIA;70419
BOMBA EXTRACTORA DE LIQUIDOS;4307;HERRAMIENTA MANUAL;16853
"GRATA COPA 4"" ALAMBRE ONDULADO MULTI-ROSCA TRUPER";4306;ABRASIVOS Y CONSUMIBLES;100858
"DISCO VELCRO 4 1/2"" N600";4308;ABRASIVOS Y CONSUMIBLES;60
VIDRIO PARA CARETA NO 10;4309;ABRASIVOS Y CONSUMIBLES;
CANDADO 20MM LATON GATO;4310;CERRAJERIA Y SEGURIDAD;
TOMA AEREA INDUSTRIAL TRIFASICA 50A KONTIKI;4311;ELECTRICOS;43946
TEE ELECTRICA 15A ESCULIZABLE BLANCA MERCURY;4312;ELECTRICOS;45398
"LIJA RED 9""X11"" #1200 PREMIER";4313;ABRASIVOS Y CONSUMIBLES;
"LIJA RED 9""X11"" #1500 PREMIER";4314;ABRASIVOS Y CONSUMIBLES;16
CEPILLO PARA BETUNAR GRANDE N 6;4316;HERRAMIENTA MANUAL;
CLAVIJA INDUSTRIAL 15A CODELCA;4317;ELECTRICOS;
PULPO 1MT;4318;SOGAS Y CADENAS;
DUPLICADO LLAVE 1500 COLOR;4319;CERRAJERIA Y SEGURIDAD;
ANTENA TDT 1MT;4320;ELECTRICOS;
CANDADO LAMINADO RECUBIERTO 40 MM HERMEX;4321;CERRAJERIA Y SEGURIDAD;43367
DUCHA CALENTADOR AUTOMATICA TRADICIONAL 120V KONTIKI;4322;ELECTRICOS;
MASILLA POLIESTER EXTRA  1/8 SUPER;4326;PINTURAS Y DISOLVENTES;
EMPAQUE CONICO ARBOL ENTRADA;4325;GRIFERIA;
"TORNILLO CARRIAJE RO ZINC 5/16X1/2""UN";4323;TORNILLERIA;
ESMALTE EXPERTO VERDE ESMERALDA 1 GALON SUPER;4327;PINTURAS Y DISOLVENTES;
ESMALTE EXPERTO VERDE ESMERALDA 1/2 G SUPER;4328;PINTURAS Y DISOLVENTES;
ESMALTE EXPERTO VERDE ESMERALDA  1/4 G SUPER;4329;PINTURAS Y DISOLVENTES;
ESMALTE VERDE ESMERALDA EXPERTO 1/8 G SUPER;4330;PINTURAS Y DISOLVENTES;
ESMALTE VERDE ESMERALDA EXPERTO 1/32 G SUPER;4331;PINTURAS Y DISOLVENTES;
"CAJA PARA HERRAMIENTA 13"" CON COMPARTIMIENTOS PRETUL";4332;HERRAMIENTA MANUAL;20602
"CAJA PARA HERRAMIENTA 16"" CON COMPARTIMIENTOS PRETUL";4333;HERRAMIENTA MANUAL;20603
BOMBILLO LED 9W E27 LUZ BLANCA MERCURY;4334;ELECTRICOS;46648
RODACHINA COLGANTE 2 RUEDAS METALICA FUERTE UNIDAD;4335;HERRAJES Y SOPORTES;
EMPAQUE ADAPTADOR DE 1/2;4324;GRIFERIA;
"TERMINAL HEMBRA MACHO 250 1/4"" CABLE 12-10 AWG AMARILLA MAX 27A";4336;ELECTRICOS;
TERMINAL EMPALME TOPE PARA CABLE 22-16 AWG, CON AISLANTE ROJO MAX 48A;4337;ELECTRICOS;
CAPUCHON CON RESORTE DE NYLON 16X2 AWG COLOR GRIS;4338;ELECTRICOS;
CAPUCHON CON RESORTE DE NYLON 16X3 AWG COLOR AZUL;4339;ELECTRICOS;
TERMINAL ANILLO 5/16 AMARILLO CABLE 12-10;4340;ELECTRICOS;
"TORNILLO DRYWALL 14X11/2"" UN";4341;TORNILLERIA;
"TORNILLO DRYWALL 14X11/2"" DOC";4341D;TORNILLERIA;
BOTA VEREDA TALLA 38;4409;DOTACION INDUSTRIAL;
JUEGO DE PUNTAS MONTADAS PIEDRA 5 PIEZAS;4414;HERRAMIENTA MANUAL;
"LLAVE MIXTA 1"" 290MM PRETUL";4415;HERRAMIENTA MANUAL;21892
"LLAVE MIXTA 15/16"" X 280MM PRETUL";4416;HERRAMIENTA MANUAL;21891
MASILLA MADERA POROSIL BLANCO 350 GRAMOS CORONA;4417;PINTURAS Y DISOLVENTES;
MASILLA MADERA POROSIL ABARCO CLARO  350 GRAMOS CORONA;4418;PINTURAS Y DISOLVENTES;
MASILLA MADERA POROSIL ABARCO OSCURO 350 GRAMOS CORONA;4419;PINTURAS Y DISOLVENTES;
VINILO T1 PROFESSIONAL 1A BLANCO CANECA 5 GL CORONA;4420;PINTURAS Y DISOLVENTES;20%
MASILLA DRYWALL PANEL TEC PROFESSIONAL 1 GALON 5.6KG CORONA;4421;PINTURAS Y DISOLVENTES;
IMPERMEABILIZANTE PARAGUAS MULTIPROPOSITO BLANCO 1G CORONA;4422;PINTURAS Y DISOLVENTES;
IMAN CERAMICO CUADRADO 6;4423;ELECTRICOS;
IMAN CERAMICO CUADRADO 7;4424;ELECTRICOS;
IMAN MONEDA 00;4425;ELECTRICOS;
IMAN MONEDA 5;4426;ELECTRICOS;
IMPERMEABILIZANTE PARAGUAS MULTIPROPOSITO GRIS 1G CORONA;4427;PINTURAS Y DISOLVENTES;
"ALICATE PONCHADORA 8"" PARA RJ45 8 HILOS TRUPER";4428;HERRAMIENTA MANUAL;18342
ALDABILLA CROMADA DERECHA - IZQUIERDA;4429;HERRAJES Y SOPORTES;
ESCOBILLA Nï¿½1  MOTOR SINGER;4343;ELECTRICOS;
ESCOBILLA Nï¿½3;4345;ELECTRICOS;
ESCOBILLA Nï¿½6 BRILLANTADORA ELECTROLUZ;4348;ELECTRICOS;
ESCOBILLA Nï¿½5 VARIOS;4347;ELECTRICOS;
ESCOBILLA Nï¿½7 BRILLADORA GENERAL;4349;ELECTRICOS;
ESCOBILLA Nï¿½8 TALADRO B/D 1/4;4350;ELECTRICOS;
ESCOBILLA Nï¿½9 TALADRO B/D SKILL 1/2;4351;ELECTRICOS;
ESCOBILLA Nï¿½10 TALADRO PULIDORA B/D 3/8;4352;ELECTRICOS;
ESCOBILLA Nï¿½11 TALADRO BOSH DE 1/4;4353;ELECTRICOS;
ESCOBILLA Nï¿½12 PULIDORA B/D ESPECIAL;4354;ELECTRICOS;
ESCOBILLA Nï¿½13 TALADRO MAKITA;4355;ELECTRICOS;
ESCOBILLA Nï¿½14;4356;ELECTRICOS;
ESCOBILLA Nï¿½15 TALADRO ISKRAPERLES MOTOR TOOL M317;4357;ELECTRICOS;
ESCOBILLA Nï¿½16 SIERRA B/D;4358;ELECTRICOS;
ESCOBILLA Nï¿½17 RUTEADOR B/D;4359;ELECTRICOS;
ESCOBILLA Nï¿½18 PULIDORA Y TRONSADORA HITACH;4360;ELECTRICOS;
ESCOBILLA Nï¿½19 PULIDORA B/D 1/2;4361;ELECTRICOS;
ESCOBILLA Nï¿½20 PULIDORA B/D TIPO PESADO;4362;ELECTRICOS;
ESCOBILLA Nï¿½21 PULIDORA B/D PULIDORA B/D ESPECIAL;4363;ELECTRICOS;
ESCOBILLA Nï¿½22 SKILL DE 1/2 MILLER THOR 1/2;4364;ELECTRICOS;
ESCOBILLA Nï¿½23 MAKINA 1/2;4365;ELECTRICOS;
ESCOBILLA Nï¿½24 PULIDORA BOSH 1/2;4366;ELECTRICOS;
ESCOBILLA Nï¿½24A PULIDORA BOSH;4367;ELECTRICOS;
ESCOBILLA Nï¿½30A;4368;ELECTRICOS;
ESCOBILLA Nï¿½25 ISKA PERLES DE 1/2;4369;ELECTRICOS;
ESCOBILLA Nï¿½26;4370;ELECTRICOS;
ESCOBILLA Nï¿½27 PULIDORA ISKRA PERLES PEQUEï¿½A;4371;ELECTRICOS;
ESCOBILLA Nï¿½28 PULIDORA SKILL;4372;ELECTRICOS;
ESCOBILLA Nï¿½29 MINIPULIDOR DEWALD B/D;4373;ELECTRICOS;
ESCOBILLA Nï¿½30 TRONSADORA DYWAL 50;4374;ELECTRICOS;
ESCOBILLA Nï¿½31;4375;ELECTRICOS;
ESCOBILLA Nï¿½32;4376;ELECTRICOS;
TACO BREAKER 2P BIPOLAR X 40 A CILLES;4432;ELECTRICOS;
CONECTOR ELECTRICO 60A;4433;ELECTRICOS;
"VALVULA BOLA LATON 1"" GRIVAL";4434;GRIFERIA;
BOMBILLO LED 7W E27 LUZ BLANCA MERCURY;4435;ELECTRICOS;45478
TEE GALVANIZADA 3/4;4436;TUBERIAS Y ACCESORIOS;
TOMA TIPO LEVINTON BLANCA AVE;4437;ELECTRICOS;
MASILLA EPOXICA EPOXIBONDER 30 G LOCTITE;4438;PINTURAS Y DISOLVENTES;
SELLADOR MULTIPROPOSITO GALON CORONA;4440;PINTURAS Y DISOLVENTES;30%
SUPERFACHADA BASE AGUA GALON CORONA;4441;PINTURAS Y DISOLVENTES;
EPOXIBONDER TRANSPARENTE 25 GRAMOS LOCTITE;4439;PEGANTES;
TAPA TOMA LEVINTON  BLANCA;4442;ELECTRICOS;
PUNTILLA CON CABEZA 3/4 400G;3314CA;TORNILLERIA;
DESAGUE LAVAMANOS CROMADO RIOPLAST;4445;GRIFERIA;
ENVASE NEGRO 1/2 G PLASTICO;4446;PINTURAS Y DISOLVENTES;
"DISCO CORTE METAL 41/2"" X 1/16"" X 7/8"" NORTON";4447;ABRASIVOS Y CONSUMIBLES;
"TORNILLO AVELLANA PUNTA DE BROCA  8 X 11/2"" UN";4448;TORNILLERIA;
"TORNILLO AVELLANA PUNTA DE BROCA  8 X 11/2"" DOC";4448D;TORNILLERIA;
"TORNILLO AVELLANA PUNTA DE BROCA  8 X 11/2"" 50U";4448C;TORNILLERIA;
"TORNILLO AVELLANA PUNTA DE BROCA 6 X 3/4"" UN";4451;TORNILLERIA;
"TORNILLO AVELLANA PUNTA DE BROCA 6 X 3/4"" DOC";4451D;TORNILLERIA;
"TORNILLO AVELLANA PUNTA DE BROCA 6 X 3/4"" 50U";4451C;TORNILLERIA;
TORNILLO AVELLANA PUNTA DE BROCA 8X1 DOC;2492D;TORNILLERIA;
TORNILLO AVELLANA PUNTA DE BROCA 8X1 50;2492C;TORNILLERIA;
"BROCA MURO 1/4 X 4""  BOSH";4456;ABRASIVOS Y CONSUMIBLES;
BROCA LAMINA HSS 1/8 BOSH;4457;ABRASIVOS Y CONSUMIBLES;
BROCA LAMINA HSS 3/16 BOSH;4458;ABRASIVOS Y CONSUMIBLES;
ESMALTE SECADO RAPIDO BASE AGUA BLANCO 1G CORONA;4459;PINTURAS Y DISOLVENTES;
BOTA VEREDA TALLA 39;4460;DOTACION INDUSTRIAL;
GUANTE CAUCHO INDUSTRIAL PREMIUM GOYA T 71/2;4461;DOTACION INDUSTRIAL;
GUANTE CAUCHO INDUSTRIAL PREMIUM GOYA T 7;4462;DOTACION INDUSTRIAL;
TOMA AEREA BIFILAR PATA CRUZADA 2O AMP CODELCA;4463;ELECTRICOS;
"MACETA TIPO NEVADA MANGO FIBRA DE VIDRIO 6"" PRETUL";4465;HERRAMIENTA MANUAL;22203
SIFON FLEXIBLE CROMADO LAVAPLATOS CON CANASTILLA;4466;GRIFERIA;
CANECA 52 GLONES DE SEGUNDA;4467;PINTURAS Y DISOLVENTES;
SENSOR DE PARED SOBREPONER MERCURY;4468;ELECTRICOS;
SILICONA AROMA CHICLE UV 300ML SIMONIZ;4469;LUBRICANTES;41889
TORNILLO HEXAGONAL PUNTA BROCA 10X1/2;4464;TORNILLERIA;
"BUSHING GALVANIZADO 3/4 X 1""";4470;TUBERIAS Y ACCESORIOS;
ACEITE 3-EN- 1 AEROSOL 135ML 4,5 Oz;4471;LUBRICANTES;
RODACHINA PESADA 1.5 SIN FRENO NARANJA;4472;HERRAJES Y SOPORTES;
"RODACHINA PESADA 2"" CON FRENO NARANJA";4473;HERRAJES Y SOPORTES;
"RODACHINA GIRATORIA LIVIANA 1"" NYLON BLANCA";4474;HERRAJES Y SOPORTES;
"RODACHINA GIRATORIA LIVIANA 11/2"" NYLON BLANCA";4475;HERRAJES Y SOPORTES;
"RODACHINA GIRATORIA  LIVIANA 2"" NYLON BLANCA";4476;HERRAJES Y SOPORTES;
"RODACHINA GIRATORIA ESPIGO 2"" PARA SILLA";4477;HERRAJES Y SOPORTES;
FUSIBLE PARA OLLA METALICO;4481;HOGAR Y COCINA;
CARRETILLA 5.5 FT GRIS ANTIPINCHAZO PRETUL;4482;HERRAMIENTA MANUAL;20625
LUBRICANTE MULTIUSOS 200ML DTURIN;4478;LUBRICANTES;
BROCA ACERO HSS 15/32 INCOLMA;4479;ABRASIVOS Y CONSUMIBLES;750489
BROCA ACERO HSS 23/64 INCOLMA;4480;ABRASIVOS Y CONSUMIBLES;750406
ESCALERA TIPO TIJERA 7 PELDAï¿½OS BANDEJA TRUPER;4483;HERRAMIENTA MANUAL;10337
CAIMAN ROJO NEGRO 200A MEDIANO NACIONAL;4484;ELECTRICOS;
CAIMAN ROJO NEGRO PEQUEï¿½O NACIONAL;4485;ELECTRICOS;
MOTOR REDUCTOR PROYECTOS ESCOLARES;4486;ELECTRICOS;
BOTA VEREDA TALLA 40;4489;DOTACION INDUSTRIAL;
CERRADURA SOBREPONER DERECHA C-999 INAFER;4487;CERRAJERIA Y SEGURIDAD;
CERRADURA SOBREPONER IZQUIERDA C-999 INAFER;4488;CERRAJERIA Y SEGURIDAD;
PALUSTRE MANGO PLASTICO NO 5 UDUKE;4490;HERRAMIENTA MANUAL;
TUBO EMT 3/4;4491;ELECTRICOS;
CURVA EMT  3/4;4492;ELECTRICOS;
UNION EMT 3/4;4493;ELECTRICOS;
TERMINAL EMT 3/4;4494;HERRAMIENTA MANUAL;
COMPRESOR HORIZONTAL 25LITROS 3HP 127V;4498;HERRAMIENTA MANUAL;15006
VASTAGO CARTUCHO CERAMICO DERECHO LARGO GRIVAL;4499;GRIFERIA;
BREAKER TACO PLUG 20 A EXE;4500;ELECTRICOS;
ASPIRADORA DE SOLIDOS Y LIQUIDOS G GL TRUPER;4501;HERRAMIENTA ELECTRICA;12092
EXTENSION CON POLO NARANJA 3MT;4502;ELECTRICOS;
TEJA PLASTICA MARFIL TIPO ETERNIT #8 244X92CM GERFOR;4503;CONSTRUCCION;
GUANTE CAUCHO INDUSTRIAL PREMIUM GOYA T 10;4595;DOTACION INDUSTRIAL;
"LLAVE DE TUBO 36"" TRUPER";4506;HERRAMIENTA MANUAL;15841
ARTICULOS DE FERRETERIA;4495;HERRAMIENTA MANUAL;
ALAMBRE N10 X ROLLO 100MT CENTELSA;4156;ELECTRICOS;
ANTENA TDT PARA TV 1.50MT;4315;ELECTRICOS;
TEE GALVANIZADA 3/8;4443;TUBERIAS Y ACCESORIOS;
SENSOR DE PARED INCRUSTAR MERCURY;4496;ELECTRICOS;51142
LLANA BOCETO PLASTICO;4497;HERRAMIENTA MANUAL;
TAPA OIDOS COPA TRUPER;4505;DOTACION INDUSTRIAL;14257
FUSIBLE OLLA PUNTO VERDE, ROJO, NARANJA GRANDE;4509;HOGAR Y COCINA;
LUBRICANTE CADENAS MOTOS/BICLICLETAS 200 MERCURY;4510;LUBRICANTES;
REDUCTOR BRONCE 1/2 X 1/4;4507;PARTES Y REPUESTOS;
REDUCTOR BRONCE 1/2 X 3/8;4508;PARTES Y REPUESTOS;
VASTAGO BRONCE IZQUIERDO GRICOL;4511;GRIFERIA;
REDUCTOR BRONCE 3/8 X 1/4;4512;PARTES Y REPUESTOS;
CHUPA CON GANCHO N 6;4513;HERRAJES Y SOPORTES;
CINTA REFLECTIVA R WH 5CM X 1MT 3M;4514;ELECTRICOS;
BOMBILLO LED VELA E27 5W6500K MERCURY;4516;ELECTRICOS;
LAMPARA DE EMERGENCIA LUM 30 LEDS RECARGABLE 100ML SEGURIMAX;4517;ELECTRICOS;
CINTA REFLECTIVA R WH 5CM X 45.7MT 3M;4515;ELECTRICOS;
BOLSA DE ESTOPA FINA 400G AZUL;4518;PINTURAS Y DISOLVENTES;1EF004
BOLSA DE ESTOPA FINA 800G AMARILLA;4519;PINTURAS Y DISOLVENTES;
VALVULA DE REGULACION SENCILLA EN ZING 1/2 BOCCHERINI;4520;GRIFERIA;YW376
VALVULA DE REGULACION DOBLE  EN ZING 1/2 BOCCHERINI;4521;GRIFERIA;YW377
SECUENCIADOR CINTA LED NEON RGB120V;4522;ELECTRICOS;
LLANA MADERA BOCETO DE PUNTA 9CM X 20CM;4523;HERRAMIENTA MANUAL;115501
CABO CEPILLO X 1.20 MTS CORRIENTE;4525;HERRAMIENTA MANUAL;102503
CABO MACETA N3 LIJADO FINO;4526;HERRAMIENTA MANUAL;104002
CABO MARTILLO Uï¿½A N2;4527;HERRAMIENTA MANUAL;105502
CEPILLO CARRETERO PLASTICO 34CM SIN CABO;4528;HERRAMIENTA MANUAL;401501
MASILLA DRYWALL PANEL TEC PROFESSIONAL BALDE 14KG CORONA;4529;PINTURAS Y DISOLVENTES;
VINILO T1 PROFESSIONAL 1A BLANCO BALDE 2.5 G CORONA;4530;PINTURAS Y DISOLVENTES;
VINILO T1 PROFESSIONAL 1A BLANCO 1 G CORONA;4531;PINTURAS Y DISOLVENTES;
VINILO T2 TOTAL 2.5 G CORONA;4532;PINTURAS Y DISOLVENTES;20%
VINILO T2 PROFESSIONAL ALTA COBERTURA 5 G CORONA;4534;PINTURAS Y DISOLVENTES;
MOTOR TOOL PROFESIONAL 1509W 97 ACCESORIOS;4535;ELECTRICOS;
CABO AZADON CORRIENTE;4524;HERRAMIENTA MANUAL;100502
LLANA MADERA 14X21CM PINO;4536;HERRAMIENTA MANUAL;
CINTA LED 110V 5050 LUZ CALIDA X 1 METRO MERCURY;4537;ELECTRICOS;
VINILO T2 TOTAL 1 G CORONA;4533;PINTURAS Y DISOLVENTES;30%
JUEGO DE LLAVES BRISTOL EXTRALARGAS PULGDAS 7 PIEZAS TRUPER;4538;HERRAMIENTA MANUAL;15551
TAPAOIDO DE INSERCION ECO;4540;DOTACION INDUSTRIAL;
"BUJE PVC SOLDADO 11/2X 1""";5441;TUBERIAS Y ACCESORIOS;
"CINTA ENMASCARAR 1"" X 50M TRUPER";4542;PEGANTES;12591
CEPILLO DE PISO DOBLE USO BLANCO 1A SIN PALO;4539;HOGAR Y COCINA;
LUCES DE NAVIDAD LED LINEAL X30 FAROLITO;4543;ELECTRICOS;YG-163
LUCES DE NAVIDAD LED LINEAL BOMBILLO GRANDE HUMO X200;4544;ELECTRICOS;YG-827
LUCES DE NAVIDAD LED ESTRELLA PUNTA ARBOL;4545;ELECTRICOS;G13
LUCES DE NAVIDAD LED CORTINA FIGURAS ESTRELLAS G26-1;4546;ELECTRICOS;G26-1
LUCES DE NAVIDAD LED CORTINA BOMBILLO PAPA NOEL YG-007;4547;ELECTRICOS;
LUCES DE NAVIDAD LED CORTINA FIGURAS RENOS YG-357;4548;ELECTRICOS;YG-357
LUCES DE NAVIDAD LED CORTINA FIGURAS COPOS YG-356;4549;ELECTRICOS;YG-356
LUCES DE NAVIDAD LED CORTINA FIGURAS CIRCULOS PAPA NOEL YG-020;4550;ELECTRICOS;YG-020
LUCES DE NAVIDAD LED CORTINA FIGURAS YG115;4551;ELECTRICOS;YG-115
LUCES DE NAVIDAD LED PILA CORCHO PEQUEï¿½A;4552;ELECTRICOS;
LUCES DE NAVIDAD LED ALAMBRADA X 100B YG-254;4553;ELECTRICOS;YG-255
LUCES DE NAVIDAD LED ALAMBRADA X 200B  YG-255;4554;ELECTRICOS;
LUCES DE NAVIDAD LED CORTINA RVP 3X1MT YG-150;4555;ELECTRICOS;YG-150
LUCES DE NAVIDAD LED CORTINA RVP 3X2MT YG-151;4556;ELECTRICOS;YG-151
LUCES DE NAVIDAD LED CORTINA RVP 3X3MT YG-149;4557;ELECTRICOS;YG-149
LUCES DE NAVIDAD LED CORTINA 3X1MT YG-11O;4558;ELECTRICOS;YG-11O
LUCES DE NAVIDAD LED CORTINA 3X2MT YG-111;4559;ELECTRICOS;YG-111
LUCES DE NAVIDAD LED CORTINA  3X3MT YG-106;4560;ELECTRICOS;YG-106
LUCES DE NAVIDAD LED MANGUERA X10MT YG-155;4561;ELECTRICOS;YG-155
VELITA LED AB-1, 2;4562;ELECTRICOS;AB-1, 2
LUCES DE NAVIDAD BOMBILLO GIRATORIO LED 12104;4563;ELECTRICOS;12104
ACRILICO BOTERO PARA MANUALIDADES COLORES X60ML;4564;PINTURAS Y DISOLVENTES;ACRI0028
ACRILICO BOTERO METALIZADO DORADO / PLATEADO X60ML;4565;PINTURAS Y DISOLVENTES;ACRI0030
PAPEL ROCA PESEBRE MAQUETA VERDE O CAFï¿½ PLIEGO;4566;PAPELERIA Y ESCOLAR;HALL0006
HILO DORADO 1MT;4567;PAPELERIA Y ESCOLAR;HILO001
HILO PLATEADO 1MT;4568;PAPELERIA Y ESCOLAR;HILO002
NIEVE ARTIFICIAL EN SPRAY X4ONZ;4569;PAPELERIA Y ESCOLAR;NAVI0011
ESPONJA OROPLATA;4570;HOGAR Y COCINA;
ESPONJA DE ESPUMA DOBLE USO;4571;HOGAR Y COCINA;
BOMBILLO VEHICULO 5 17053 NARVA;4572;ELECTRICOS;
BOMBILLO VEHICULO HALOGENO 60155 NARVA;4573;ELECTRICOS;
KIT PARA DESPINCHAR BICICLETA;4574;HERRAMIENTA MANUAL;
BREAKER TACO PLUG 30 A EXE;4575;ELECTRICOS;
CANDADO CON GUAYA PARA BICICLETA FORTE;4576;CERRAJERIA Y SEGURIDAD;16166
LINTERNA MULTIFUNC FLEXIBLE 24 LED FORTE;4577;ELECTRICOS;16103
TOALLITA MICROFIBRA UNICOLOR;4578;HOGAR Y COCINA;
POMA LLAVE CRUCETA UNIVERSAL;4579;GRIFERIA;
EXTENSION 10 MTS 30ft DUPLEX OSBLACK/TITANIUM;4580;ELECTRICOS;
KIT BRICOLAGE BANDEJA PARA PINTAR;4581;PINTURAS Y DISOLVENTES;195
AMARRE PLASTICO BLANCO 4.8 X 20cm FORTE UN;4582;SOGAS Y CADENAS;16055
AMARRE PLASTICO BLANCO 4.8 X 20cm FORTE PAQ;4582P;SOGAS Y CADENAS;16055
AMARRE PLASTICO BLANCO 4.8 X 25cm FORTE PAQ;4584P;;16056
AMARRE PLASTICO BLANCO 4.8 X 37cm FORTE PAQ;3368P;SOGAS Y CADENAS;16058
AMARRE PLASTICO BLANCO 7.6 X 40cm FORTE PAQ;108P;SOGAS Y CADENAS;16059
AMARRE PLASTICO NEGRO 4.8 X 20cm FORTE UN;4587;SOGAS Y CADENAS;16066
AMARRE PLASTICO NEGRO 4.8 X 20cm FORTE PAQ;4587P;SOGAS Y CADENAS;16066
ESMALTE EXPERTO BLANCO 1/4 G SUPER;4589;PINTURAS Y DISOLVENTES;30%
AMARRE PLASTICO NEGRO 4.8 X 25cm FORTE PAQ;3373P;HERRAJES Y SOPORTES;16067
AMARRE PLASTICO NEGRO 4.8 X 30cm FORTE UN;4591;HERRAJES Y SOPORTES;16068
AMARRE PLASTICO NEGRO 4.8 X 30cm FORTE PAQ;4591P;HERRAJES Y SOPORTES;16068
AMARRE PLASTICO NEGRO 4.8 X 37cm FORTE UN;4593;HERRAJES Y SOPORTES;16069
AMARRE PLASTICO NEGRO 4.8 X 37cm FORTE PAQ;4593P;HERRAJES Y SOPORTES;16069
"CANCAMO EN ELE 3/4""";4596;HERRAJES Y SOPORTES;
CANCAMO CERRADO N 0 RANGER;4597;TORNILLERIA;
CANCAMO CERRADO N 00 RANGER;4598;TORNILLERIA;
"CANCAMO ABIERTO 11/2"" RANGER";4599;TORNILLERIA;
"CANCAMO ABIERTO 2"" RANGER";4600;TORNILLERIA;
ENTREPAï¿½O TRANSPARENTE 3/16 ESPIGO METALICO;4601;HERRAJES Y SOPORTES;
PASADOR FAYEBA COLONIAL IZQ /DER 37CM;4602;HERRAJES Y SOPORTES;
RODACHINA PESADA 1.5 CON FRENO NARANJA;4603;HERRAJES Y SOPORTES;
"RODACHINA PESADA 2"" SIN FRENO NARANJA";4604;HERRAJES Y SOPORTES;
"PATA TUBULAR METALICA 2"" X8CM";4605;HERRAJES Y SOPORTES;
"PATA TUBULAR METALICA 2"" X10CM";4606;HERRAJES Y SOPORTES;
ARGOLLA LATONADA 3/4;4607;HERRAJES Y SOPORTES;
ARGOLLA LATONADA 11/4;4608;HERRAJES Y SOPORTES;
TUBO OVALADO CROMADO PARA CLOSET X 3MT;4609;HERRAJES Y SOPORTES;
SOPORTE OVALADO PARA CLOSET 5/8 MATALICO;4610;HERRAJES Y SOPORTES;
"VALVULA POZUELO PVC 11/2"" SIN SOSCO";4611;GRIFERIA;
YEE LAVADORA CON LLAVE PLASTGRIFOS;4612;GRIFERIA;
POMA PERILLA PALANCA ESTRIA PARA LLAVE;4613;GRIFERIA;
POMA PERILLA CRUCETA ESTRIA PARA LLAVE;4614;GRIFERIA;
DUCHA LAVAPLATOS CAUCHO A PRESION;4615;GRIFERIA;
TORNILLO HEX RO PAVONADO GRADO 5 1/4X3/4;4616;TORNILLERIA;
TORNILLO HEX RO PAVONADO GRADO 5 1/4X1;4617;TORNILLERIA;
TORNILLO HEX RO PAVONADO GRADO 5 1/4X11/2;4618;TORNILLERIA;
TORNILLO HEX RO PAVONADO GRADO 5 1/4X2;4619;TORNILLERIA;
TORNILLO HEX RO PAVONADO GRADO 5 5/16X3/4;4620;TORNILLERIA;
TORNILLO HEX RO PAVONADO GRADO 5 5/16X1;4621;TORNILLERIA;
TORNILLO HEX RO PAVONADO GRADO 5 5/16X11/2;4622;TORNILLERIA;
TORNILLO HEX RO PAVONADO GRADO 5 5/16X2;4623;TORNILLERIA;
TORNILLO HEX RO PAVONADO GRADO 5 3/8X1;4624;TORNILLERIA;
TORNILLO HEX RO PAVONADO GRADO 5 3/8X11/2;4625;TORNILLERIA;
TORNILLO HEX RO PAVONADO GRADO 5 3/8X2;4626;TORNILLERIA;
TORNILLO CR MM 8X20;4627;TORNILLERIA;
TORNILLO CR MM 8X25;4628;TORNILLERIA;
TARUGO MADERA 6MM;4629;TORNILLERIA;
"TUERCA HEX RO GRADO 5 PAVONADA 1/4"" UN";4630;TORNILLERIA;
"TUERCA HEX RO GRADO 5 PAVONADA 5/16"" UN";4631;TORNILLERIA;
"TORNILLO LAMINA AVELLANA 8X1"" UN";4633;TORNILLERIA;
"TORNILLO LAMINA AVELLANA 8X3/4"" UN";4634;TORNILLERIA;
"TORNILLO LAMINA AVELLANA 8X11/2"" UN";4635;TORNILLERIA;
"TORNILLO LAMINA AVELLANA 10X3/4"" UN";4636;TORNILLERIA;
"TORNILLO LAMINA AVELLANA 10X1"" UN";4637;TORNILLERIA;
"TORNILLO LAMINA AVELLANA 10X11/2"" UN";4638;TORNILLERIA;
"TORNILLO LAMINA AVELLANA 12X1"" UN";4639;TORNILLERIA;
"TORNILLO LAMINA AVELLANA 12X11/2"" UN";4640;TORNILLERIA;
MANIJA DECO PUNTO N 3;4641;HERRAJES Y SOPORTES;
RODACHINA COLGANTE CURVA RC 30 METALICA;4642;HERRAJES Y SOPORTES;
"TUERCA HEX RO GRADO 5 PAVONADA 3/8"" UN";4632;TORNILLERIA;
EXTENSION 5 MTS 15ft DUPLEX OSBLACK/TITANIUM;4647;ELECTRICOS;
CUERDA TRENZADA VERDE MILITAR #2 TRENZACOL 1M;4648;SOGAS Y CADENAS;
"SOPORTE BASE PARA TV FIJO 26""-63"" CAJA VERDE";4649;HERRAJES Y SOPORTES;
"SOPORTE BASE PARA TV MOVIL 17""-42"" BASEX200";4650;HERRAJES Y SOPORTES;
"SOPORTE BASE PARA TV MOVIL 32""-60"" BASE P4";4651;HERRAJES Y SOPORTES;
BISAGRA REDONDA ALA N2 PEQUEï¿½A UNIDAD;4643;HERRAJES Y SOPORTES;
BISAGRA REDONDA ALA N5 GRANDE UNIDAD;4644;HERRAJES Y SOPORTES;
EMPAQUE BOQUILLA LAVAMANOS;4645;GRIFERIA;
TORNILLO CR MM 8X50;4646;TORNILLERIA;
CANDADO DE SEGURIDAD PARA FRENO DE DISCO DE MOTO;4652;CERRAJERIA Y SEGURIDAD;
TORNILLO CR PAVONADO GRADO 5 8X35 MM;4653;TORNILLERIA;
GUIRNALDA NAVIDAD BRILLANTE 2MT;4654;HOGAR Y COCINA;
GUIRNALDA NAVIDAD VERDE 4-5MT;4655;HOGAR Y COCINA;
GUIRNALDA NAVIDAD BLANCA;4656;HOGAR Y COCINA;
ADORNO NAVIDAD MUï¿½ECO DE FIELTRO;4657;HOGAR Y COCINA;
BALACA NAVIDAD;4658;HOGAR Y COCINA;
BOLA NAVIDAD N 6 X 10U;4659;HOGAR Y COCINA;
BOLA NAVIDAD N 4 X 18U;4660;HOGAR Y COCINA;
BOLA NAVIDAD N 3 X 12U;4661;HOGAR Y COCINA;
CINTA NAVIDAD 24MM ROLLO X 2.5MT;4662;HOGAR Y COCINA;
BALDOZA BLANCA 30x20CM REPARACIONES;4663;CONSTRUCCION;
BALDOZA NEGRA 30x30CM REPARACIONES;4664;CONSTRUCCION;
BOMBILLO BI PIN 7W LUZ CALIDA MAGIC LIGHT;4665;TORNILLERIA;
"SERRUCHO DE PODA 12"" HOJA CURVA 6DPP TRUPER";4666;HERRAMIENTA MANUAL;18171Hoja curva para cortes rï¿½pidos, fabricada en acero SK5 resistente al desgasteDientes con dureza de 50 - 64 HRc, con triple filo para cortes mï¿½s rï¿½pidos que los dientes comercialesMangos de madera, ergonï¿½micos.
VELITAS DE NAVIDAD PAQ X10;4667;;
CINTA NAVIDAD MALLA  15CM ROLLO X 2MT;4668;HOGAR Y COCINA;
VENENO PARA RATA GUAYAQUIL;4669;ASEO;
REPELENTE PARA PERROS Y GATOS 500ML;4670;ASEO;
LUCES DE NAVIDAD LED LLUVIA DE 6x0.60CM;4671;HOGAR Y COCINA;
LUCES DE NAVIDAD ESTRELLA GRANDE CORTINA;4672;HOGAR Y COCINA;
SIKAFLEX 212 FC NEGRO X 300ML;4673;CONSTRUCCION;
CINTA ANTIDESLIZANTE 25MM X 5M TRUPER;4674;CONSTRUCCION;12542
"BROCA CONCRETO 1/2 X 6"" TRUPER";4675;ABRASIVOS Y CONSUMIBLES;11230
GUANTE CAUCHO TRITON CAL35 T 9;4676;DOTACION INDUSTRIAL;
VINIPEL-STRETCH NEGRO 15 CM CALIBRE 8 BOCCHERINI;4677;CONSTRUCCION;SFN-15-07
VINIPEL-STRETCH NEGRO 20 CM CALIBRE 8 BOCCHERINI;4679;CONSTRUCCION;SFN-20-07
VINIPEL-STRETCH NEGRO 30 CM CALIBRE 8 BOCCHERINI;4680;CONSTRUCCION;SFN-30-07
JUEGO DE 2 ESLINGAS REATA CON RATCHET CARGA 400KG TRUPER;4681;HERRAMIENTA MANUAL;101739
DUCHA VICTORY FUSION BLANCA CON 120V SELECTOR BOCCHERINI;4682;ELECTRICOS;SM-1601110 35%
"TERMINAL ANILLO COBRE 5/16"" 8 AWG";4683;ELECTRICOS;TEEL-004
CAPUCHON CON RESORTE DE NYLON 20X3 AWG COLOR NARANJA;4684;ELECTRICOS;TECO-074
TEJA PLASTICA MARFIL TIPO ETERNIT #4 122X92CM GERFOR;4685;CONSTRUCCION;
REFLECTOR LED TIPO TABLETA 30W MERCURY;4686;ELECTRICOS;
REFLECTOR LED TIPO TABLETA 50W MERCURY;4687;ELECTRICOS;
TERMINAL ANILLO 3/16 ï¿½ 5 MM CABLE 22-16 AMG ROJO MAX 19A;4688;ELECTRICOS;TECO-003
TERMINAL ANILLO 3/16 AZUL CABLE 16-14 AWG;4689;ELECTRICOS;TECO-009
TERMINAL HORQUILLA 5/32 ï¿½ 4 MM 12-10 AWG AMARILLO MAX;4690;ELECTRICOS;TECO-030
TERMINAL HORQUILLA 3/16 ï¿½ 5MM CABLE 12-10 AMARILLO AWG;4691;ELECTRICOS;TECO-031
TERMINAL MACHO PLANO 250 ï¿½ 1/4 22-16 AWG ROJO MAX 19A;4692;ELECTRICOS;TECO-045
TERMINAL MACHO REDONDO 156 ï¿½ 4 MM CABLE 22-16 AWG ROJO MAX;4693;ELECTRICOS;TECO-056
TERMINAL PIN PUNTA AZUL CABLE 16 - 14 AWG;4694;ELECTRICOS;TECO-067
TERMINAL EMPALME TOPE AZUL CABLE 16-14 AWG;4695;ELECTRICOS;TECO-070
FUNDA DE CARNAZA PARA TIJERAS TRUPER;4696;HOGAR Y COCINA;17334
GUANTE POLIESTER RECUBIERTO NITRILO T7;4697;DOTACION INDUSTRIAL;
"Cuchillo 7-1/2"" para electricista, Truper";17003;ELECTRICOS;"Hoja de 3 3/4"" (95 mm) de acero inoxidable SAE 420

? Hoja rectificada a todo lo largo del mango de madera
para mï¿½xima resistencia

? Ideal para cortar y pelar cables

? ï¿½til para remover masilla vieja en marcos de ventanas"
BOMBILLO LED 12W ZAFIRO;4698;ELECTRICOS;
BASCULADE DE RESORTE 100KG PRETUL;4699;CONSTRUCCION;21255
"PASADOR ALEMAN 21/2""";4700;CERRAJERIA Y SEGURIDAD;558
JUEGO DE 7 DESTORNILLADORES DE PRESICION CORNETA;4701;HERRAMIENTA MANUAL;44440
KIT REPUESTO PISTOLA GRAVEDAD AEROGRAFO 1.5MM CORNETA;4702;PARTES Y REPUESTOS;44447
KIT REPUESTO PISTOLA BAJA PRESION 0.8MM CORNETA;4703;PARTES Y REPUESTOS;44448
CABUYA FIQUE NATURAL 6MM X 1MT FORTE;4704;SOGAS Y CADENAS;44505
CABUYA FIQUE NATURAL 8MM X 1MT FORTE;4705;SOGAS Y CADENAS;44506
CABUYA FIQUE NATURAL 13MM X 1MT FORTE;4706;SOGAS Y CADENAS;44508
ESCOBA PLASTICA DE JARDIN 22 DIENTES SIN MANGO;4707;HERRAMIENTA MANUAL;39518
CEMENTO BLANCO USO GENERAL 1 LIBRA;4709;;
"COPA GALVANIZADA 3/4"" X 1/2""";4708;;
FILTRO DE GASOLINA MOTOBOMBA TRUPER;4710;PARTES Y REPUESTOS;101139
"SOLDADURA ELECTRICA 7018 3/32"" 1K TRUPER";4711;ABRASIVOS Y CONSUMIBLES;101535
"SOLDADURA ELECTRICA 7018 3/32"" 5K TRUPER";4712;ABRASIVOS Y CONSUMIBLES;101535
TAPA BOCAS PARA POLVO CONCHA TRUPER;4713;DOTACION INDUSTRIAL;14250
"ESCUADRA CARPINTERO 12"" 30CM TRUPER";4714;HERRAMIENTA MANUAL;14376
ACEITERA DE PIPETA FLEXIBLE 500 ML;4715;LUBRICANTES;14874
"CIZALLA CORTAPERNOS 12"" PRETUL";4716;HERRAMIENTA MANUAL;20944
SIKA SET L ACELERANTE PARA MORTERO X 2,6K;4717;CONSTRUCCION;
VINILO TIPO 1 VINILICO GRIS BASALTO 1 GALON PINTUCO;4718;PINTURAS Y DISOLVENTES;
VINILO TIPO 1 VINILICO GRIS BASALTO 1/2 G PINTUCO;4719;PINTURAS Y DISOLVENTES;
VINILO TIPO 1 VINILICO GRIS BASALTO 1/4 G PINTUCO;4720;PINTURAS Y DISOLVENTES;
VINILO TIPO 1 VINILICO GRIS BASALTO 1/8 G PINTUCO;4721;PINTURAS Y DISOLVENTES;
VINILO TIPO 1 VINILICO GRIS BASALTO 1/32 G PINTUCO;4722;PINTURAS Y DISOLVENTES;
SILICONA GRIS AUTOMOTRIZ ALTA Tï¿½ 70ML TENKBOND;4723;PEGANTES;
SILICONA GRIS AUTOMOTRIZ ALTA Tï¿½ 32G MKNICAL;4724;PEGANTES;
"PORTACANDADO 21/2"" INDUMA";4725;CERRAJERIA Y SEGURIDAD;
"JUEGO DE 5 SEGUETAS PARA CALADORA ""T"" CORTE MADERA TRUPER";4726;HERRAMIENTA MANUAL;18126
"JUEGO DE 5 SEGUETAS PARA CALADORA ""T"" CORTE METAL TRUPER";4727;HERRAMIENTA MANUAL;18132
"JUEGO DE 5 SEGUETAS PARA CALADORA ""U"" CORTE MADERA TRUPER";4728;HERRAMIENTA MANUAL;18137
"JUEGO DE 2 SEGUETAS PARA SIERRA SABLE 6"" BIMETALICA TRUPER";4730;HERRAMIENTA MANUAL;10796
JUEGO DE ACCESORIOS DE PISTOLA PARA PINTAR  TRUPER;4729;PARTES Y REPUESTOS;19511
RAFIA MILENIO 3 MM (1000) 1M;4731;SOGAS Y CADENAS;
"BUJE PVC SOLDADO 11/4""X1/2""";4732;TUBERIAS Y ACCESORIOS;
"BUJE PVC SOLDADO 2""X1/2""";4733;TUBERIAS Y ACCESORIOS;
"BUJE PVC SOLDADO 11/2""X1/2""";4734;TUBERIAS Y ACCESORIOS;
ABRAZADERA REF ACERO INOX AB - 104;4735;HERRAJES Y SOPORTES;44254
BOQUILLA GRIS 2K MAXI;4736;CONSTRUCCION;
LLAVE MIXTA CON RATCHET 15MM TRUPER EXP;4737;HERRAMIENTA MANUAL;15747
"ALICATE PARA ANILLOS 6"" CABEZAS INTERCAMBIABLES TRUPER";4738;HERRAMIENTA MANUAL;17355
ALICATE PUNTA PUNTA 90ï¿½ PARA CERRAR ANILLOS TRUPER;4739;HERRAMIENTA MANUAL;17362
KIT CINTA LED 12V LUZ BLANCA 5M + ADAPTADOR MERCURY;4740;ELECTRICOS;46653
KIT CINTA LED 12V COLORES LUZ RGB 5M + ADAPTADOR MERCURY;4741;ELECTRICOS;
LUBRICANTE CADENAS MOTOS/BICLICLETAS 400 MERCURY;4742;LUBRICANTES;
BISAGRA OMEGA 3 X 1 LATONADA INDUMA;4743;HERRAJES Y SOPORTES;
LLANA LISA MANGO DE MADERA DTURIN;4744;HERRAMIENTA MANUAL;
SUPERMASTICK 1/4 1.4GM;4746;;
SUPERMASTICK CAJA 28k;4747;;
"DISCO DESBASTE METAL 7"" X 1/4"" X 7/8"" PREMIER";4748;ABRASIVOS Y CONSUMIBLES;
TOMA DOBLE TIPO LEVINTON NARANJA REGULADA CILES;4749;ELECTRICOS;42987
CINTA ANTIDESLIZANTE NEGRA 50MM X 6MT 3M;4750;CONSTRUCCION;
TOALLITA COLORES BORDADA;4751;HOGAR Y COCINA;
CRUCETA 10MM - 12MM - 14MM LARGA;4752;HERRAMIENTA MANUAL;
CRUCETA 9MM - 11MM - 13MM LARGA;4753;HERRAMIENTA MANUAL;
REGISTRO DUCHA MANIJA ALUVIA CORONA;4754;GRIFERIA;
"COPA MAGNETICA 5/16 LARGO 2"" TRUPER";4755;HERRAMIENTA MANUAL;12942
"TORNILLO HEXAGONAL LAMINA PUNTA BROCA ANP 10 X 2""";4756;TORNILLERIA;
LLAVE LAVAPLATOS SENCILLA BRISA GRIVAL;4757;GRIFERIA;
PULPO 2MT;4758;SOGAS Y CADENAS;
GASTOP FUERZA MEDIA 36ML UNIFIX;4759;PEGANTES;
FLEXOMETRO FLEX 8 MT LUFKIN;4760;HERRAMIENTA MANUAL;
CANDADO RIGIDO TIPO U 12MM HERMEX;4761;;49620
CANDADO DE LATON  30MM GANCHO EXTRA LARGO HERMEX;4762;;43440
BISTURI 18MM TRABAJO PESADO ALMA METAL GRIP EXPERT TRUPER;4763;;16976
CANDADO CLAVE 20MM EN LATON BLISTER;4764;;43346
ALAMBRE 7 HILOS N 12 COLORES 1MT PROCABLES;4765;;30%
BLOQUE N 4 ROJO 10X30CM;4767;CONSTRUCCION;
LADRILLO COMUN;4766;CONSTRUCCION;
BROCA LAMINA HSS POINT TEQ 5/64 BOSH;4768;;
BROCA LAMINA HSS POINT TEQ 7/16 BOSH;4769;;
BROCA LAMINA HSS POINT TEQ 5/32 BOSH;4770;;
BROCA LAMINA HSS POINT TEQ 3/8 BOSH;4771;;
BROCA LAMINA HSS POINT TEQ 1/2 BOSH;4772;;
BROCA LAMINA HSS POINT TEQ 15/64 BOSH;4773;;
"BROCA MURO 3/16 x 4"" BOSH";4774;;
TERMINAL LUZ GRIS INDEXCOL SEMIPESADA 1/2;4775;;
CURVA LUZ GRIS INDEXCOL SEMIPESADA 1/2;4776;;
MALLA REJA LIVIANA 15X15 1.03 VERDE AGROTEK;4777;;
PANEL LED CUADRADO 3W INCRUSTAR MERCURY;4778;;
REFLECTOR LED TIPO TABLETA 150W 6500K MERCURY;4779;;
REFLECTOR LED TIPO TABLETA 100W 6500K MERCURY;4780;;
MANTO ASFALTICO SIN LLAMA 2MM ISOVER 1MT X 1MT;4781;;
CINTA TAPAGOTERAS 10 CM X 10MT ALUMBAND;4782;;6448494
CEMENTO ASFALTICO MULTIUSOS DOY PACK 200ML;4783;;6449603
"TUBO SANITARIO SEMIPESADO 6"" X 6MT INDEXCOL";4784;;
"TUBO SANITARIO SEMIPESADO 6"" X 1MT INDEXCOL";4785;;
KIT VALVULA TANQUE FLOTADOR ABASTO BRONCE 1/2 GRIVAL;4786;;41615
BOMBILLO LED EMERGENCIA 9W 5 HORAS MERCURY;4787;;
BOMBILLO LED CON SENSOR 9W E27 MERCURY;4788;;
IMPERMEABILIZANTE PARAGUAS MULTIPROPOSITO BLANCO CUï¿½ETE CORONA;4789;;10261
IMPERMEABILIZANTE PARAGUAS MULTIPROPOSITO BLANCO 1/4 CORONA;4790;;10301
IMPERMEABILIZANTE PARAGUAS MULTIPROPOSITO GRIS BALDE 2.5G CORONA;4791;;11951
PARAGUAS ULTRA 12 Aï¿½OS BLANCO 1 GALON;4792;;10131
PARAGUAS ULTRA 12 Aï¿½OS BLANCO 1/4 GALON;4793;;10221
MASILLA DRYWALL PANEL TEC PROFESSIONAL CUï¿½ETE 27KG CORONA;4794;;13331
TEXTUCO BOLSA 400GMS CORONA;4795;;11411
MASILLA ZOCALO 1 GALON 6.7KG CORONA;4796;;11111
MASILLA ZOCALO 1/4 1.5KG CORONA;4797;;11101
VINILO T1 VINILICO AZUL MEDITERRANEO 1 G PINTUCO;4799;PINTURAS Y DISOLVENTES;
VINILO T2 TOTAL CANECA 5 G CORONA;4798;;
VINILO T1 VINILICO AZUL MEDITERRANEO 1/2 G PINTUCO;4800;;
VINILO T1 VINILICO AZUL MEDITERRANEO 1/4 G PINTUCO;4801;;
VINILO T1 VINILICO AZUL MEDITERRANEO 1/8 G PINTUCO;4802;;
VINILO T1 VINILICO AZUL MEDITERRANEO 1/32 G PINTUCO;4803;;
HIDROLAVADORA 1.200W 1305PSI HL7000/120M GLADIATOR PRO;4804;;40101
"MINIPULIDORA 5""1.100W VV AA1025 (40400) NEO";4805;;42250
"TALADRO PERCUTOR 1/2"" 810W VV TP913 NEO";4806;;42253
"TALADRO PERCUTOR INALAMBRICO 3/8"" 12V DDI10/2/12 ENERGY";4807;;45762
SOLDADOR INVERSOR 200A 110/220 IE 8200/7+CARETA GLADIATOR;4808;;46017
SOLDADOR INVERSOR 130A 110V I130/6 ENERGY;4809;;46026
ASPIRADORA SECO/HUMEDO Y SOPLADOR GLADIATOR;4810;;46226
TALADRO INALAMBRICO 1/2+MINIPULIDORA 4.1/2 INALAMBRICO+BATERIA+DISCO ENERGY;4811;;46228
BOMBILLO LED 30W E27 LUZ BLANCA MERCURY;4812;;69603
BOMBILLO LED 20W E27 LUZ BLANCA MERCURY;4813;;69214
GUARDA ESCOBA PVC NEGRO, BLANCO Y CEREZO CLARO;4814;;
MALLA ZARANDA MADERA PEQUEï¿½A 29CM X50CM;4815;;
LLANA DENTADA MANGO DE PLASTICO 6 REMACHES TRUPER;4816;;15413
ESMALTE ANOLOK CHAMPAï¿½A 1 GALON SUPER;4825;PINTURAS Y DISOLVENTES;
ESMALTE ANOLOK CHAMPAï¿½A 1/2G SUPER;4826;PINTURAS Y DISOLVENTES;
PRIMER CROMATO DE ZINC VERDE 1 GALON;4830;PINTURAS Y DISOLVENTES;
ESMALTE EXPERTO BLANCO 1 CANECA SUPER;4817;PINTURAS Y DISOLVENTES;
"CAJA PARA PESCA 16"" CON 3 BANDEJAS DESLIZABLES TRUPER";4835;HERRAMIENTA MANUAL;10539
"PRENSA EN C DE HIERRO 3"" PRETUL";4839;HERRAMIENTA MANUAL;27201
TEJA PLASTICA TRANSPARENTE #8 244X92CM GERFOR;4818;CONSTRUCCION;
TEJA PLASTICA TRANSPARENTE #10 305X92CM GERFOR;4819;CONSTRUCCION;
ABRAZADERA METALICA INOX 4.6 X 10 CM UND;4820;HERRAJES Y SOPORTES;
ABRAZADERA METALICA INOX 4.6 X 15 CM UND;4821;HERRAJES Y SOPORTES;
ABRAZADERA METALICA INOX 4.6 X 20 CM UND;4822;HERRAJES Y SOPORTES;
BOCETO PLASTICO FOAMI 8MM PUNTA 10CM X 20CM;4823;HERRAMIENTA MANUAL;
BREAKER TACO PLUG 60 A EXE;4824;ELECTRICOS;
ESMALTE ANOLOK CHAMPAï¿½A 1/8 SUPER;4827;PINTURAS Y DISOLVENTES;
ESMALTE ANOLOK CHAMPAï¿½A 1/4 SUPER;4828;PINTURAS Y DISOLVENTES;
ESMALTE ANOLOK CHAMPAï¿½A 1/32 SUPER;4829;PINTURAS Y DISOLVENTES;
TEJA PLASTICA TRANSPARENTE #6 183X92CM GERFOR;4840;CONSTRUCCION;
ESMALTE SECADO RAPIDO BASE AGUA BLANCO 1/2G CORONA;4831;;
ESMALTE SECADO RAPIDO BASE AGUA BLANCO 1/4 CORONA;4832;;
ESMALTE SECADO RAPIDO BASE AGUA BLANCO 1/8 CORONA;4833;;
ESMALTE SECADO RAPIDO BASE AGUA BLANCO 3/32 CORONA;4834;;
ARENA DE RIO 1 PALADA;4836;;10539
ARENA DE POZO 1 PALADA;4837;;
MIXTO 1 PALADA;4838;;
JUEGO DE 6 FRESAS PARA ROUTER TRUPER;4841;;11359
"FRESA PARA ROUTER RECTA 2 FILOS DE 1/4"" TRUPER";4842;;11452
"FRESA PARA ROUTER REDONDEADA DE 1"" TRUPER";4843;;11469
BROCA ESCALONADA OXIDO NEGRO 13 ESCALONES 1/8 A 1/2 TRUPER;4844;;12122
"PUNTA ESTRELLA N 1 LARGO 2"" UNIDAD TRUPER";4845;;12146
"PUNTA ESTRELLA N 3 LARGO 2"" UNIDAD TRUPER";4846;;12149
"COPA MAGNETICA 7/16 LARGO 21/2"" TRUPER";4847;;12943
"COPA MAGNETICA 12MM LARGO 21/2"" TRUPER";4848;;12955
ACEITE SINTETICO PARA MOTOR 2 TIEMPOS 60ML TRUPER;4849;;14991
BOQUILLA PARA SOLDADURAS TRUPER;4850;;14115
"BROCHA CERDA SINTETICA 3"" FORTE";4851;;14115
"BROCHA CERDA SINTETICA 21/2"" FORTE";4852;;112417
COPA PUNTA TORX 3/8 T30 STANLEY;4853;;113159
COPA PUNTA TORX 3/8 T40 STANLEY;4854;;3200
"RIEL EXTENSION 16""  40 CM U FORTE";4855;;3201
COPA LARGA HEXAGONAL 3/8 11MM FORTE;4856;;26182
COPA LARGA HEXAGONAL 3/8 12MM FORTE;4857;;40669
COPA PUNTA TORX 3/8 T15 FORTE;4858;;40670
"DISCO CORTE METAL STANDAR 41/2"" X 3/64"" X 7/8"" NORTON";4868;ABRASIVOS Y CONSUMIBLES;
SILICONA COGIN MEKANICAL 90GRMS GRIS;4860;PEGANTES;
COPA PUNTA TORX 3/8 T25 FORTE;4859;HERRAMIENTA MANUAL;40679
LLAVE LAVAPLATOS MESON FLEXIBLE CRUCETA FORTE;4870;GRIFERIA;46451
"UNION CONDUIT 1/2""";4861;;44873
"PUNTA COPA MAGNETICA 7/16"" FORTE";4862;;41789
BOQUILLA NEGRA CONCOLOR 2K CORONA;4863;;41789
BOQUILLA BEIGE CONCOLOR 2K CORONA;4864;;
BOQUILLA TABACO CONCOLOR 2K CORONA;4865;;
PALO DE ESCOBA;4866;;
NO MAS CLAVOS 227 G PATTEX;4867;;
ESMALTE PINTULUX TEU NEGRO 1/2G PINTUCO;4869;;
ESMALTE PINTULUX TEU NEGRO 1/8G PINTUCO;4871;;
ESMALTE PINTULUX TEU NEGRO 1/32G PINTUCO;4872;;
MICOS MEDIANO BRONCE PARA GUAYA;4873;;
BOTON CISTERNA PUSH SUPERIOR DOBLE PEQUEï¿½O;4874;;
BOTON CISTERNA PUSH SUPERIOR DOBLE GRANDE;4875;;
CHAZO SUPRA MARIPOSA PLASTICO 3/8;4876;;
RODACHINA PISO RPR 40 METALICO;4877;;
RODACHINA PISO RP 30 METALICO;4878;;
BOTON METALICO BICELADO PEQUEï¿½O;4879;;
MANIJA 1/2 LUNA PARA VENTANA;4880;;
ASIENTO SANITARIO TRADICIONAL COLORES CARDENAS;4881;;
ASIENTO SANITARIO PLUS BLANCO CARDENAS;4882;;
ESMALTE PINTULUX TEU GRIS PLATA 1/2G PINTUCO;4883;;
ESMALTE PINTULUX TEU GRIS PLATA 1/8G PINTUCO;4884;;
ESMALTE PINTULUX TEU GRISPLATA 1/32G PINTUCO;4885;;
ESMALTE PINTULUX TEU BLANCO 1/2G PINTUCO;4886;;
ESMALTE PINTULUX TEU BLANCO 1/8G PINTUCO;4887;;
ESMALTE PINTULUX TEU BLANCO 1/32G PINTUCO;4888;;
TORNILLO BRISTOL 4 X 16 NEGRO;4889;;
TORNILLO BRISTOL 4 X 20 NEGRO;4890;;
TORNILLO BRISTOL 4 X 30 NEGRO;4891;;
TORNILLO BRISTOL 5 X 20 NEGRO;4892;;
TORNILLO BRISTOL 5 X 25 NEGRO;4893;;
TORNILLO BRISTOL 5 X 30 NEGRO;4894;;
TORNILLO BRISTOL 5 X 40 NEGRO;4895;;
TORNILLO BRISTOL 6 X 20 NEGRO;4896;;
TORNILLO BRISTOL 6 X 25 NEGRO;4897;;
TORNILLO BRISTOL 6 X 30 NEGRO;4898;;
TORNILLO BRISTOL 6 X 35 NEGRO;4899;;
"TORNILLO HEX RO PAVONADO GRADO 5 3/8X3""";4900;;
"TORNILLO HEX RO PAVONADO GRADO 5 3/8X4""";4901;;
DUPLICADO DE LLAVE YALE ORIGINAL;4902;;
CINTA AISLANTE NEGRA 1.8 CM X 4 YARDAS CAROPA;4903;PEGANTES;
CINTA AISLANTE NEGRA 18MM X 5MTS MERCURY;4904;PEGANTES;
"TORNILLO CR RO ZINC 3/16X5""UN";4905;TORNILLERIA;
"TORNILLO CR RO ZINC 3/16X4""UN";4906;TORNILLERIA;
RACOR HEMBRA 3/8 GAS;4907;PARTES Y REPUESTOS;
"COPA PUNT HEXGONAL 3/8"" X 6MM FORTE";4908;HERRAMIENTA MANUAL;40686
BISAGRA PARCHE CIERRE LENTO PAR;4909;HERRAJES Y SOPORTES;
BISAGRA PARCHE MINI PAR;4910;HERRAJES Y SOPORTES;
ESCUDO DUCHA CROMADO GRICOL;4913;GRIFERIA;
MANIJA HELIX PALA GRICOL;4914;GRIFERIA;
LAVADERO  DE 60 X 45 CM SILPLAS;4915;GRIFERIA;
TEJA DE ZINC DE 305X92CM CAL 35 CORPACERA;4916;CONSTRUCCION;
PEGACOR SIKACERAM 100 CERAMICO GRIS 25K;4917;CONSTRUCCION;
SIKAFILL POWER 7 Aï¿½OS BLANCO GALON;4918;PINTURAS Y DISOLVENTES;
ESTUCO CORONA ESTUCOR BLANCO 25KG;4919;CONSTRUCCION;
SIKA ANCHOFIX S 300ML;4920;PEGANTES;
SIKA TRANSPARENTE 5 Aï¿½OS GALON;4921;PINTURAS Y DISOLVENTES;
"TORNILLO DRYWALL 10X4"" UND";4911;TORNILLERIA;
"TORNILLO DRYWALL 10X4"" DOC";4911D;TORNILLERIA;
"TORNILLO DRYWALL 8X4"" UND";4912;TORNILLERIA;
"TORNILLO DRYWALL 8X4"" DOC";4912D;TORNILLERIA;
PUNTAS PARA MULTIMETRO ECO;4926;HERRAMIENTA ELECTRICA;
"TORNILLO DRYWALL 10X4"" 50";4911C;TORNILLERIA;
"TORNILLO DRYWALL 8X4"" 50";4912C;TORNILLERIA;
"BOQUILLERA ALUMINIO 3 X 11/2"" TIRA 6MT";4922;PERFILES Y WINES;
"BOQUILLERA ALUMINIO 3 X 11/2"" 1M";4923;PERFILES Y WINES;
CARRETILLA METALICA ROJA BELLOTA;4924;CONSTRUCCION;
RUEDA CARRETILLA 4.8 PESADA BELLOTA;4925;PARTES Y REPUESTOS;
TUBO CORTINA CAFE 3/4 1MT;4928;PERFILES Y WINES;
TUBO CORTINA CAFE 3/4 6MT;4928T;PERFILES Y WINES;
SOPORTE CORTINA METAL PARED CAFE;4930;PERFILES Y WINES;
SOPORTE CORTINA METAL TECHO CAFE;4931;PERFILES Y WINES;
ALAMBRE DE PUAS ROLLO 12.5 X200MTS LOWA;4927;CONSTRUCCION;
SWITCH 6 PATAS;4932;ELECTRICOS;
MEDIO BLOQUE #4 ROJO;4933;CONSTRUCCION;
PALIN PALMERO AGROTEK;4934;HERRAMIENTA MANUAL;
BOTON CROMADO DESAGUE SENCILLO FLUIDMASTER;4935;GRIFERIA;
PANEL LED FREMELESS 18W REDONDO INCRUSTAR MERCURY;4936;ELECTRICOS;
PANEL LED FREMELESS 24W REDONDO INCRUSTAR MERCURY;4937;ELECTRICOS;
PANEL LED FREMELESS 9W REDONDO INCRUSTAR MERCURY;4938;ELECTRICOS;
PANEL LED FREMELESS 36W REDONDO INCRUSTAR MERCURY;4939;ELECTRICOS;
SET TARRAJAS 8 PIEZAS BESTTOOL;4940;HERRAMIENTA MANUAL;
PALITOS DE PALETA UND;4941;PAPELERIA Y ESCOLAR;
"CINTA DOBLE FAZ 1"" 2MT 3M";4942;PEGANTES;
KIT VALVULA TANQUE FLOTADOR ABASTO  PLASTICO 1/2 GRIVAL;4943;GRIFERIA;
JABON PARA LOZA LITRO;4944;ASEO;
JABON PARA LOZA 500ML;4945;ASEO;
JABON PARA LOZA GALON;4946;ASEO;
LIMPIAVIDRIOS LITRO;4947;ASEO;
LIMPIAVIDRIOS GALON;4949;ASEO;
REMACHE MEJICANO 6-10 3/16 X 3/4 200U CAJA;3576CA;TORNILLERIA;
REMACHE MEJICANO 6-6 3/16 X 1/2 200 U CAJA;4950CA;TORNILLERIA;
REMACHE MEJICANO 6-8 3/16 X 5/8 200U CAJA;3577CA;TORNILLERIA;
REMACHE MEJICANO 6-12 3/16 X 1 200U CAJA;3574CA;TORNILLERIA;
REMACHE MEJICANO 6-14 3/16 X 11/16 200U CAJA;3575CA;TORNILLERIA;
REMACHE MEJICANO 6-6 U;4950;TORNILLERIA;
DESLIZANTES FIELTRO PARA MUEBLE CUADRADOS UND;4951;HOGAR Y COCINA;
NYLON MULTIUSOS 16 LBS FORTE;4952;SOGAS Y CADENAS;42268
NYLON MULTIUSOS 20 LBS FORTE;4953;SOGAS Y CADENAS;
NYLON MULTIUSOS 40 LBS FORTE;4954;SOGAS Y CADENAS;
NYLON MULTIUSOS 50 LBS FORTE;4955;SOGAS Y CADENAS;
NYLON MULTIUSOS 60 LBS FORTE;4956;SOGAS Y CADENAS;
NYLON MULTIUSOS 70 LBS FORTE;4957;SOGAS Y CADENAS;
NYLON MULTIUSOS 80 LBS FORTE;4958;SOGAS Y CADENAS;
NYLON MULTIUSOS 90 LBS FORTE;4959;SOGAS Y CADENAS;
GRAVILLA MONA #2 20K;4960;CONSTRUCCION;
GRAVILLA MONA #2 1K;4961;CONSTRUCCION;
GRAVILLA MONA #3 20K;4962;CONSTRUCCION;
GRAVILLA MONA #3 1K;4963;CONSTRUCCION;
SOPORTE CORTINA DOBLE PARED CAFE;4973;HERRAJES Y SOPORTES;
CERA ROJA COJIN 350G;4964;HOGAR Y COCINA;
CERA BLANCA COJIN 350G;4965;HOGAR Y COCINA;
KATORI ESPIRAL UNIDAD;4966;HOGAR Y COCINA;
CEPILLO PARA LAVAR JUNTAS;4967;ASEO;
RAID PASTILLA UNIDAD;4968;ASEO;
BONAIRE VARITAS CANELA;4969;HOGAR Y COCINA;
GUANTE POLIESTER RECUBIERTO POLIURETANOV AZUL TALLA 6;4970;DOTACION INDUSTRIAL;
GUANTE NYLON 18 GAUGE POLIURETANO TALLA 8;4971;DOTACION INDUSTRIAL;
GUANTE NYLON POLIURETANO FELX NEAON TALLA 9;4972;DOTACION INDUSTRIAL;
COLBON PEGANTE PROFESIONAL MADERA 1/4 TONNER;4974;PEGANTES;
ARBOL VALVULA DE ENTRADA TANQUE AEREO MAX;4975;GRIFERIA;
SIFON FLEXIBLE BOTELLA LAVAPLATOS MAX;4976;GRIFERIA;
VALVULA DE LLENADO AJUSTABLE DTURIN;4977;GRIFERIA;
KIT DE 4 ACCESORIOS PARA BAï¿½O NOGAL GRIVAL;4978;GRIFERIA;
BOTA PUNTA DE ACERO DIELECTRICA NEGRA T-39;4979;DOTACION INDUSTRIAL;
"MOSQUETON DE ZINC 4""";4980;CERRAJERIA Y SEGURIDAD;44033
KIT DE 3 PARES DE GUANTE LINEA HOGAR PRINCESS;4981;HOGAR Y COCINA;
GUANTE POLIESTER LATEX AMARILLO TALLA L GOYA;4982;DOTACION INDUSTRIAL;
"EXTENSION PARA RACHET 8"" MANDO 1/2 TRUPER";4983;HERRAMIENTA MANUAL;13917
SELLADOR MULTIPROPOSITO  1/4 G CORONA;4984;;EL PRODUCTO DEBE ENVASARSE
SUPERFACHADA BASE AGUA 1/4 G CORONA;4985;;PRODUCTO QUE DEBE ENVASARSE
BUSHING 3/4 X 3/8 GALVANIZADO;4997;TUBERIAS Y ACCESORIOS;
"TUBO CONDUIT GRIS PESADO 1/2""GERFOR";4998;TUBERIAS Y ACCESORIOS;
DETECTOR DE HUMO 360ï¿½ MERCURY;4986;ELECTRICOS;
MULTITOMA CORTA PICOS 8 SLOTS 0.90M MERCURY;4987;ELECTRICOS;
PROTECTOR DE VOLTAJE 120V MERCURY;4988;ELECTRICOS;
TAPA TOMA DOBLE AMERICANA BLANCA MERCURY;4989;PARTES Y REPUESTOS;
PILAS AAA PAR RECARGABLES ENERGIZER;4990;ELECTRICOS;
CINTA LED VERDE 12 V ROLLO X 5MT MERCURY;4991;ELECTRICOS;45486
CINTA LED LUZ CALIDA 12 V ROLLO X 5MT MERCURY;4992;ELECTRICOS;50978
REFLECTOR PARED LUZ SOLAR LED LUZ BLANCA 2W CON SENSOR MERCURY;4993;ELECTRICOS;
TIMBRE DE SISTEMA DE CONTROL DE ACCESO SAFE;4994;ELECTRICOS;
TOMA DOBLE INDUSTRAIL P/TIERRA SOBRPONER BLANCA MERCURY;4995;ELECTRICOS;
INTERRUPTOR PUSH BUTTON OFF-ON 30A MERCURY;4996;ELECTRICOS;
"LIJA TELA FLEXIBLE 4"" #24 1MT";4999;ABRASIVOS Y CONSUMIBLES;
"LIJA TELA FLEXIBLE 4"" #24 50CM";5000;ABRASIVOS Y CONSUMIBLES;
"LIJA TELA FLEXIBLE 4"" #24 25CM";5001;ABRASIVOS Y CONSUMIBLES;
"LIJA TELA FLEXIBLE 4"" #36 1MT";5002;ABRASIVOS Y CONSUMIBLES;
"LIJA TELA FLEXIBLE 4"" #36 50CM";5003;ABRASIVOS Y CONSUMIBLES;
"LIJA TELA FLEXIBLE 4"" #36 25CM";5004;ABRASIVOS Y CONSUMIBLES;
TEE BRONCE 1/4;5005;PARTES Y REPUESTOS;
UNION HEMBRA BRONCE 1/8;5007;PARTES Y REPUESTOS;
BUSHIN BRONCE 1/2 X 1/4;5008;PARTES Y REPUESTOS;
CANDADO ANTICIZALLA LATï¿½N SOLIDO 50MM KWIKSET;5009;CERRAJERIA Y SEGURIDAD;
"BROCA ESPADA PARA MADERA 7/16"" TRUPER";5010;CERRAJERIA Y SEGURIDAD;11369
UNION MACHO BRONCE 1/8;5006;PARTES Y REPUESTOS;
RODACHINA PISO RP30 METALICO;5011;CERRAJERIA Y SEGURIDAD;
VINIPEL-STRETCH NEGRO 12.5 CM CALIBRE 8 BOCCHERINI;5013;PEGANTES;SFN-15-07
SOLDADURA PVC 1/4 PAVCO;5012;PEGANTES;
PASADOR DE SEGURIDAD DERECHA LLAVE TETRA FANAL;5014;CERRAJERIA Y SEGURIDAD;
VALVULA AJUSTABLE DOBLE DESCARGA GRIVAL;5015;GRIFERIA;
BROCA ACERO HSS 1/8 SATA;5016;ABRASIVOS Y CONSUMIBLES;
BROCA ACERO HSS 3/16 SATA;5017;ABRASIVOS Y CONSUMIBLES;
ACOPLE MONOCONTROL INOX 50 CM GRIVAL;5018;GRIFERIA;
BOLSA REUTILIZABLE TRUPER;5019;HOGAR Y COCINA;65013
EXTENSION 4 MTS 12ft DUPLEX OSBLACK/TITANIUM;5020;ELECTRICOS;
"TORNILLO AVELLANA PUNTA DE BROCA 8 X 11/4"" U";4449;TORNILLERIA;
"TORNILLO AVELLANA PUNTA DE BROCA 8 X 11/4"" DOC";4449D;TORNILLERIA;
"TORNILLO AVELLANA PUNTA DE BROCA 8 X 11/4"" 50U";4449C;TORNILLERIA;
BOQUILLA GRIS CLARO CONCOLOR 2K CORONA;5021;CONSTRUCCION;
"ESPATULA GERMANY ACERO INOX 2""GOYA";5022;HERRAMIENTA MANUAL;
COLBON 60 GR MULTIPEGA;5023;PEGANTES;
CHIPOTE GOMA GRANDE NARANJA/VERDE;5024;HERRAMIENTA MANUAL;
VASTAGO DUCHA ANTIGUO ROSCA ORDINARIA GRICOL;5025;GRIFERIA;
TACO BREAKER 30 AMP LUMINEX;5026;ELECTRICOS;
ACOPLE GRIFLEX INOX LAVAMANOS 40CM GRIVAL;5027;GRIFERIA;
SOLDADURA S7018 3/32 1 K WEST ARCO;5028;ABRASIVOS Y CONSUMIBLES;
SOLDADURA S7018 3/32 1/2 K WEST ARCO;5029;ABRASIVOS Y CONSUMIBLES;
SOLDADURA S7018 3/32 5 K WEST ARCO;5030;ABRASIVOS Y CONSUMIBLES;
SOLDADURA S7018 3/32 1 V WEST ARCO;5031;ABRASIVOS Y CONSUMIBLES;
NO MAS CLAVOS FLEXTEC HIGH TACK 446 G PATTEX;5032;PEGANTES;
ESMALTE EXPERTO BLANCO 2 EN 1 GALON SUPER;5033;PINTURAS Y DISOLVENTES;
ESMALTE EXPERTO BLANCO 2 EN 1 1/2 G SUPER;5034;PINTURAS Y DISOLVENTES;
ESMALTE EXPERTO BLANCO 2 EN 1 1/4 G SUPER;5035;PINTURAS Y DISOLVENTES;
ESMALTE EXPERTO BLANCO 2 EN 1 1/8 G SUPER;5036;PINTURAS Y DISOLVENTES;
ESMALTE EXPERTO BLANCO 2 EN 1 1/32 G SUPER;5037;PINTURAS Y DISOLVENTES;
PINTURA BAï¿½OS Y COCINAS BLANCA 1 GALON CORONA;5038;PINTURAS Y DISOLVENTES;
VINILO T2 ALTA COBERTURA BLANCO ARENA 1 GALON CORONA;5039;PINTURAS Y DISOLVENTES;
VINILO T2 ALTA COBERTURA BLANCO HUESO 1 GALON CORONA;5040;PINTURAS Y DISOLVENTES;
VINILO T2 ALTA COBERTURA BLANCO ALMENDRA 1 GALON CORONA;5041;PINTURAS Y DISOLVENTES;
VINILO T2 ALTA COBERTURA BLANCO DURAZNO 1 GALON CORONA;5042;PINTURAS Y DISOLVENTES;
VINILO T2 ALTA COBERTURA CHAMPAï¿½A 1 GALON CORONA;5043;PINTURAS Y DISOLVENTES;
"COPA MAGNETICA 3/8 LARGO 21/2"" TRUPER";5044;TORNILLERIA;
"COPA MANDO 1/2 6 PUNTAS 11/16"" TRUPER";5045;HERRAMIENTA MANUAL;
"COPA DIAMANTADA CONTINO 11/2"" TRUPER";5046;ABRASIVOS Y CONSUMIBLES;
MINI SOLDADOR INVERSOR 100A 127V TRUPER;5047;ELECTRICOS;
SOLDADURA EN FRIO POXITANKE TRANSPARENTE 85 G;5048;PEGANTES;
"REMACHADORA 8"" SATA";5049;HERRAMIENTA MANUAL;
TOMA SENCILLA DE SOBREPONER BLANCA AVE;5050;ELECTRICOS;
ORGANIZADOR DE CALBLES EN SILICONA 2 PIEZAS FORTE;5051;PARTES Y REPUESTOS;
CHINCHES EN CAJA COLORES MEJIA;5052;PAPELERIA Y ESCOLAR;
CORTINA BAï¿½O COLORES WINSOR;5053;HOGAR Y COCINA;
"MANGUERA LAVADORA 11/4"" XMT";5054;GRIFERIA;
VINILO T2 ALTA COBERTURA MAGENTA 1 GALON CORONA;5056;PINTURAS Y DISOLVENTES;
VINILO T2 ALTA COBERTURA OCRE 1 GALON CORONA;5062;PINTURAS Y DISOLVENTES;
"COPA MAGNETICA 8MM LARGO 21/2"" TRUPER";5063;HERRAMIENTA MANUAL;
VINILO T2 ALTA COBERTURA ROJO VIVO 1 GALON CORONA;5064;PINTURAS Y DISOLVENTES;
"NIPLE GALVANIZADO KAUDAL 3/8 X11/2""";5065;GRIFERIA;
"NIPLE GALVANIZADO KAUDAL 1 X4""";5066;GRIFERIA;
"NIPLE GALVANIZADO KAUDAL 1 X8""";5067;GRIFERIA;
BOLSITA SURTIDA;5055;TORNILLERIA;
ESMALTE DORADO MEZCLA 1 GALON SUPER;5057;PINTURAS Y DISOLVENTES;
ESMALTE DORADO MEZCLA 1/2 G SUPER;5058;PINTURAS Y DISOLVENTES;
ESMALTE DORADO MEZCLA 1/4 G SUPER;5059;PINTURAS Y DISOLVENTES;
ESMALTE DORADO MEZCLA 1/8 G SUPER;5060;PINTURAS Y DISOLVENTES;
ESMALTE DORADO MEZCLA 1/32 GALON SUPER;5061;PINTURAS Y DISOLVENTES;
SECUENCIADOR DE 100 LUCES PARA MANGUERA;5069;ELECTRICOS;
VINILO T2 ALTA COBERTURA VERDE PINO 1 GALON CORONA;5070;PINTURAS Y DISOLVENTES;
VINILO T2 ALTA COBERTURA AMARILLO ORO 1 GALON CORONA;5071;PINTURAS Y DISOLVENTES;
"MANGUERA ACOMETIDA PF - UAD 1/2"" NEGRO PAVCO 1 MT";5074;TUBERIAS Y ACCESORIOS;
"MANGUERA ACOMETIDA PF - UAD 1/2"" NEGRO PAVCO ROLLO 90 MT";5075;TUBERIAS Y ACCESORIOS;
VALVULA DE ENTRADA BOCCHERINI;5076;GRIFERIA;YW390
VASTAGO DUCHA LARGO IZQUIERDO GRICOL;5077;GRIFERIA;
"TUBO SANITARIO PESADO 11/2"" 6MT PAVCO";5078;TUBERIAS Y ACCESORIOS;
"TUBO SANITARIO PESADO 2"" 6MT PAVCO";5079;TUBERIAS Y ACCESORIOS;
"TUBO SANITARIO PESADO 3"" 6MT PAVCO";5080;TUBERIAS Y ACCESORIOS;
PISTOLA SILICONA GRANDE AMARILLA MERCURY;5081;ELECTRICOS;
PISTOLA SILICONA PEQUEï¿½A AMARILLA MERCURY;5082;ELECTRICOS;
LLAVE LAVAMANOS + ACOPLE NOGAL GRIVAL;5083;GRIFERIA;
VASELINA PEQUEï¿½A;5084;HOGAR Y COCINA;
CORRECTOR LAPIZ OFFIESCO 256;5085;HOGAR Y COCINA;
TIZA TABLERO BLANCA;5086;HOGAR Y COCINA;
PAQUETE SILICONA EN BARRA DELGADA X 60 U APROX;5072;HOGAR Y COCINA;
PAQUETE SILICONA EN BARRA GRUESA X 26 U APROX;5073;HOGAR Y COCINA;
"RIEL EXTENSION 14"" 35 CM U FORTE";5087;HERRAJES Y SOPORTES;26181
"RIEL EXTENSION 20"" 50 CM U FORTE";5088;HERRAJES Y SOPORTES;26184
"RIEL EXTENSION 18"" 45 CM U FORTE";5089;HERRAJES Y SOPORTES;
PINTURA EN SPRAY BLANCO MATE ANTICORROSIVO 400ML PINTE;5090;PINTURAS Y DISOLVENTES;
PINTURA EN SPRAY NEGRO MATE ANTICORROSIVO 400ML PINTE;5091;PINTURAS Y DISOLVENTES;
JUEGO DE COPAS TAG 1/4 X PUNTAS 25 PIEZAS SATA;5092;PINTURAS Y DISOLVENTES;
SILICONA LIQUIDA MULTIUSO TESA 100ML;5093;PEGANTES;13790
FILTRO LAVAPLATOS BORDE ANCHO PEQUEï¿½O;5094;HOGAR Y COCINA;
BRIDA SANITARIA MIXTA 3 Y 4 GRIVAL;5095;GRIFERIA;
