Referencia;Nombre;Categoría;Definicion;Caracteristicas
4;"ABRAZADERA 10-00 TITAN 3/8""";TORNILLERIA;;
5;"ABRAZADERA 10-04 TITAN 1/2""";HERRAJES Y SOPORTES;;
28;ACEITE MULTIUSOS 30 ML TRUPER;LUBRICANTES;;
29;ACEITE MULTIUSOS 90 ML TRUPER;LUBRICANTES;;
91;ALCOHOL INDUSTRIAL (METANOL 80%) 375ML 1/2B;PINTURAS Y DISOLVENTES;;
98;ALICATE NO 8 TIPO CRESCENT;HERRAMIENTA MANUAL;;
107;AMARRE PLASTICO NEGRO 7,6 X 400mm FORTE UN;HERRAJES Y SOPORTES;;
120;AMARRE PLASTICO N 15 NEGRO 2.5 U;HERRAJES Y SOPORTES;;
129;AMARRE PLASTICO N 25 BLANCO 3.6 U;HERRAJES Y SOPORTES;;
1574;"ARANDELA 1/2"" UN";TORNILLERIA;;
191;"ARANDELA 1/4"" UN";TORNILLERIA;;
193;"ARANDELA 3/16"" UN";TORNILLERIA;;
194;"ARANDELA 3/8"" UN";TORNILLERIA;;
197;"ARANDELA 7/16"" UN";TORNILLERIA;;
212;BALDE DE CONSTRUCCION NEGRO;CONSTRUCCION;;
239;"BISAGRA COMUN LATON 3""  INDUMA UNIDAD";HERRAJES Y SOPORTES;;
257;"BISTURI 6"" BLISTER PRETUL";HERRAMIENTA MANUAL;;
3262;BOLSA NEGRA INDUSTRIAL N 39;HOGAR Y COCINA;;
282;BOMBILLO DICROICO 110 GU10;ELECTRICOS;;
3430;BOMBILLO RECARGABLE PORTATIL 15W ASTRO;ELECTRICOS;;
284;BOQUILLA BLANCA 2K MAXI;CONSTRUCCION;;
307;BROCA ACERO HSS 17/64 INCOLMA;ABRASIVOS Y CONSUMIBLES;;
320;BROCA ACERO HSS 9/64 INCOLMA;ABRASIVOS Y CONSUMIBLES;;
327;BROCA HSS 1/4 MP TOOLS;ABRASIVOS Y CONSUMIBLES;;
330;BROCA HSS 3/16 MP TOOLS;ABRASIVOS Y CONSUMIBLES;;
342;"BROCA HSS ACERO RAPIDO 3/16"" TRUPER";PINTURAS Y DISOLVENTES;;
363;"BROCHA POPULAR BLANCA 1 1/2"" GOYA";PINTURAS Y DISOLVENTES;;
367;"BROCHA POPULAR BLANCA 2"" GOYA";PINTURAS Y DISOLVENTES;;
368;"BROCHA POPULAR BLANCA 3"" GOYA";PINTURAS Y DISOLVENTES;;
2417;"CALIBRADOR PIE DE REY PULGADAS Y METRICO 5"" PRETUL";HERRAMIENTA MANUAL;;
466;"CANCAMO ABIERTO 1/2"" RANGER";TORNILLERIA;;
509;CANDADO DE HIERRO 25 MM HERMEX;CERRAJERIA Y SEGURIDAD;;
589;CERRADURA ALCOBA CLARA / OBSCURA CAJA SECURITY;CERRAJERIA Y SEGURIDAD;;
607;"CHAZO EXPANSIVO 3/8X 17/8""";TORNILLERIA;;
621;CHAZO PLASTICO 1/4 UN;TORNILLERIA;;
646;"CHAZO SUPRA MARIPOSA PLASTICO 1/4"" UN";TORNILLERIA;;
661;CHUPA CON GANCHO N 6;HERRAJES Y SOPORTES;;
672;CINTA  ANTIDESLIZANTE 50 MM 50 MT TESA;PEGANTES;;
675;CINTA AMARILLA LA ORIGINAL 18 MM X 50MT 3M;PEGANTES;;
676;CINTA AMARILLA LA ORIGINAL 6 MM X 50MT 3M;PEGANTES;;
677;CINTA AUTOFUNDENTE 1MT;PEGANTES;;
691;CINTA DOBLE FAZ 1/2 2MT 3M;PEGANTES;;
692;CINTA DOBLE FAZ 3/4 2MT 3M;PEGANTES;;
695;CINTA EMPAQUE TRANSPARENTE 150 MT TRUPER;PEGANTES;;
3123;CINTA ENMASCARAR 201+12MM X 55 MT 3M;PEGANTES;;
702;CINTA ENMASCARAR 201+24MM X 50 MT 3M;PEGANTES;;
3231;CINTA ENMASCARAR 201+ 38MM X 50 MT 3M;PEGANTES;;
724;CINTA TEFLON PEQUEï¿½O;PEGANTES;;
728;CINTA AISLANTE TEMFLEX NEGRO 19 MM X 9MT 3M;PEGANTES;;
729;CINTA AISLANTE TEMFLEX NEGRO 19 MM X 18MT 3M;PEGANTES;;
736;CLAVIJA DOMESTICAV 10A CODELCA;ELECTRICOS;;
737;CLAVIJA INDUSTRIAL 15A KONTIKI;ELECTRICOS;;
762D;CLAVO ACERADO 3/4 LISO CA MEJIA DOC;TORNILLERIA;;
792;"CODO SANITARIO CXC 11/2""";TUBERIAS Y ACCESORIOS;;
3443;CUCHILLO N6 MADERA EXCALIBUR;HOGAR Y COCINA;;
864;"CURVA CONDUIT SEMIPESADA 1/2""";TUBERIAS Y ACCESORIOS;;
904;DISCO CORTE METAL 4 1/2 X 1/16 X 7/8  ABRACOL;ABRASIVOS Y CONSUMIBLES;;
916;"DISCO CORTE METAL 41/2"" X 0.045 X 7/8"" DEWALT";ABRASIVOS Y CONSUMIBLES;;
917;"DISCO CORTE METAL 7"" X 1/16"" X 7/8"" DEWALT";ABRASIVOS Y CONSUMIBLES;;
921;"DISCO CORTE METAL 14"" X 7/64"" X 7/8"" PARA TRONZADORA PRETUL";ABRASIVOS Y CONSUMIBLES;;
924;"DISCO CORTE METAL 7"" X 1/16"" X 7/8"" PREMIER";ABRASIVOS Y CONSUMIBLES;;
929;"DISCO DESBASTE METAL 41/2"" X 1/4"" X 7/8"" TRUPER";ABRASIVOS Y CONSUMIBLES;;
934;"DISCO FLAP 120 4 1/2"" AZUL PORRAS";ABRASIVOS Y CONSUMIBLES;;
935;"DISCO FLAP 120 7"" AZUL PORRAS";ABRASIVOS Y CONSUMIBLES;;
937;"DISCO FLAP 60 4 1/2"" AZUL PORRAS";ABRASIVOS Y CONSUMIBLES;;
969;DUPLICADO DE LLAVE ESTANDAR;CERRAJERIA Y SEGURIDAD;;
3326;ESCOBILLAS PEQUEï¿½AS;PARTES Y REPUESTOS;;
1051;ESMALTE EXPERTO BLANCO 1/4 G SUPER;PINTURAS Y DISOLVENTES;;
909;EXTENSION CON POLO NARANJA 8MT;ELECTRICOS;;
1144;EXTENSION 3 MTS 9ft DUPLEX OSBLACK/TITANIUM;ELECTRICOS;;
1145;EXTENSION 5 MTS 15ft DUPLEX OSBLACK/TITANIUM;ELECTRICOS;;
1187;"FLEXOMETRO AMARILLO 8MT CINTA 1"" PRETUL";HERRAMIENTA MANUAL;;
1214;GANCHO ADHESIVO JUMBO BLANCO;HERRAJES Y SOPORTES;;
1216;GANCHO ADHESIVO MEDIANO BLANCO;HERRAJES Y SOPORTES;;
1228;GRAFITO FUELLE;LUBRICANTES;;
1262;"GRATA COPA ALAMBRE ONDULADO 4""X 5/8 TRUPER";HERRAMIENTA MANUAL;;
1273;GUANTE LATEX NEGRO HGN  002 T L;DOTACION INDUSTRIAL;;
1282;GUANTE NITRILO TALLA 8;DOTACION INDUSTRIAL;;
1290;GUANTE CAUCHO TRITON CAL35 T 9;DOTACION INDUSTRIAL;;
3149;GUASA 1/2 UN;TORNILLERIA;;
3150;GUASA 1/4 UN;TORNILLERIA;;
3152;GUASA 3/8 UN;TORNILLERIA;;
1294;HERRAJE 2 PIEZAS;GRIFERIA;;
1338;INTERRUPTOR SENCILLO BLANCO MERCURY;ELECTRICOS;;
;LLAVE;HERRAMIENTA MANUAL;;
1461;"LLANA LISA MANGO PLASTICO 1 1X 5"" TRUPER";HERRAMIENTA MANUAL;;
1502;LLAVE MIXTA 13 MMX145MM PRETUL;HERRAMIENTA MANUAL;;
1536;"MACHETE TRES CANALES 20"" CORNETA";HERRAMIENTA MANUAL;;
1583;MANGUERA LAVADORA ENTADA TER PLASTICA 2.40MT;GRIFERIA;;
1617;MARTILLO CAB CONICA MADERA 25 MM;HERRAMIENTA MANUAL;;
1621;MASILLA AUTOMOTRIZ POLIESTER P1500 1/4 G P;PINTURAS Y DISOLVENTES;;
1630;MASILLA PEQUEï¿½A RALLY ORIGINAL;PEGANTES;;
1681;"NIPLE GALVANIZADO KAUDAL 1/2 X3""";TUBERIAS Y ACCESORIOS;;
3303;"NIPLE GALVANIZADO KAUDAL 3/4X1""";GRIFERIA;;
1708;ORRING 006;PARTES Y REPUESTOS;;
1709;ORRING 007;PARTES Y REPUESTOS;;
1710;ORRING 008;PARTES Y REPUESTOS;;
1711;ORRING 009;PARTES Y REPUESTOS;;
3267;PASADOR ALEMAN  21/2;CERRAJERIA Y SEGURIDAD;;
3269;PASADOR ALEMAN 3;CERRAJERIA Y SEGURIDAD;;
1765;PEGACOR GRIS MEGAPEGA X25K CORONA;CONSTRUCCION;;
1773;PEGANTE BOXER UNIVERSAL BOTELLA GYD;PEGANTES;;
1790;PIEDRA MOTORTOOL GRANDE UN;PARTES Y REPUESTOS;;
1791;PIEDRA MOTORTOOL PEQUEï¿½A UN;PARTES Y REPUESTOS;;
3313;PIEDRA REPUESTO ENCENDEDOR CHISPERO PAQ X 5;HERRAMIENTA MANUAL;;
1794;PILA 9V GP;ELECTRICOS;;
1823;PINTURA EN SPRAY NEGRO BRILLANTE 400ML PINTE;PINTURAS Y DISOLVENTES;;
1847;PISTOLA CALEFATEO ESQUELETO REF TRUPER;HERRAMIENTA MANUAL;;
1928;PULSADOR TIMBRE SENCILLO S/PONER DUOMO AVE;ELECTRICOS;;
1929;PUNTA PHILIPS N2 STANLEY;HERRAMIENTA MANUAL;;
2598;"PUNTILLA CON CABEZA  1"" UN";TORNILLERIA;;
3196CA;PUNTILLA CON CABEZA 2 X 400 GM;TORNILLERIA;;
3609;RAFIA MILENIO 3 MM (1000) 1M;SOGAS Y CADENAS;;
2005;"REMACHADORA PROFESIONAL 10"" TRUPER";HERRAMIENTA MANUAL;;
2069CA;REMACHE POP 6-6 3/16 X 1/2 CAJA;TORNILLERIA;;
2102;"RODILLO HILO BRICOLAGE 9"" GOYA";PINTURAS Y DISOLVENTES;;
2106;"RODILLO JUNIOR POLIESTER TH 2"" GOYA";PINTURAS Y DISOLVENTES;;
2107;"RODILLO JUNIOR POLIESTER TH 3"" GOYA";PINTURAS Y DISOLVENTES;;
2108;"RODILLO JUNIOR POLIESTER TH 4"" GOYA";PINTURAS Y DISOLVENTES;;
2109;"RODILLO JUNIOR POLIESTER TH 5"" GOYA";PINTURAS Y DISOLVENTES;;
3674;SILICONA SUPERFLEX ROJA 50ML LOCTITE;PEGANTES;;
2217;SILICONA EN TUBO TRANSPARENTE UNIFER;PEGANTES;;
2229;SOLDADURA 6013 1/8 1/2 K WEST ARCO;ABRASIVOS Y CONSUMIBLES;;
2248;"SOLDADURA ELECTRICA 6013 1/8"" 1K TRUPER";ABRASIVOS Y CONSUMIBLES;;
2251;"SOLDADURA ELECTRICA 6013 3/32"" 1K 50V TRUPER";ABRASIVOS Y CONSUMIBLES;;
2272;SOLDADURA PVC 1/128 ENAR;PEGANTES;;
2299;SOQUET T8 UN;ELECTRICOS;;
2301;SOSCO EXTENSION LAVAMANOS;GRIFERIA;;
2315;SUPER BONDER 3 GRAMOS LOCTITE;PEGANTES;;
3661;SUPER PEGA INTANTANEO 20G;PEGANTES;;
2380;TAPON OIDO REUTILIZABLE TRIPLE BARRERA TRUPER;DOTACION INDUSTRIAL;;
2446;TESTER CON CAIMAN TIPO ESFERO TRUPER;ELECTRICOS;;
2450;THINNER EXTRAFINO 1 BOTELLA 750CC;PINTURAS Y DISOLVENTES;;
3171;TIJERA PARA HOJALATERO PRETUL;HERRAMIENTA MANUAL;;
2470;TINTE WENGUE 200 CC SUPER;PINTURAS Y DISOLVENTES;;
3565;TOALLITAS  COLORES BORDADA;ASEO;;
2473;TOMA AEREA INDUSTRIAL 15 AMP  KONTIKI;ELECTRICOS;;
2476;TOMA DOBLE BLANCA MERCURY;ELECTRICOS;;
2478;TOMA DOBLE P/T BLANCA DUOMO AVE;ELECTRICOS;;
2483;TOMA SOBREPONER MULTIPLE 2-6 LITEWAY;ELECTRICOS;;
2538;"TORNILLO CR RO ZINC 3/16X1/2""UN";TORNILLERIA;;
2545;"TORNILLO CR RO ZINC 5/32X1""UN";TORNILLERIA;;
2550;"TORNILLO CR RO ZINC 5/32X21/2""UN";TORNILLERIA;;
2585;"TORNILLO DRYWALL 6X2"" UN";TORNILLERIA;;
2588;"TORNILLO DRYWALL 6X21/2"" UN";TORNILLERIA;;
2636;"TORNILLO HEX RO ZINC 1/2X2""UN";TORNILLERIA;;
2639;"TORNILLO HEX RO ZINC 1/4X1""UN";TORNILLERIA;;
2641;"TORNILLO HEX RO ZINC 1/4X11/2""UN";TORNILLERIA;;
2647;"TORNILLO HEX RO ZINC 3/8X1""UN";TORNILLERIA;;
2661;"TORNILLO HEX RO ZINC 5/16X11/4""UN";TORNILLERIA;;
2666;"TORNILLO HEX RO ZINC 5/16X31/2""UN";TORNILLERIA;;
2673;"TORNILLO HEX RO ZINC 7/16X11/2""UN";TORNILLERIA;;
2674;"TORNILLO HEX RO ZINC 7/16X2""UN";TORNILLERIA;;
2683C;"TORNILLO KLATH P/AGUDA 8X1/2""50";TORNILLERIA;;
2685D;"TORNILLO KLATH P/BROCA 8X1/2""DOC";TORNILLERIA;;
2745;"TORNILLO LAMINA 14X11/4"" UN";TORNILLERIA;;
2767C;"TORNILLO LAMINA 6X1"" 50";TORNILLERIA;;
2767;"TORNILLO LAMINA 6X1"" UN";TORNILLERIA;;
2791;"TORNILLO LAMINA 8X11/4"" UN";TORNILLERIA;;
2811;"TUBO CONDUIT SEMIPESADO 1/2""";TUBERIAS Y ACCESORIOS;;
2919;"TUERCA HEX RO 1/2"" UN";TORNILLERIA;;
2921D;"TUERCA HEX RO 1/4"" DOC";TORNILLERIA;;
2921;"TUERCA HEX RO 1/4"" UN";TORNILLERIA;;
2926;"TUERCA HEX RO 3/16"" UN";TORNILLERIA;;
2929D;"TUERCA HEX RO 3/8"" DOC";TORNILLERIA;;
2929;"TUERCA HEX RO 3/8"" UN";TORNILLERIA;;
2934;"TUERCA HEX RO 5/32"" UN";TORNILLERIA;;
2936D;"TUERCA HEX RO 7/16"" DOC";TORNILLERIA;;
2936;"TUERCA HEX RO 7/16"" UN";TORNILLERIA;;
2947;UNION 1/2 COBRE;TUBERIAS Y ACCESORIOS;;
2975;"UNION SANITARIO 11/2""";TUBERIAS Y ACCESORIOS;;
3001;"VALVULA BOLA PVC 1"" SOLDAR GRIVAL";TUBERIAS Y ACCESORIOS;;
3046;VIDRIO PARA CARETA NO 11;ABRASIVOS Y CONSUMIBLES;;
3047;VIDRIO PARA CARETA NO 12;ABRASIVOS Y CONSUMIBLES;;
3135;"VINIPEL-STRETCH 12"" X300MT";PEGANTES;;
3136;"VINIPEL-STRETCH 20"" X300MT";PEGANTES;;
3137;"VINIPEL-STRETCH 5"" X300MT";PEGANTES;;
3147;WIN PLASTICO TRADICIONAL BEIGE 2.2MT;PERFILES Y WINES;;
3702;BROCA ACERO HSS 5/32 NICHOLSON;ABRASIVOS Y CONSUMIBLES;;
3703;BROCA ACERO HSS 3/16 NICHOLSON;ABRASIVOS Y CONSUMIBLES;;
3709;PIN CHAVETA 5/32 X 3/4, 1, 11/4 y 11/2;HERRAJES Y SOPORTES;;
3710;PIN CHAVETA 1/8X 1, 11/4 y 11/2;HERRAJES Y SOPORTES;;
6;"ABRAZADERA 10-06 TITAN 3/4""";HERRAJES Y SOPORTES;;
7;"ABRAZADERA 10-08 TITAN 1""";HERRAJES Y SOPORTES;;
8;"ABRAZADERA 10-16 TITAN 11/2""";HERRAJES Y SOPORTES;;
3520;ABRAZADERA NAVIDEï¿½A;ABRASIVOS Y CONSUMIBLES;;
3D;GRAPA PARA MANGUERA LUCES DOC +CLAVO;HERRAJES Y SOPORTES;;
3;GRAPA.PARA MANGUERA LUCES UNIDAD + CLAVO;HERRAJES Y SOPORTES;;
9;ABRAZADERA REF ACERO INOX AB - 10;HERRAJES Y SOPORTES;;
10;ABRAZADERA REF ACERO INOX AB - 12;HERRAJES Y SOPORTES;;
11;ABRAZADERA REF ACERO INOX AB - 16;HERRAJES Y SOPORTES;;
12;ABRAZADERA REF ACERO INOX AB - 20;HERRAJES Y SOPORTES;;
13;ABRAZADERA REF ACERO INOX AB - 24;HERRAJES Y SOPORTES;;
14;ABRAZADERA REF ACERO INOX AB - 28;HERRAJES Y SOPORTES;;
15;ABRAZADERA REF ACERO INOX AB - 36;HERRAJES Y SOPORTES;;
16;ABRAZADERA REF ACERO INOX AB - 4;HERRAJES Y SOPORTES;;
17;ABRAZADERA REF ACERO INOX AB - 44;HERRAJES Y SOPORTES;;
18;ABRAZADERA REF ACERO INOX AB - 52;HERRAJES Y SOPORTES;;
19;ABRAZADERA REF ACERO INOX AB - 60;HERRAJES Y SOPORTES;;
20;ABRAZADERA REF ACERO INOX AB - 72;HERRAJES Y SOPORTES;;
21;ABRAZADERA REF ACERO INOX AB - 8;HERRAJES Y SOPORTES;;
22;ABRAZADERA REF ACERO INOX AB - 88;HERRAJES Y SOPORTES;;
23;ABRAZADERA REF ACERO INOX AB - 7;HERRAJES Y SOPORTES;;
24;ABRILLANTADOR DE LLANTAS 500ML FORTE;LUBRICANTES;;
26;ACEITE 3 EN 1 ORIGINAL 90ML G;LUBRICANTES;;
25;ACEITE 3 EN 1 ORIGINAL 30ML P;LUBRICANTES;;
27;ACEITE 3 EN 1 AEROSOL 162ML 5,5 Oz;LUBRICANTES;;
30;ACEITERA DE PIPETA FLEXIBLE 180 ML;HERRAMIENTA MANUAL;;
31;ACEITERA DE PIPETA FLEXIBLE 300 ML;HERRAMIENTA MANUAL;;
32;ACIDO MURIATICO 500 CC;ASEO;;
33;ACIDO MURIATICO GALON;ASEO;;
34;"ACOPLE RACOR BRONCE MACHO 1/2""";PARTES Y REPUESTOS;;
35;ACOPLE FLEXIBLE BOCHERINI;GRIFERIA;;
36;"ACOPLE RACOR BRONCE HEMBRA 1/2""";PARTES Y REPUESTOS;;
37;"ACOPLE RACOR HEMBRA BRONCE 1/4""";PARTES Y REPUESTOS;;
1313;"ACOPLE HEMBRA RAPIDO 1/4""";ABRASIVOS Y CONSUMIBLES;;
3177;ACOPLE LAVAMANOS 40 CM GRIVAL;GRIFERIA;;
38;ACOPLE LAVAMANOS CORTO ECO;GRIFERIA;;
39;ACOPLE LAVAMANOS CORTO PLAST GRIFOS;GRIFERIA;;
40;ACOPLE LAVAMANOS LARGO ECO;GRIFERIA;;
41;ACOPLE LAVAMANOS LARGO PLAST GRIFOS;GRIFERIA;;
42;ACOPLE LICUADORA MULTIMARCA;HOGAR Y COCINA;;
43;ACOPLE LICUADORA OSTER COMPLETO;HOGAR Y COCINA;;
44;ACOPLE LICUADORA OSTER CUADRANTE;HOGAR Y COCINA;;
45;"ACOPLE RACOR MACHO BRONCE 1/4""";PARTES Y REPUESTOS;;
1312;"ACOPLE MACHO RAPIDO 1/4""";ABRASIVOS Y CONSUMIBLES;;
46;ACOPLE RAPIDO COMPLETO;TUBERIAS Y ACCESORIOS;;
47;ACOPLE RACOR RAPIDO GRIFO-MANGUERA TRUPER;GRIFERIA;;
3178;ACOPLE SANITARIO 40 CM GRIVAL;GRIFERIA;;
48;ACOPLE SANITARIO CORTO ECO;GRIFERIA;;
49;ACOPLE SANITARIO CORTO PLAST GRIFOS;GRIFERIA;;
50;ACOPLE SANITARIO LARGO ECO;GRIFERIA;;
51;ACOPLE SANITARIO LARGO PLAST GRIFOS;GRIFERIA;;
52;"ACOPLE YEE DE ALUMINIO ENTRADA 3/4"" TRUPER";GRIFERIA;;
53;"ACOPLE YEE PLASTICO ENTRADA 3/4"" PRETUL";GRIFERIA;;
54;"ADAPTADOR HEMBRA CPVC 1/2""";TUBERIAS Y ACCESORIOS;;
55;"ADAPTADOR HEMBRA DE COBRE 1/2""";TUBERIAS Y ACCESORIOS;;
56;"ADAPTADOR HEMBRA PF UAD PAVCO 1/2""";TUBERIAS Y ACCESORIOS;;
57;"ADAPTADOR HEMBRA PVC 1""";TUBERIAS Y ACCESORIOS;;
58;"ADAPTADOR HEMBRA PVC 1/2""";TUBERIAS Y ACCESORIOS;;
59;"ADAPTADOR HEMBRA PVC 11/2""";TUBERIAS Y ACCESORIOS;;
60;"ADAPTADOR HEMBRA PVC 11/4""";TUBERIAS Y ACCESORIOS;;
61;"ADAPTADOR HEMBRA PVC 2""";TUBERIAS Y ACCESORIOS;;
62;"ADAPTADOR HEMBRA PVC 3/4""";TUBERIAS Y ACCESORIOS;;
63;"ADAPTADOR MACHO 1/2""";TUBERIAS Y ACCESORIOS;;
64;"ADAPTADOR MACHO CPVC 1/2""";TUBERIAS Y ACCESORIOS;;
65;"ADAPTADOR MACHO DE COBRE 1/2""";TUBERIAS Y ACCESORIOS;;
66;"ADAPTADOR MACHO PF UAD 1/2"" PAVCO";TUBERIAS Y ACCESORIOS;;
67;"ADAPTADOR MACHO PVC 1""";TUBERIAS Y ACCESORIOS;;
68;"ADAPTADOR MACHO PVC 11/2""";TUBERIAS Y ACCESORIOS;;
69;"ADAPTADOR MACHO PVC 11/4""";TUBERIAS Y ACCESORIOS;;
70;"ADAPTADOR MACHO PVC 2""";TUBERIAS Y ACCESORIOS;;
71;"ADAPTADOR MACHO PVC 3/4""";TUBERIAS Y ACCESORIOS;;
3311;ADAPTADOR RACHET 1/2 X 3/8;HERRAMIENTA MANUAL;;
72;"ADAPTADOR RATCHET M 1/2"" X 3/4""";HERRAMIENTA MANUAL;;
73;"ADAPTADOR RATCHET M 1/2"" X 3/8""";HERRAMIENTA MANUAL;;
3359;ADAPTADOR SIFON BLANCO PLASGRIFOS;TUBERIAS Y ACCESORIOS;;
75;AEROSOL WD 40 104 ML 3O ONZ;LUBRICANTES;;
260;AEROSOL WD 40 191 ML 5.5 ONZ;LUBRICANTES;;
81;AGITADOR DE PINTURA AZUL GOYA;PINTURAS Y DISOLVENTES;;
76;AGUASTOP PLASTICO RIOPLAST;GRIFERIA;;
3414;AGUASTOP VULCANIZADO ECO;PEGANTES;;
77;AGUASTOP VULCANIZADO RIOPLAST;GRIFERIA;;
1314;AGUJA CAPOTERA;ABRASIVOS Y CONSUMIBLES;;
78;AGUJA DE COSER A MANO PAï¿½O;PARTES Y REPUESTOS;;
79;AGUJA DE COSER A MANO UN;PARTES Y REPUESTOS;;
80;AGUJA PARA INFLAR BALON;PARTES Y REPUESTOS;;
3495;ALAMBRE N 10 COLORES 1MT PROCABLES;CONSTRUCCION;;
86;ALAMBRE N 12 COLORES 1MT PROCABLES;ELECTRICOS;;
3169;ALAMBRE N 12 DE COBRE DESNUDO;ELECTRICOS;;
87;ALAMBRE N 14 COLORES 1MT PROCABLES;ELECTRICOS;;
88;ALAMBRE N 14 DE COBRE DESNUDO 1MT;ELECTRICOS;;
3399C;ALAMBRE GALVANIZADO C-14 CHIPA 5V;CONSTRUCCION;;
3499;ALAMBRE GALVANIZADO C-14 KILO;CONSTRUCCION;;
83C;ALAMBRE GALVANIZADO C-18 CHIPA 8V;CONSTRUCCION;;
83;ALAMBRE GALVANIZADO C-18 KILO;CONSTRUCCION;;
85V;ALAMBRE NEGRO C-18 CHIPA 8V;CONSTRUCCION;;
85;ALAMBRE NEGRO C-18 KILO;CONSTRUCCION;;
89;ALCOHOL ANTISEPTICO (ETANOL 70%) 375ML 1/2B;HOGAR Y COCINA;;
90;ALCOHOL ANTISEPTICO (ETANOL 70%) 750ML 1B;HOGAR Y COCINA;;
92;ALCOHOL INDUSTRIAL (METANOL 80%) 750ML 1B;PINTURAS Y DISOLVENTES;;
3684;ALDABA PEQUEï¿½A;TORNILLERIA;;
93;"ALICATE CORTA FRIO MANGO PVC 6"" PRETUL";HERRAMIENTA MANUAL;;
94;"ALICATE ELECTRICISTA MANGO PVC 8"" PRETUL";HERRAMIENTA MANUAL;;
95;"ALICATE MINIATURA CORTA FRIO 4"" PRETUL";HERRAMIENTA MANUAL;;
101;"ALICATE MINIATURA PUNTA AGUJA 5""  PRETUL";HERRAMIENTA MANUAL;;
96;"ALICATE MINIATURA PUNTA LARGA 5"" PRETUL";HERRAMIENTA MANUAL;;
97;"ALICATE MINIATURA PUNTA REDONDA 5"" PRETUL";HERRAMIENTA MANUAL;;
104;"ALICATE MINIATURA TIPO TENAZA 4"" PRETUL";HERRAMIENTA MANUAL;;
99;"ALICATE PELACABLE 9"" PRETUL";HERRAMIENTA MANUAL;;
100;ALICATE PUNTA 90ï¿½ PARA CERRAR ANILLOS TUPER;HERRAMIENTA MANUAL;;
102;"ALICATE PUNTA LARGA 6"" MANGO PVC PRETUL";HERRAMIENTA MANUAL;;
103;"ALICATE SACABOCADO 9"" TRUPER";HERRAMIENTA MANUAL;;
107D;AMARRE PLASTICO NEGRO 7,6 X 40cm FORTE DOC;HERRAJES Y SOPORTES;;
107P;AMARRE PLASTICO NEGRO 7,6 X 40cm FORTE PAQ X 100;HERRAJES Y SOPORTES;;
147D;AMARRE PARA TEJA CORTO DOC;CONSTRUCCION;;
147C;AMARRE PARA TEJA CORTO PAQ X 100;CONSTRUCCION;;
147;AMARRE PARA TEJA CORTO UN;CONSTRUCCION;;
150D;AMARRE PARA TEJA LARGO DOC;CONSTRUCCION;;
150P;AMARRE PARA TEJA LARGO PAQ X 100;CONSTRUCCION;;
150;AMARRE PARA TEJA LARGO UN;CONSTRUCCION;;
3397P;AMARRE PICADO PAQUETE;HERRAJES Y SOPORTES;;
3397;AMARRE PICADO X UN;HERRAJES Y SOPORTES;;
151;AMARRE PLASTICO 120 CM VOLTECK UN;HERRAJES Y SOPORTES;;
152;AMARRE PLASTICO 45 CM VOLTECK BOLSA X 10;HERRAJES Y SOPORTES;;
153;AMARRE PLASTICO 45 CM VOLTECK UN;HERRAJES Y SOPORTES;;
154;AMARRE PLASTICO 70 CM VOLTECK BOLSA X 10;HERRAJES Y SOPORTES;;
155;AMARRE PLASTICO 70 CM VOLTECK UN;HERRAJES Y SOPORTES;;
156;AMARRE PLASTICO 90 CM VOLTECK UN;HERRAJES Y SOPORTES;;
3366;AMARRE PLASTICO BLANCO 4.8 X 30 cm FORTE  UN;HERRAJES Y SOPORTES;;
4584;AMARRE PLASTICO BLANCO 4.8 X 25cm FORTE UN;HERRAJES Y SOPORTES;;
3368;AMARRE PLASTICO BLANCO 4.8 X 37cmFORTE UN;HERRAJES Y SOPORTES;;
108;AMARRE PLASTICO BLANCO 7.6 X 40cm FORTE U;HERRAJES Y SOPORTES;;
110D;AMARRE PLASTICO N 10 BLANCO 2.4 DOC;HERRAJES Y SOPORTES;;
111C;AMARRE PLASTICO N 10 BLANCO 2.4 PAQ X 100;HERRAJES Y SOPORTES;;
111;AMARRE PLASTICO N 10 BLANCO 2.4 UN;HERRAJES Y SOPORTES;;
114D;AMARRE PLASTICO N 10 NEGRO 2.5 DOC;HERRAJES Y SOPORTES;;
114P;AMARRE PLASTICO N 10 NEGRO 2.5 PAQ X 100;HERRAJES Y SOPORTES;;
114;AMARRE PLASTICO N 10 NEGRO 2.5 UN;HERRAJES Y SOPORTES;;
117D;AMARRE PLASTICO N 15 BLANCO 25 DOC;HERRAJES Y SOPORTES;;
117P;AMARRE PLASTICO N 15 BLANCO 25 PAQ X 100;HERRAJES Y SOPORTES;;
117;AMARRE PLASTICO N 15 BLANCO 25 U;HERRAJES Y SOPORTES;;
120D;AMARRE PLASTICO N 15 NEGRO 2.5 DOC;HERRAJES Y SOPORTES;;
120P;AMARRE PLASTICO N 15 NEGRO 2.5 PAQ X 100;HERRAJES Y SOPORTES;;
123D;AMARRE PLASTICO N 20 BLANCO 3.6 DOC;HERRAJES Y SOPORTES;;
123P;AMARRE PLASTICO N 20 BLANCO 3.6 PAQ X 100;HERRAJES Y SOPORTES;;
123;AMARRE PLASTICO N 20 BLANCO 3.6 U;HERRAJES Y SOPORTES;;
126D;AMARRE PLASTICO N 20 NEGRO 3.6 DOC;HERRAJES Y SOPORTES;;
126P;AMARRE PLASTICO N 20 NEGRO 3.6 PAQ X 100;HERRAJES Y SOPORTES;;
126;AMARRE PLASTICO N 20 NEGRO 3.8 U;HERRAJES Y SOPORTES;;
129D;AMARRE PLASTICO N 25 BLANCO 3.6 DOC;HERRAJES Y SOPORTES;;
129P;AMARRE PLASTICO N 25 BLANCO 3.6 PAQ X 100;HERRAJES Y SOPORTES;;
132D;AMARRE PLASTICO N 25 NEGRO 3.6 DOC;HERRAJES Y SOPORTES;;
132P;AMARRE PLASTICO N 25 NEGRO 3.6 PAQ X 100;HERRAJES Y SOPORTES;;
132;AMARRE PLASTICO N 25 NEGRO 3.6 U;HERRAJES Y SOPORTES;;
135D;AMARRE PLASTICO N 30 BLANCO 3.6 DOC;HERRAJES Y SOPORTES;;
135P;AMARRE PLASTICO N 30 BLANCO 3.6 PAQ X 100;HERRAJES Y SOPORTES;;
135;AMARRE PLASTICO N 30 BLANCO 3.6 U;HERRAJES Y SOPORTES;;
138D;AMARRE PLASTICO N 30 NEGRO 3.6 DOC;HERRAJES Y SOPORTES;;
138P;AMARRE PLASTICO N 30 NEGRO 3.6 PAQ X 100;HERRAJES Y SOPORTES;;
138;AMARRE PLASTICO N 30 NEGRO 3.6 U;HERRAJES Y SOPORTES;;
141D;AMARRE PLASTICO N 40 BLANCO 4.8 DOC;HERRAJES Y SOPORTES;;
141P;AMARRE PLASTICO N 40 BLANCO 4.8 PAQ X 100;HERRAJES Y SOPORTES;;
141;AMARRE PLASTICO N 40 BLANCO 4.8 U;HERRAJES Y SOPORTES;;
144D;AMARRE PLASTICO N 40 NEGRO 4.8 DOC;HERRAJES Y SOPORTES;;
144P;AMARRE PLASTICO N 40 NEGRO 4.8 PAQ X 100;HERRAJES Y SOPORTES;;
144;AMARRE PLASTICO N 40 NEGRO 4.8 U;HERRAJES Y SOPORTES;;
3373;AMARRE PLASTICO NEGRO 4.8 X 25cm FORTE UN;HERRAJES Y SOPORTES;;
3376;AMARRE REUTILIZABLE 4.6 X20cm forte UN;HERRAJES Y SOPORTES;;
157;ANGEO PLASTICO 90 CM BLANCO O VERDE 1MT;CONSTRUCCION;;
157R;ANGEO PLASTICO 90 CM BLANCO O VERDE 30M;CONSTRUCCION;;
159;ANGULO DE ALUMINIO 3/4 1M;PERFILES Y WINES;;
159T;ANGULO DE ALUMINIO 3/4 TIRA X 6MT;PERFILES Y WINES;;
161;ANGULO PARA TECHOS PVC 3MT;PERFILES Y WINES;;
162;ANTENA CON BASE PARA TV UDUKE;ELECTRICOS;;
163;ANTENA CONEJO PARA TV TERMINAL COAXIAL;ELECTRICOS;;
164;ANTENA TDT PARA TV 3MT;ELECTRICOS;;
165;ANTENA TDT PARA TV 5MT;ELECTRICOS;;
170;ANTICORROSIVO BLANCO 1 GALON SUPER;PINTURAS Y DISOLVENTES;;
166;ANTICORROSIVO BLANCO 1/2 G SUPER;PINTURAS Y DISOLVENTES;;
167;ANTICORROSIVO BLANCO 1/32 G SUPER;PINTURAS Y DISOLVENTES;;
168;ANTICORROSIVO BLANCO 1/4 G SUPER;PINTURAS Y DISOLVENTES;;
169;ANTICORROSIVO BLANCO 1/8 G SUPER;PINTURAS Y DISOLVENTES;;
175;ANTICORROSIVO GRIS 1 GALON SUPER;PINTURAS Y DISOLVENTES;;
171;ANTICORROSIVO GRIS 1/2 G SUPER;PINTURAS Y DISOLVENTES;;
172;ANTICORROSIVO GRIS 1/32 G SUPER;PINTURAS Y DISOLVENTES;;
173;ANTICORROSIVO GRIS 1/4 G SUPER;PINTURAS Y DISOLVENTES;;
174;ANTICORROSIVO GRIS 1/8 G SUPER;PINTURAS Y DISOLVENTES;;
180;ANTICORROSIVO NEGRO MATE 1 GALON SUPER;PINTURAS Y DISOLVENTES;;
176;ANTICORROSIVO NEGRO MATE 1/2 G SUPER;PINTURAS Y DISOLVENTES;;
177;ANTICORROSIVO NEGRO MATE 1/32 G SUPER;PINTURAS Y DISOLVENTES;;
178;ANTICORROSIVO NEGRO MATE 1/4 G SUPER;PINTURAS Y DISOLVENTES;;
179;ANTICORROSIVO NEGRO MATE 1/8 G SUPER;PINTURAS Y DISOLVENTES;;
185;ANTICORROSIVO ROJO 1 GALON SUPER;PINTURAS Y DISOLVENTES;;
181;ANTICORROSIVO ROJO 1/2 G SUPER;PINTURAS Y DISOLVENTES;;
182;ANTICORROSIVO ROJO 1/32 G SUPER;PINTURAS Y DISOLVENTES;;
183;ANTICORROSIVO ROJO 1/4 G SUPER;PINTURAS Y DISOLVENTES;;
184;ANTICORROSIVO ROJO 1/8 G SUPER;PINTURAS Y DISOLVENTES;;
190;ANTICORROSIVO VERDE 1 GALON SUPER;PINTURAS Y DISOLVENTES;;
186;ANTICORROSIVO VERDE 1/2 G SUPER;PINTURAS Y DISOLVENTES;;
187;ANTICORROSIVO VERDE 1/32 G SUPER;PINTURAS Y DISOLVENTES;;
188;ANTICORROSIVO VERDE 1/4 G SUPER;PINTURAS Y DISOLVENTES;;
189;ANTICORROSIVO VERDE 1/8 G SUPER;PINTURAS Y DISOLVENTES;;
192;"ARANDELA 1/8"" UN";TORNILLERIA;;
195;"ARANDELA 5/16"" UN";TORNILLERIA;;
196;"ARANDELA 5/32"" UN";TORNILLERIA;;
198;"ARANDELA A 1"" UN";TORNILLERIA;;
199;"ARANDELA A 3/4"" UN";TORNILLERIA;;
200;"ARANDELA A 5/8"" UN";TORNILLERIA;;
201;"ARANDELA A 7/8"" UN";TORNILLERIA;;
202;"ARANDELA A 9/16"" UN";TORNILLERIA;;
203;ARBOL VALVULA DE ENTRADA AZUL Y BLANCO BOCHERINI;GRIFERIA;;
204;ARBOL VALVULA DE ENTRADA 5/16 PLAST GRIFOS;GRIFERIA;;
207;ARENA DE PEï¿½A 1 LONA;CONSTRUCCION;;
206;ARENA DE PEï¿½A 1 MT 24 LONAS;CONSTRUCCION;;
208;ARENA DE PEï¿½A 1 PALADA;CONSTRUCCION;;
205;ARENA DE PEï¿½A 1/2 MT 12 LONAS;CONSTRUCCION;;
3562;ARENA DE POZO 1 LONA;CONSTRUCCION;;
3564;ARENA DE POZO 1 MT;CONSTRUCCION;;
3563;ARENA DE POZO 1/2 MT 12 LONAS;CONSTRUCCION;;
209;ARENA DE RIO 1 LONA;CONSTRUCCION;;
210;ASIENTO SANITARIO BASIC BLANCO/BEIGE CORONA;GRIFERIA;;
211;ATATODO COLORES OVILLO PEQUEï¿½O;SOGAS Y CADENAS;;
3206;ATOMIZADOR 1 LITRO KLINTEK;ASEO;;
3205;ATOMIZADOR 1/2 LITRO RECICLADO;ASEO;;
3510;AZADON 2LBS H-304 FORTE;HERRAMIENTA MANUAL;;
3663;BANDEJA TERMOFORMADA PEQUEï¿½A GOYA;PINTURAS Y DISOLVENTES;;
2419;BARBUQUEJO 3 APOYOS;DOTACION INDUSTRIAL;;
213;BARBUQUEJO 4 APOYOS;DOTACION INDUSTRIAL;;
218;BARNIZ BRILLANTE MADETEC 1 GALON PINTUCO;PINTURAS Y DISOLVENTES;;
214;BARNIZ BRILLANTE MADETEC 1/2 G PINTUCO;PINTURAS Y DISOLVENTES;;
215;BARNIZ BRILLANTE MADETEC 1/32 G PINTUCO;PINTURAS Y DISOLVENTES;;
216;BARNIZ BRILLANTE MADETEC 1/4 G PINTUCO;PINTURAS Y DISOLVENTES;;
217;BARNIZ BRILLANTE MADETEC 1/8 G PINTUCO;PINTURAS Y DISOLVENTES;;
223;BARNIZ EXPERTO TRANSPARENTE 1 GALON SUPER;PINTURAS Y DISOLVENTES;;
219;BARNIZ EXPERTO TRANSPARENTE 1/2 G SUPER;PINTURAS Y DISOLVENTES;;
220;BARNIZ EXPERTO TRANSPARENTE 1/32 G SUPER;PINTURAS Y DISOLVENTES;;
221;BARNIZ EXPERTO TRANSPARENTE 1/4 G SUPER;PINTURAS Y DISOLVENTES;;
222;BARNIZ EXPERTO TRANSPARENTE 1/8 G SUPER;PINTURAS Y DISOLVENTES;;
3549;BARRA AGRICOLA 1-1/8 1200mm x 102mm TRUPER;HERRAMIENTA MANUAL;;
3453;BARREDOR DE PUERTA 92 CM;HOGAR Y COCINA;;
224;BARRILITO PARA MANGUERA DE GAS BRONCE;PARTES Y REPUESTOS;;
225;BASE PARA LICUADORA CON CUCHILLAS SAMURAI;HOGAR Y COCINA;;
226;BASE PARA LICUADORA OSTER;HOGAR Y COCINA;;
227;BASE PARA LICUADORA SAMURAI;HOGAR Y COCINA;;
229;BENJAMIN BEIGE MERCURY;ELECTRICOS;;
230;BENJAMIN NEGRO MERCURY;ELECTRICOS;;
231;BETUN BOWY NEGRO 32 GR;LUBRICANTES;;
3210;BETUN BOWY NEGRO 325 GR;LUBRICANTES;;
232;BETUN BOWY NEGRO 55 GR;LUBRICANTES;;
233;BETUN BOWY PROFESIONAL NEGRO 230GR;LUBRICANTES;;
3440;BETUN BOWY PROFESIONAL NEGRO KILO;PINTURAS Y DISOLVENTES;;
3380;BICARBONATO BOLSITA;ASEO;;
234;"BISAGRA COMUN LATON 1"" INDUMA UNIDAD";HERRAJES Y SOPORTES;;
235;BISAGRA COMUN LATON 11/2  INDUMA UNIDAD;HERRAJES Y SOPORTES;;
236;"BISAGRA COMUN LATON 2"" INDUMA UNIDAD";HERRAJES Y SOPORTES;;
237;"BISAGRA COMUN LATON 21/2""  INDUMA UNIDAD";HERRAJES Y SOPORTES;;
238;"BISAGRA COMUN LATON 21/2"" X 21/2"" INDUMA UNIDAD";HERRAJES Y SOPORTES;;
240;"BISAGRA COMUN LATON 3/4"" INDUMA UNIDAD";HERRAJES Y SOPORTES;;
241;"BISAGRA COMUN LATON 31/2"" INDUMA UNIDAD";HERRAJES Y SOPORTES;;
242;"BISAGRA COMUN LATON 4""  INDUMA UNIDAD";HERRAJES Y SOPORTES;;
243;"BISAGRA NUDO 3X3"" INDUMA UNIDAD";HERRAJES Y SOPORTES;;
245;"BISAGRA OMEGA 2"" GATO UNIDAD";HERRAJES Y SOPORTES;;
246;"BISAGRA OMEGA 21/2"" GATO UNIDAD";HERRAJES Y SOPORTES;;
247;"BISAGRA OMEGA 3"" GATO UNIDAD";HERRAJES Y SOPORTES;;
248;BISAGRA PARCHE PAR;HERRAJES Y SOPORTES;;
249;BISAGRA PLANA VENTANA UNIDAD;HERRAJES Y SOPORTES;;
250;"BISAGRA REDONDA 1/2"" UNIDAD";HERRAJES Y SOPORTES;;
251;"BISAGRA REDONDA 3/4"" CORTA UNIDAD";HERRAJES Y SOPORTES;;
3287;"BISAGRA REDONDA 3/4"" LARGA UNIDAD";HERRAJES Y SOPORTES;;
252;"BISAGRA REDONDA 3/8"" UNIDAD";HERRAJES Y SOPORTES;;
253;"BISAGRA REDONDA 5/8"" CORTA UNIDAD";HERRAJES Y SOPORTES;;
254;"BISAGRA REDONDA 5/8"" LARGA UNIDAD";HERRAJES Y SOPORTES;;
3289;BISAGRA REDONDA ALA N3 MEDIANA UNIDAD;HERRAJES Y SOPORTES;;
255;BISAGRA SEMI PARCHE PAR;HERRAJES Y SOPORTES;;
256;"BISTURI 5"" BLISTER PRETUL";HERRAMIENTA MANUAL;;
258;"BISTURI 6"" CON GRIP TRUPER";HERRAMIENTA MANUAL;;
1318;BISTURI METALICO GRANDE;HERRAMIENTA MANUAL;;
261;BISTURI PLASTICO ECO GRANDE;HERRAMIENTA MANUAL;;
3323;"BISTURI TIPO LAPIZ PROFESIONAL 6""";HERRAMIENTA MANUAL;;
3688;BLOQUE N 5 BLANCO 12X30CM;CONSTRUCCION;;
3348;BOCALLAVE GATO GUERRERO;CERRAJERIA Y SEGURIDAD;;
264;BOLSA DE ESTOPA FINA 200GM ROJA;PINTURAS Y DISOLVENTES;;
265;BOLSA DE ESTOPA FINA 100G NEGRA;PINTURAS Y DISOLVENTES;;
3460;BOLSA NEGRA N 22 PAQUETE;HOGAR Y COCINA;;
3614;BOLSA NEGRA N 22 UNIDAD;HOGAR Y COCINA;;
875;BOLSA NEGRA N 28 UNIDAD;HOGAR Y COCINA;;
2421;BOLSA NEGRA N 32 UNIDAD;HOGAR Y COCINA;;
3459;BOMBA MANUAL PARA INFLAR 80 PSI PRETUL;HERRAMIENTA MANUAL;;
266;BOMBILLO 100W RISE;ELECTRICOS;;
267;BOMBILLO 150W SYLVANIA;ELECTRICOS;;
3176;BOMBILLO CANDELABRO;ELECTRICOS;;
3172;BOMBILLO VELA E27;ELECTRICOS;;
3173;BOMBILLO CANDELABRO TRANSPARENTE;ELECTRICOS;;
268;BOMBILLO VEHICULO 1 CONTACTO;ELECTRICOS;;
269;BOMBILLO VEHICULO 2 CONTACTO;ELECTRICOS;;
270;BOMBILLO GU10 5W MERCURY;ELECTRICOS;;
271;BOMBILLO LED 10.7 W KALLEY;ELECTRICOS;;
272;BOMBILLO LED 4W ILUMAX;ELECTRICOS;;
273;BOMBILLO LED 5W E27 LUZ BLANCA MERCURY;ELECTRICOS;;
274;BOMBILLO LED 8.5 W KALLEY;ELECTRICOS;;
275;BOMBILLO LED 50W ZAFIRO;ELECTRICOS;;
276;BOMBILLO LED 30W ZAFIRO;ELECTRICOS;;
3201;BOMBILLO 9W LED CON SENSOR MERCURY;ELECTRICOS;;
3349;BOMBILLO LED PERFUME NEVERA 3W MERCURY;ELECTRICOS;;
277;BOMBILLO LED PROYECTOS;ELECTRICOS;;
278;BOMBILLO LINTERNA;ELECTRICOS;;
279;BOMBILLO MULTIUSO 25 W 40;ELECTRICOS;;
3174;BOMBILLO PIMPON COLORES;DOTACION INDUSTRIAL;;
280;BOMBILLO VELA E14;ELECTRICOS;;
283;BOQUILLA BEIGE 2K MAXI;CONSTRUCCION;;
285;BOQUILLA BLANCA CONCOLOR 2K CORONA;CONSTRUCCION;;
287;BOQUILLA NEGRA 2K MAXI;CONSTRUCCION;;
286;BOQUILLA PARA MANGUERA PLASTICA PRETUL;GRIFERIA;;
288;BOQUILLA PISTOLA CHORRO;PARTES Y REPUESTOS;;
289;BOQUILLA PISTOLA PUNTO;PARTES Y REPUESTOS;;
290;BOQUILLA CAOBA 2K MAXI;CONSTRUCCION;;
291;BOQUILLERA 3x1 ALUMINIO 1M;PERFILES Y WINES;;
291T;BOQUILLERA 3x1 ALUMINIO TIRA 6MT;PERFILES Y WINES;;
1739;BORNERA PARA BREAKERS TACOS 2;CONSTRUCCION;;
1740;BORNERA PARA BREAKERS TACOS 3;LUBRICANTES;;
3551;BORNES DE PLOMO PARA BATERIA 2 PIEZAS TRUPER;HERRAMIENTA ELECTRICA;;
3496;BORNES PARA BATERIA PAR 12V 6E UYUSTOOLS;ELECTRICOS;;
293;BOTON MADERA NATUTAL MIEL CAOBA Y NEGRO LISO;HERRAJES Y SOPORTES;;
294;BOTON METALICO BICELADO GRANDE;HERRAJES Y SOPORTES;;
3442;BREAKER TACO DE RIEL 1 X 40 EXTERIOR;ELECTRICOS;;
3512;BREAKER TACO PLUG 40 A EXE;ELECTRICOS;;
295;"BRIDA FLEXIBLE 3"" CORTA SANITARIO";GRIFERIA;;
296;BRILLA METAL GRANDE FOXTER;LUBRICANTES;;
297;BRILLA METAL PEQUEï¿½O FOXTER;LUBRICANTES;;
298;BROCA ACERO HSS 1/16 INCOLMA;ABRASIVOS Y CONSUMIBLES;;
299;BROCA ACERO HSS 1/2 INCOLMA;ABRASIVOS Y CONSUMIBLES;;
300;BROCA ACERO HSS 1/4 INCOLMA;ABRASIVOS Y CONSUMIBLES;;
301;BROCA ACERO HSS 1/8 INCOLMA;ABRASIVOS Y CONSUMIBLES;;
302;BROCA ACERO HSS 11/32 INCOLMA;ABRASIVOS Y CONSUMIBLES;;
303;BROCA ACERO HSS 11/64 INCOLMA;ABRASIVOS Y CONSUMIBLES;;
304;BROCA ACERO HSS 13/32 INCOLMA;ABRASIVOS Y CONSUMIBLES;;
305;BROCA ACERO HSS 13/64 INCOLMA;ABRASIVOS Y CONSUMIBLES;;
306;BROCA ACERO HSS 15/64 INCOLMA;ABRASIVOS Y CONSUMIBLES;;
308;BROCA ACERO HSS 19/64 INCOLMA;ABRASIVOS Y CONSUMIBLES;;
309;BROCA ACERO HSS 21/64 INCOLMA;ABRASIVOS Y CONSUMIBLES;;
310;BROCA ACERO HSS 3/16 INCOLMA;ABRASIVOS Y CONSUMIBLES;;
311;BROCA ACERO HSS 3/32 INCOLMA;ABRASIVOS Y CONSUMIBLES;;
312;BROCA ACERO HSS 3/8 INCOLMA;ABRASIVOS Y CONSUMIBLES;;
313;BROCA ACERO HSS 5/16 INCOLMA;ABRASIVOS Y CONSUMIBLES;;
314;BROCA ACERO HSS 5/32 INCOLMA;ABRASIVOS Y CONSUMIBLES;;
315;BROCA ACERO HSS 5/64 INCOLMA;ABRASIVOS Y CONSUMIBLES;;
316;BROCA ACERO HSS 7/16 INCOLMA;ABRASIVOS Y CONSUMIBLES;;
317;BROCA ACERO HSS 7/32 INCOLMA;ABRASIVOS Y CONSUMIBLES;;
318;BROCA ACERO HSS 7/64 INCOLMA;ABRASIVOS Y CONSUMIBLES;;
319;BROCA ACERO HSS 9/32 INCOLMA;ABRASIVOS Y CONSUMIBLES;;
3272;"BROCA CONCRETO 1/2 X 12"" TRUPER";ABRASIVOS Y CONSUMIBLES;;
3270;"BROCA CONCRETO 1/4 X 12"" TRUPER";ABRASIVOS Y CONSUMIBLES;;
350;"BROCA CONCRETO 1/4 X 4"" TRUPER";ABRASIVOS Y CONSUMIBLES;;
351;"BROCA CONCRETO 3/16 X 4"" TRUPER";ABRASIVOS Y CONSUMIBLES;;
352;"BROCA CONCRETO 3/8 x 5"" TRUPER";ABRASIVOS Y CONSUMIBLES;;
3271;"BROCA CONCRETO 5/16 X 12"" TRUPER";ABRASIVOS Y CONSUMIBLES;;
353;"BROCA CONCRETO 5/16 X 4"" TRUPER";ABRASIVOS Y CONSUMIBLES;;
3276;"BROCA CONCRETO SDS RANURADA 1/2 X 6"" TRUPER";ABRASIVOS Y CONSUMIBLES;;
3273;"BROCA CONCRETO SDS RANURADA 1/4 X 6"" TRUPER";ABRASIVOS Y CONSUMIBLES;;
3275;"BROCA CONCRETO SDS RANURADA 3/8 X 6"" TRUPER";ABRASIVOS Y CONSUMIBLES;;
3332;"BROCA CONCRETO SDS RANURADA 3/8"" X 12"" TRUPER";TUBERIAS Y ACCESORIOS;;
3274;"BROCA CONCRETO SDS RANURADA 5/16 X 6"" TRUPER";ABRASIVOS Y CONSUMIBLES;;
321;"BROCA ESPADA PARA MADERA 1"" TRUPER";ABRASIVOS Y CONSUMIBLES;;
322;"BROCA ESPADA PARA MADERA 1/2"" TRUPER";ABRASIVOS Y CONSUMIBLES;;
323;"BROCA ESPADA PARA MADERA 3/4"" TRUPER";ABRASIVOS Y CONSUMIBLES;;
324;"BROCA ESPADA PARA MADERA 3/8"" TRUPER";ABRASIVOS Y CONSUMIBLES;;
325;BROCA HSS 1/16 MP TOOLS;ABRASIVOS Y CONSUMIBLES;;
326;BROCA HSS 1/2 MP TOOLS;ABRASIVOS Y CONSUMIBLES;;
328;BROCA HSS 1/8 MP TOOLS;ABRASIVOS Y CONSUMIBLES;;
329;BROCA HSS 11/64 MP TOOLS;ABRASIVOS Y CONSUMIBLES;;
331;BROCA HSS 3/32 MP TOOLS;ABRASIVOS Y CONSUMIBLES;;
332;BROCA HSS 3/8 MP TOOLS;ABRASIVOS Y CONSUMIBLES;;
333;BROCA HSS 5/16 MP TOOLS;ABRASIVOS Y CONSUMIBLES;;
334;BROCA HSS 5/32 MP TOOLS;ABRASIVOS Y CONSUMIBLES;;
335;BROCA HSS 5/64 MP TOOLS;ABRASIVOS Y CONSUMIBLES;;
336;BROCA HSS 7/16 MP TOOLS;ABRASIVOS Y CONSUMIBLES;;
337;BROCA HSS 7/64 MP TOOLS;ABRASIVOS Y CONSUMIBLES;;
338;BROCA HSS 9/64 MP TOOLS;ABRASIVOS Y CONSUMIBLES;;
339;"BROCA HSS ACERO RAPIDO 1/4"" TRUPER";ABRASIVOS Y CONSUMIBLES;;
340;"BROCA HSS ACERO RAPIDO 1/8"" TRUPER";ABRASIVOS Y CONSUMIBLES;;
341;"BROCA HSS ACERO RAPIDO 13/64"" TUPER";ABRASIVOS Y CONSUMIBLES;;
343;"BROCA HSS ACERO RAPIDO 5/8"" TRUPER";ABRASIVOS Y CONSUMIBLES;;
344;"BROCA HSS ACERO RAPIDO 9/16"" TRUPER";ABRASIVOS Y CONSUMIBLES;;
345;"BROCA MURO 1/2"" DIAGER";ABRASIVOS Y CONSUMIBLES;;
3297;"BROCA MURO 1/2"" MAKITA";ABRASIVOS Y CONSUMIBLES;;
346;"BROCA MURO 1/4"" DIAGER";ABRASIVOS Y CONSUMIBLES;;
347;"BROCA MURO 3/16"" DIAGER";ABRASIVOS Y CONSUMIBLES;;
348;"BROCA MURO 3/8"" DIAGER";ABRASIVOS Y CONSUMIBLES;;
349;"BROCA MURO 5/16"" DIAGER";ABRASIVOS Y CONSUMIBLES;;
3340;"BROCA PARA ROUTER TOOLCRAFT D 7/8"" X L 3/4""";ABRASIVOS Y CONSUMIBLES;;
3515;"BROCHA CERDA SINTETICA 1"" PINTE";PINTURAS Y DISOLVENTES;;
3514;"BROCHA CERDA SINTETICA 1/2"" PINTE";PINTURAS Y DISOLVENTES;;
3516;"BROCHA CERDA SINTETICA 11/2"" PINTE";PINTURAS Y DISOLVENTES;;
3517;"BROCHA CERDA SINTETICA 2"" PINTE";PINTURAS Y DISOLVENTES;;
3518;"BROCHA CERDA SINTETICA 21/2"" PINTE";PINTURAS Y DISOLVENTES;;
3519;"BROCHA CERDA SINTETICA 3"" PINTE";PINTURAS Y DISOLVENTES;;
355;"BROCHA MANGO MADERA 2"" PRETUL";PINTURAS Y DISOLVENTES;;
356;"BROCHA MANGO MADERA 3"" PRETUL";PINTURAS Y DISOLVENTES;;
357;"BROCHA MANGO MADERA 4"" PRETUL";PINTURAS Y DISOLVENTES;;
358;"BROCHA MANGO PLASTICO 1"" TRUPER";PINTURAS Y DISOLVENTES;;
359;"BROCHA MANGO PLASTICO 1/2"" TRUPER";PINTURAS Y DISOLVENTES;;
360;"BROCHA MANGO PLASTICO 11/2"" TRUPER";PINTURAS Y DISOLVENTES;;
361;"BROCHA MANGO PLASTICO 2"" TRUPER";PINTURAS Y DISOLVENTES;;
362;"BROCHA MANGO PLASTICO 21/2"" TRUPER";PINTURAS Y DISOLVENTES;;
354;"BROCHA MANGO PLASTICO 3"" TRUPER";PINTURAS Y DISOLVENTES;;
364;"BROCHA POPULAR BLANCA 1"" GOYA";PINTURAS Y DISOLVENTES;;
365;"BROCHA POPULAR BLANCA 1/2"" GOYA";PINTURAS Y DISOLVENTES;;
366;"BROCHA POPULAR BLANCA 2 1/2"" GOYA";PINTURAS Y DISOLVENTES;;
369;"BROCHA POPULAR BLANCA 4"" GOYA";PINTURAS Y DISOLVENTES;;
370;"BROCHA POPULAR BLANCA 5"" GOYA";PINTURAS Y DISOLVENTES;;
371;"BROCHA POPULAR BLANCA 6"" GOYA";PINTURAS Y DISOLVENTES;;
372;"BROCHA PROFESIONAL PLASTICO 5"" PINTUCO";PINTURAS Y DISOLVENTES;;
396;BUSHING GALVANIZADO 1/2 X 3/8;TUBERIAS Y ACCESORIOS;;
374;BUSHING BRONCE 1/2 X 3/8;PARTES Y REPUESTOS;;
375;BUSHING BRONCE 3/8 X 1/4;PARTES Y REPUESTOS;;
373;BUSHING GALVANIZADO 3/4 X 1/2;TUBERIAS Y ACCESORIOS;;
376;"BUJE ADAP CAUCHO 11/2"" A SIFON LAVAMANOS";TUBERIAS Y ACCESORIOS;;
377;"BUJE ADAP CAUCHO 11/2"" A SIFON LAVAPLATOS";TUBERIAS Y ACCESORIOS;;
378;"BUJE ADAP CAUCHO 11/4"" A SIFON LAVAMANOS";TUBERIAS Y ACCESORIOS;;
379;"BUJE ADAP CAUCHO 11/4"" A SIFON LAVAPLATOS";TUBERIAS Y ACCESORIOS;;
380;"BUJE ADAP CAUCHO 2"" A SIFON LAVAMANOS";TUBERIAS Y ACCESORIOS;;
381;"BUJE ADAP CAUCHO 2"" A SIFON LAVAPLATOS";TUBERIAS Y ACCESORIOS;;
382;"BUJE SANITARIO 2X11/2""";TUBERIAS Y ACCESORIOS;;
383;"BUJE SANITARIO 3X11/2""";TUBERIAS Y ACCESORIOS;;
384;"BUJE SANITARIO 3X2""";TUBERIAS Y ACCESORIOS;;
385;"BUJE SANITARIO 4X2""";TUBERIAS Y ACCESORIOS;;
386;"BUJE SANITARIO 4X3""";TUBERIAS Y ACCESORIOS;;
387;"BUJE PVC SOLDADO 11/2X 11/4""";TUBERIAS Y ACCESORIOS;;
388;"BUJE PVC SOLDADO  11/2X 3/4""";TUBERIAS Y ACCESORIOS;;
389;"BUJE PVC SOLDADO 11/4X3/4""";TUBERIAS Y ACCESORIOS;;
390;"BUJE PVC SOLDADO  1X1/2""";TUBERIAS Y ACCESORIOS;;
391;"BUJE PVC SOLDADO  1X3/4""";TUBERIAS Y ACCESORIOS;;
392;"BUJE PVC SOLDADO  2X1""";TUBERIAS Y ACCESORIOS;;
393;"BUJE PVC SOLDADO  2X11/2""";TUBERIAS Y ACCESORIOS;;
394;"BUJE PVC SOLDADO  2X11/4""";TUBERIAS Y ACCESORIOS;;
395;"BUJE PVC SOLDADO  3/4X1/2""";TUBERIAS Y ACCESORIOS;;
397;CABEZA TELEDUCHA CROMADA BOCHERINI;GRIFERIA;;
398;CABLE 1X1 1.5mt;ELECTRICOS;;
399;CABLE 2X1  1.5mt;ELECTRICOS;;
400;CABLE 2X2 1.5mt;ELECTRICOS;;
401;CABLE 2X2 fino USA 1.5mt;ELECTRICOS;;
402;CABLE 3X1 1.5mt;ELECTRICOS;;
403;CABLE 3X3  1.5mt;ELECTRICOS;;
404;CABLE 3X3  3mt;ELECTRICOS;;
405;CABLE ANTENA COAXIAL BLANCO;ELECTRICOS;;
406;CABLE ANTENA COAXIAL NEGRO;ELECTRICOS;;
407;CABLE DE PODER TREBOL;ELECTRICOS;;
408;CABLE DE PODER FINO;ELECTRICOS;;
409;CABLE DUPLEX  2X10 CABLEXCOL 1MT;ELECTRICOS;;
410;CABLE DUPLEX 2X12 CABLEXCOL 1MT;ELECTRICOS;;
411;CABLE DUPLEX 2X14 CABLEXCOL 1MT;ELECTRICOS;;
412;CABLE DUPLEX 2X16 CABLEXCOL 1MT;ELECTRICOS;;
413;CABLE DUPLEX 2X8 CABLEXCOL 1MT;ELECTRICOS;;
3350;CABLE ENCAUCHETADO 2X12;ELECTRICOS;;
414;CABLE ENCAUCHETADO 2X14;ELECTRICOS;;
3351;CABLE ENCAUCHETADO 3X12;ELECTRICOS;;
415;CABLE GRABADORA ECO;ELECTRICOS;;
416;CABLE GRABADORA FINO;ELECTRICOS;;
417;CABLE HDMI 1.5MT;ELECTRICOS;;
418;CABLE HDMI 3MT;ELECTRICOS;;
419;CABLE HDMI 5MT;ELECTRICOS;;
420;CABLE N6 VERDE 8 HILOS;ELECTRICOS;;
421;CABLE POLARIZADO 2X18 CONCABLES 1MT;ELECTRICOS;;
422;CABLE POLARIZADO 2X22 CONCABLES 1MT;ELECTRICOS;;
3280;CABLE TELEFONICO 2 PARES 1MT;ELECTRICOS;;
423;CABLE TIMBRE 1MT;ELECTRICOS;;
3265;CABLE UTP RED CATEGORIA 5E;ELECTRICOS;;
424;CABLE VEHICULO NEGRO N 14;ELECTRICOS;;
426;CABLES PARA INICIAR 3 MT 8 AWG TRUPER;ELECTRICOS;;
427;CABLES PARA INICIAR 3.5 MT 6 AWG TRUPER;ELECTRICOS;;
425;CABLES PARA INICIAR PRETUL;ELECTRICOS;;
428;CABO PALA;HERRAMIENTA MANUAL;;
429;CABO PIKA;HERRAMIENTA MANUAL;;
3308;CABUYA FIQUE DELGADA N1 180G FORTE;SOGAS Y CADENAS;;
430;CABUYA FIQUE GRUESA N3 180G FORTE;SOGAS Y CADENAS;;
431;CABUYA MULTIUSOS COLORES N12 150 MT CIPLAS;SOGAS Y CADENAS;;
1582;CABUYA FIQUE NATURAL 10MM X 1MT FORTE;SOGAS Y CADENAS;;
3290;CADENA MARQUETERIA ZINCADA;HERRAJES Y SOPORTES;;
432;CADENA PLASTICO 8MM AMARILLA 1MT TRUPER;SOGAS Y CADENAS;;
433;"CADENA SOLDADA GALVANIZADA 1/8""";SOGAS Y CADENAS;;
434;"CADENA SOLDADA GALVANIZADA 5/16""";SOGAS Y CADENAS;;
435;"CADENA SOLDADA GALVANIZADA 5/32""";SOGAS Y CADENAS;;
436;"CADENA SOLDADA PULIDA 1/4""";SOGAS Y CADENAS;;
437;CAIMAN CON CABLE COLORES UN;ELECTRICOS;;
438;CAIMAN ROJO NEGRO MINI PAR;ELECTRICOS;;
439;CAIMAN ROJO NEGRO PEQUEï¿½O PAR;ELECTRICOS;;
440;CAJA 10 X 10 GALVANIZADA CAL 20 ELECTRICA;ELECTRICOS;;
441;CAJA 10 X 10 PLASTICA ELECTRICA;ELECTRICOS;;
442;CAJA 4 X 4 GALVANIZADA CAL 20 ELECTRICA;ELECTRICOS;;
443;CAJA 4 X 4 GALVANIZADA LIVIANA ELECTRICA;ELECTRICOS;;
444;CAJA 4 X 4 PLASTICA 2400 ELECTRICA;ELECTRICOS;;
445;CAJA 5800 GALVANIZADA LIVIANA ELECTRICA;ELECTRICOS;;
1317;CAJA 5800 GALVANIZADA PESADA ELECTRICA;ABRASIVOS Y CONSUMIBLES;;
446;CAJA 5800 PVC ELECTRICA;ELECTRICOS;;
447;CAJA OCTAGONAL PLASTICA ELECTRICA;ELECTRICOS;;
448;CAJA OCTAGONAL GALVANIZADA PESADA CAL 20  ELECTRICA;ELECTRICOS;;
449;CAJA OCTAGONAL GALVANIZADA LIVIANA  ELECTRICA;ELECTRICOS;;
450;CAJA PARA HERRAMIENTA ROSA PRETUL;HERRAMIENTA MANUAL;;
451;CAJA TELEFONICA X 1;ELECTRICOS;;
452;CAJA TELEFONICA X 2;ELECTRICOS;;
453;CAJA PARA TOMA DOBLE SOBREPONER PLASTICA ELECTRICA;ELECTRICOS;;
454;CAJA PARA CAMARA SOBREPONER 10 X 5 X 10 ELECTRICA;ELECTRICOS;;
455;CAL HIDRATADA 10K;CONSTRUCCION;;
456;CAL HIDRATADA 1K;CONSTRUCCION;;
3009;CALIBRADOR CABEZA DOBLE 200 LBS TRUPER;HERRAMIENTA MANUAL;;
457;"CANALETA CON ADHESIVO 1""";PERFILES Y WINES;;
458;"CANALETA CON ADHESIVO 1/2""";PERFILES Y WINES;;
459;"CANALETA CON ADHESIVO 11/2""";PERFILES Y WINES;;
460;"CANALETA CON ADHESIVO 11/4""";PERFILES Y WINES;;
461;"CANALETA CON ADHESIVO 3/4""";PERFILES Y WINES;;
462;"CANASTILLA LAVAPLATOS 4"" GRIVAL";GRIFERIA;;
463;"CANASTILLA LAVAPLATOS CROMADA 4"" PLAST GRIFOS";GRIFERIA;;
464;"CANCAMO ABIERTO 1 1/4""";TORNILLERIA;;
465;"CANCAMO ABIERTO 1"" RANGER";TORNILLERIA;;
467;"CANCAMO ABIERTO 3/4"" RANGER";TORNILLERIA;;
468;"CANCAMO ABIERTO 5/8"" RANGER";TORNILLERIA;;
469;"CANCAMO ABIERTO 7/8"" RANGER";TORNILLERIA;;
470;CANCAMO CERRADO N 1 RANGER;TORNILLERIA;;
471;CANCAMO CERRADO N 10 RANGER;TORNILLERIA;;
472;CANCAMO CERRADO N 12 RANGER;TORNILLERIA;;
473;CANCAMO ABIERTO;TORNILLERIA;;
474;CANCAMO CERRADO N 2 RANGER;TORNILLERIA;;
475;CANCAMO CERRADO N 4 RANGER;TORNILLERIA;;
476;CANCAMO CERRADO N 6 RANGER;TORNILLERIA;;
477;CANCAMO CERRADO N 8 RANGER;TORNILLERIA;;
478;CANCAMO CROMADO ABIERTO N10;TORNILLERIA;;
479;CANCAMO CROMADO CERRADO N10;TORNILLERIA;;
480;CANCAMO CROMADO CERRADO N5;TORNILLERIA;;
481;CANCAMO CROMADO CERRADO N6;TORNILLERIA;;
484;"CANCAMO EN ELE 11/2""";ELECTRICOS;;
482;"CANCAMO EN ELE  1""";ELECTRICOS;;
483;"CANCAMO EN ELE  1/2""";ELECTRICOS;;
485;"CANCAMO EN ELE  11/4""";ELECTRICOS;;
486;"CANCAMO EN ELE  7/8""";ELECTRICOS;;
491;CANDADO 25MM LATON GATO;CERRAJERIA Y SEGURIDAD;;
492;CANDADO 30MM LATON GATO;CERRAJERIA Y SEGURIDAD;;
493;CANDADO 38MM LATON GATO;CERRAJERIA Y SEGURIDAD;;
494;CANDADO 40MM LATON GATO;CERRAJERIA Y SEGURIDAD;;
495;CANDADO 50MM LATON GATO;CERRAJERIA Y SEGURIDAD;;
496;CANDADO 60MM LATON GATO;CERRAJERIA Y SEGURIDAD;;
497;CANDADO ALEMAN 40 MM YALE 840;CERRAJERIA Y SEGURIDAD;;
498;CANDADO ALEMAN 50 MM YALE 850;CERRAJERIA Y SEGURIDAD;;
499;CANDADO ALEMAN 70 MM YALE 870;CERRAJERIA Y SEGURIDAD;;
3408;CANDADO ALEMAN INTEMPERIE 50 MM 850 YALE;CERRAJERIA Y SEGURIDAD;;
500;CANDADO ANTICIZALLA LATON 50MM STANLEY;CERRAJERIA Y SEGURIDAD;;
501;CANDADO BICICLETA CON CLAVE HERMEX;CERRAJERIA Y SEGURIDAD;;
3522;CANDADO BICICLETA CON LLAVE;CERRAJERIA Y SEGURIDAD;;
502;CANDADO CROMO 20 MM WORKEY;CERRAJERIA Y SEGURIDAD;;
503;CANDADO CROMO 25 MM WORKEY;CERRAJERIA Y SEGURIDAD;;
504;CANDADO CROMO 30 MM WORKEY;CERRAJERIA Y SEGURIDAD;;
505;CANDADO CROMO 40 MM WORKEY;CERRAJERIA Y SEGURIDAD;;
506;CANDADO CROMO 50 MM WORKEY;CERRAJERIA Y SEGURIDAD;;
507;CANDADO CROMO 60 MM WORKEY;CERRAJERIA Y SEGURIDAD;;
508;CANDADO DE HIERRO 20 MM HERMEX;CERRAJERIA Y SEGURIDAD;;
3192;CANDADO DE HIERRO 30 MM BLISTER HERMEX BASIC;CERRAJERIA Y SEGURIDAD;;
510;CANDADO DE HIERRO 30 MM HERMEX;CERRAJERIA Y SEGURIDAD;;
511;CANDADO DE HIERRO 40 MM HERMEX;CERRAJERIA Y SEGURIDAD;;
512;CANDADO DE HIERRO 50 MM HERMEX;CERRAJERIA Y SEGURIDAD;;
513;CANDADO DE HIERRO 63 MM CROMO HERMEX;CERRAJERIA Y SEGURIDAD;;
3419;CANDADO GOLD WALL BLISS 30 MM ORIGINAL;CERRAJERIA Y SEGURIDAD;;
3277;CANDADO GOLD WALL BLISS 40 MM ORIGINAL;CERRAJERIA Y SEGURIDAD;;
3278;CANDADO GOLD WALL BLISS 50 MM ORIGINAL;CERRAJERIA Y SEGURIDAD;;
3193;CANDADO INTEMPERIE NEGRO 220/51 YALE 8816;CERRAJERIA Y SEGURIDAD;;
514;CANDADO INTEMPERIE NEGRO 220/61 YALE 8816;CERRAJERIA Y SEGURIDAD;;
3309;CANDADO INTEMPERIE NEGRO 220/71 YALE 8817;CERRAJERIA Y SEGURIDAD;;
3604;CANDADO LAMINADO 30 MM INTEMPERIE FANAL;CERRAJERIA Y SEGURIDAD;;
3605;CANDADO LAMINADO 40 MM INTEMPERIE FANAL;CERRAJERIA Y SEGURIDAD;;
3607;CANDADO LAMINADO 50 MM INTEMPERIE FANAL;CERRAJERIA Y SEGURIDAD;;
515;CANDADO LAMINADO RECUBIERTO 50 MM HERMEX;CERRAJERIA Y SEGURIDAD;;
516;CANDADO LATON 50MM STANLEY;CERRAJERIA Y SEGURIDAD;;
517;CANDADO MALETERO CLAVE 25 MM HERMEX;CERRAJERIA Y SEGURIDAD;;
518;CANDADO MALETERO CLAVE 36 MM HERMEX;CERRAJERIA Y SEGURIDAD;;
3283;CANDADO AMARILLO ECONOMICO 20;CERRAJERIA Y SEGURIDAD;;
3394;CANDADO AMARILLO ECONOMICO 25;TORNILLERIA;;
519;CANECA PLASTICA 5 GALONES;PINTURAS Y DISOLVENTES;;
520;CAï¿½AMO ARO;SOGAS Y CADENAS;;
521;CAOLIN IMPALPABLE 1K;CONSTRUCCION;;
522;CAOLIN IMPALPABLE 25K;CONSTRUCCION;;
3649;CAPUCHON CABLE AWG 16-10 TRANSPARENTE;ELECTRICOS;;
3648;CAPUCHON NYLON CABLE 22-16 AWG TRANSPARENTE;ELECTRICOS;;
523;CARETA PARA SOLDAR PRETUL;DOTACION INDUSTRIAL;;
524;CARETA PARA SOLDAR TIPO PALETA;HERRAMIENTA MANUAL;;
525;CARGADOR DE BATERIAS MAX AA 2 - 4 5005;ELECTRICOS;;
527;CARPINCOL X 250 G MR-60 APLICADOR PEGATEX;PEGANTES;;
528;CARPINCOL X 500 G MR-60 APLICADOR PEGATEX;PEGANTES;;
526;CARPINCOL X 1k G MR-60 APLICADOR PEGATEX;PEGANTES;;
2112;CARTON CORRUGADO 1MT;CONSTRUCCION;;
529;VASTAGO CARTUCHO REPUESTO BOCHERINI;GRIFERIA;;
530;CARTUCHO PINTUCO FLEX  BLANCO 300ML;PEGANTES;;
3355;CARTUCHO PINTUCO FLEX  GRIS 300ML;PEGANTES;;
3356;CARTUCHO PINTUCO FLEX  NEGRO 300ML;PEGANTES;;
531;CASCO DE SEGURIDAD AMARILLO PRETUL;DOTACION INDUSTRIAL;;
532;CASCO DE SEGURIDAD BLANCO PRETUL;DOTACION INDUSTRIAL;;
533;CASQUETE 3/4 CAUCHO SILLA;HERRAJES Y SOPORTES;;
534;CASQUETE 5/8 CAUCHO SILLA;HERRAJES Y SOPORTES;;
535;CASQUETE BASTON EN CAUCHO;HERRAJES Y SOPORTES;;
536;CASQUETE MULETA EN CAUCHO;HERRAJES Y SOPORTES;;
537;CATALIZADOR AZUL PARA 1/4 G SUPER;PINTURAS Y DISOLVENTES;;
540;CAUCHO OLLA PANEX AZUL 2-4 LITROS;HOGAR Y COCINA;;
538;CAUCHO OLLA PANEX AZUL 4-6 LITROS;HOGAR Y COCINA;;
539;CAUCHO OLLA PANEX AZUL 8-10 LITROS;HOGAR Y COCINA;;
541;CAUCHO OLLA EXPRESS 4-6 LITOS UNIVERSAL;HOGAR Y COCINA;;
542;CAUCHO OLLA NEGRO 4-6 LITROS;HOGAR Y COCINA;;
3416;CAUCHO OLLA UNIEXPRESS 18-20-22;HOGAR Y COCINA;;
3361;CAUCHO OLLA UNIVERSAL ORIGINAL BLANCO;HOGAR Y COCINA;;
543;CAUTIN 30W ECONOMICO;ELECTRICOS;;
544;CAUTIN TIPO LAPIZ 30 W PRETUL;ELECTRICOS;;
545;CAUTIN TIPO LAPIZ 45 W PRETUL;ELECTRICOS;;
546;CEMENTO BLANCO USO GENERAL 1K;CONSTRUCCION;;
547;CEMENTO BLANCO USO GENERAL 5K;CONSTRUCCION;;
548;CEMENTO BLANCO USO GENRAL 20K ARGOS;CONSTRUCCION;;
549;CEMENTO BLANCO USO GENERAL 40K ARGOS;CONSTRUCCION;;
550;CEMENTO GRIS 25K TEQUENDAMA;CONSTRUCCION;;
551;CEMENTO GRIS 50K TEQUENDAMA;CONSTRUCCION;;
552;CEMENTO GRIS USO GENERAL 1K CORONA;CONSTRUCCION;;
553;CEMENTO GRIS USO GENERAL 25K CORONA;CONSTRUCCION;;
554;CEMENTO GRIS USO GENERAL 50K ARGOS;CONSTRUCCION;;
555;CEMENTO GRIS USO GENERAL 50K CORONA;CONSTRUCCION;;
556;CEMENTO GRIS USO GENERAL 5K CORONA;CONSTRUCCION;;
557;CEMENTO PARA RADIADOR CRC 55 GRS;LUBRICANTES;;
558;CEMENTO PL285 X 120 ML PEGATEX;PEGANTES;;
559;CEMENTO PL285 X 375 ML PEGATEX;PEGANTES;;
560;CEMENTO PL285 X 60 ML PEGATEX;PEGANTES;;
561;CEMENTO PL285 X 750 ML BOTELLA PEGATEX;PEGANTES;;
3304;CEPILLERO PLASTGRIFOS;GRIFERIA;;
562;CEPILLO GRATA ACERO AL CARBONO 51 TRUPER;HERRAMIENTA MANUAL;;
563;CEPILLO GRATA ACERO AL CARBONO 64 TRUPER;HERRAMIENTA MANUAL;;
564;CEPILLO GRATA CURVO ONDULADO TRUPER;HERRAMIENTA MANUAL;;
565;CEPILLO PARA BETUNAR MINI;HERRAMIENTA MANUAL;;
566;CEPILLO PARA BETUNAR MEDIANO N 4;HERRAMIENTA MANUAL;;
3542;CEPILLO PARA PINTOR SEMI-RIGIDO CERDA TRUPER;HERRAMIENTA MANUAL;;
3292;CEPILLO TIPO PLANCHA;ASEO;;
567;CERA BRILLO SIMONIZ 225 GR;LUBRICANTES;;
2418;CERA LIQUIDA PARA AUTO ACRILICA KLINTEK;ASEO;;
568;CERA LIQUIDA SUPER BLUE 300ML SIMONIZ;LUBRICANTES;;
3378;CERA SIEMPRE NUEVO SIMONIZ 200 GR;LUBRICANTES;;
570;CERRADURA CIL MANIJA ALCOBA INOX IBIZA VERA;CERRAJERIA Y SEGURIDAD;;
571;CERRADURA CIL MANIJA BAï¿½O INOX IBIZA VERA;CERRAJERIA Y SEGURIDAD;;
3203;CERRADURA CIL MARIPOSA CROMO HERMEX;CERRAJERIA Y SEGURIDAD;;
572;CERRADURA CIL POMO ALCOBA INOX VERA;CERRAJERIA Y SEGURIDAD;;
573;CERRADURA CIL POMO ALCOBA MADERA VERA;CERRAJERIA Y SEGURIDAD;;
574;CERRADURA CIL POMO BAï¿½O INOX VERA;CERRAJERIA Y SEGURIDAD;;
569;CERRADURA CLASICA TERRAZA SAFE;CERRAJERIA Y SEGURIDAD;;
587;CERRADURA DE SEGURIDAD DOBLE INOX VERA;CERRAJERIA Y SEGURIDAD;;
588;CERRADURA DE SEGURIDAD SENCILLO INOX VERA;CERRAJERIA Y SEGURIDAD;;
575;CERRADURA SOBREPONER DERECHA FORTE;CERRAJERIA Y SEGURIDAD;;
3202;CERRADURA DOBLE CILINDRO CROMO HERMEX;CERRAJERIA Y SEGURIDAD;;
576;CERRADURA SOBREPONER IZQUIERDA FORTE;CERRAJERIA Y SEGURIDAD;;
577;CERRADURA MANIJA BAï¿½O SAFE;CERRAJERIA Y SEGURIDAD;;
578;CERRADURA MUEBLE 1550 NIQUEL VERA;CERRAJERIA Y SEGURIDAD;;
579;CERRADURA MUEBLE 1555 Nï¿½QUEL VERA;CERRAJERIA Y SEGURIDAD;;
580;CERRADURA MUEBLE 1560 NIQUEL VERA;CERRAJERIA Y SEGURIDAD;;
3363;CERRADURA POMA BAï¿½O SAFE VERA;CERRAJERIA Y SEGURIDAD;;
581;CERRADURA POMO ENTRADA PRINCIPAL SAFE;CERRAJERIA Y SEGURIDAD;;
3209;CERRADURA POMO FANAL ENTRADA PRINCIPAL;CERRAJERIA Y SEGURIDAD;;
582;CERRADURA SOBREPONER 3 MACHOS DERECHA VERA;CERRAJERIA Y SEGURIDAD;;
583;CERRADURA SOBREPONER P DERERECHA YALE 987 C;CERRAJERIA Y SEGURIDAD;;
584;CERRADURA SOBREPONER P IZQUIERDA YALE 987 C;CERRAJERIA Y SEGURIDAD;;
585;CERRADURA SOBREPONER VF6 3 MACHOS IZQ VERA;CERRAJERIA Y SEGURIDAD;;
586;CERRADURA VITRINA 1557 NIQUEL VERA;CERRAJERIA Y SEGURIDAD;;
3381;CERRADURA VITRINA ECO;CERRAJERIA Y SEGURIDAD;;
590;GRAPA COLGANTE PARA CUADRO PEQUEï¿½A;HERRAJES Y SOPORTES;;
591;CHAROLA DE PLASTICO PARA RODILLO TRUPER;PINTURAS Y DISOLVENTES;;
592;"CHAZO ANCLAJE ABIERTO 1/2""";TORNILLERIA;;
593;"CHAZO ANCLAJE ABIERTO 1/4""";TORNILLERIA;;
594;"CHAZO ANCLAJE ABIERTO 3/8""";TORNILLERIA;;
595;"CHAZO ANCLAJE ABIERTO 5/16""";TORNILLERIA;;
596;"CHAZO ANCLAJE CERRADO 1/2""";TORNILLERIA;;
597;"CHAZO ANCLAJE CERRADO 1/4""";TORNILLERIA;;
598;"CHAZO ANCLAJE CERRADO 3/8""";TORNILLERIA;;
599;"CHAZO ANCLAJE CERRADO 5/16""";TORNILLERIA;;
600;"CHAZO DRYWALL PLASTICO 1/4""";TORNILLERIA;;
601;"CHAZO DRYWALL PLASTICO 5/16""";TORNILLERIA;;
602;"CHAZO EXPANSIVO 1/2X 17/8""";TORNILLERIA;;
603;"CHAZO EXPANSIVO 1/2X 21/2""";TORNILLERIA;;
604;"CHAZO EXPANSIVO 1/4X 13/8""";TORNILLERIA;;
605;"CHAZO EXPANSIVO 1/4X 21/4""";TORNILLERIA;;
606;"CHAZO EXPANSIVO 3/8X 11/2""";TORNILLERIA;;
608;"CHAZO EXPANSIVO 3/8X 21/2""";TORNILLERIA;;
609;"CHAZO EXPANSIVO 3/8X 3""";TORNILLERIA;;
610;"CHAZO EXPANSIVO 5/16X 11/2""";TORNILLERIA;;
611;"CHAZO EXPANSIVO 5/16X 17/8""";TORNILLERIA;;
612;"CHAZO EXPANSIVO 5/16X 21/2""";TORNILLERIA;;
613;"CHAZO EXPANSIVO 5/16X 3""";TORNILLERIA;;
614;"CHAZO MARIPOSA ANCLAJE 1/4""X2""";TORNILLERIA;;
615;"CHAZO MARIPOSA ANCLAJE 3/16""X2""";TORNILLERIA;;
610C;CHAZO PLASTICO 1/2 100;TORNILLERIA;;
618D;CHAZO PLASTICO 1/2 DOC;TORNILLERIA;;
618;CHAZO PLASTICO 1/2 UN;TORNILLERIA;;
621C;CHAZO PLASTICO 1/4 100;TORNILLERIA;;
621D;CHAZO PLASTICO 1/4 DOC;TORNILLERIA;;
624C;CHAZO PLASTICO 3/16 100;TORNILLERIA;;
624D;CHAZO PLASTICO 3/16 DOC;TORNILLERIA;;
624;CHAZO PLASTICO 3/16 UN;TORNILLERIA;;
627C;CHAZO PLASTICO 3/8 100;TORNILLERIA;;
627D;CHAZO PLASTICO 3/8 DOC;TORNILLERIA;;
627;CHAZO PLASTICO 3/8 UN;TORNILLERIA;;
630C;CHAZO PLASTICO 5/16 100;TORNILLERIA;;
630D;CHAZO PLASTICO 5/16 DOC;TORNILLERIA;;
630;CHAZO PLASTICO 5/16 UN;TORNILLERIA;;
633C;"CHAZO PUNTILLA PLASTICO 1/4 X 11/4""100";TORNILLERIA;;
633D;"CHAZO PUNTILLA PLASTICO 1/4 X 11/4""DOC";TORNILLERIA;;
633;"CHAZO PUNTILLA PLASTICO 1/4 X 11/4""U";TORNILLERIA;;
636C;"CHAZO PUNTILLA PLASTICO 1/4 X 15/8""100";TORNILLERIA;;
636D;"CHAZO PUNTILLA PLASTICO 1/4 X 15/8""DOC";TORNILLERIA;;
636;"CHAZO PUNTILLA PLASTICO 1/4 X 15/8""U";TORNILLERIA;;
639C;"CHAZO PUNTILLA PLASTICO 1/4 X 21/4""100";TORNILLERIA;;
639D;"CHAZO PUNTILLA PLASTICO 1/4 X 21/4""DOC";TORNILLERIA;;
639;"CHAZO PUNTILLA PLASTICO 1/4 X 21/4""U";TORNILLERIA;;
642C;"CHAZO PUNTILLA PLASTICO 1/4 X 27/8""100";TORNILLERIA;;
642D;"CHAZO PUNTILLA PLASTICO 1/4 X 27/8""DOC";TORNILLERIA;;
642;"CHAZO PUNTILLA PLASTICO 1/4 X 27/8""U";TORNILLERIA;;
645C;"CHAZO PUNTILLA PLASTICO 1/4 X 31/2""100";TORNILLERIA;;
645D;"CHAZO PUNTILLA PLASTICO 1/4 X 31/2""DOC";TORNILLERIA;;
645;"CHAZO PUNTILLA PLASTICO 1/4 X 31/2""U";TORNILLERIA;;
647;"CHAZO SUPRA MARIPOSA PLASTICO 5/16""";TORNILLERIA;;
648;CHEQUE ANTIRRETORNO 1/2 PVC PCP;TUBERIAS Y ACCESORIOS;;
649;"CHEQUE CORTINA 1"" VERONI SW";TUBERIAS Y ACCESORIOS;;
650;"CHEQUE CORTINA 1/2""  GRIVAL";TUBERIAS Y ACCESORIOS;;
651;"CHEQUE CORTINA 1/2"" VERONI SW";TUBERIAS Y ACCESORIOS;;
652;"CHEQUE CORTINA 3/4"" VERONI SW";TUBERIAS Y ACCESORIOS;;
653;CHINCHES EN CAJA PLASTIFICADO COLORES SURTIDOS;HERRAJES Y SOPORTES;;
654;CHIPOTE MARTILLO DE CAUCHO GRANDE ECO;HERRAMIENTA MANUAL;;
655;CHIPOTE MARTILLO DE CAUCHO MEDIANO ECO;HERRAMIENTA MANUAL;;
656;CHIPOTE MARTILLO DE CAUCHO PEQUEï¿½O ECO;HERRAMIENTA MANUAL;;
657;CHUPA BAï¿½O DE SILICONA EN COLORES;ASEO;;
658;CHUPA BAï¿½O NEGRA;ASEO;;
659;CHUPA CON GANCHO N 3;HERRAJES Y SOPORTES;;
660;CHUPA CON GANCHO N 4;HERRAJES Y SOPORTES;;
662;CHUPA DOBLE CARA;HERRAJES Y SOPORTES;;
663;CHUPA PLANA N3;HERRAJES Y SOPORTES;;
664;CIMBRA CON COLORANTE 15 MT UDUKE;CONSTRUCCION;;
665;"CINCEL DE CORTE FRIO 1/2 X 10"" TRUPER";HERRAMIENTA MANUAL;;
666;"CINCEL DE CORTE FRIO 1/2 x 6"" TRUPER";HERRAMIENTA MANUAL;;
667;"CINCEL DE CORTE FRIO 3/4 X 10"" CON GRIP TRUPER";HERRAMIENTA MANUAL;;
668;"CINCEL DE CORTE FRIO 3/8 X 10"" TRUPER";HERRAMIENTA MANUAL;;
669;"CINCEL DE CORTE FRIO 3/8 X 6"" TRUPER";HERRAMIENTA MANUAL;;
670;"CINCEL DE CORTE FRIO 5/8 x 8"" TRUPER";HERRAMIENTA MANUAL;;
671;CINCEL DE PUNTA PARA CONCRETO;HERRAMIENTA MANUAL;;
673;CINTA AISLANTE PROFESIONAL DUO 23 3M;PEGANTES;;
674;CINTA AMARILLA LA ORIGINAL (1/2) 12 MM X 50MT 3M;PEGANTES;;
678;CINTA AUTOFUNDENTE 9MT ROLLO;PEGANTES;;
679;"CINTA AUTOMOTRIZ VERDE (1/2"") 12 MM 3M";PEGANTES;;
680;"CINTA AUTOMOTRIZ VERDE (3/4"") 18 MM 3M";PEGANTES;;
681;"CINTA AUTOMOTRIZ VERDE (1"") 24 MM 3M";PEGANTES;;
682;CINTA AISLANTE 9 MT BLANCO TRUPER;PEGANTES;;
683;CINTA AISLANTE 9 MT VERDE TRUPER;PEGANTES;;
689;CINTA AISLANTE 9 MT AMARILLA TRUPER;PEGANTES;;
684;CINTA AISLANTE 9 MT AZUL TRUPER;PEGANTES;;
685;CINTA DE AISLAR 9 MT BLANCO TRUPER;PEGANTES;;
686;CINTA AISLANTE 9 MT NEGRA TRUPER;PEGANTES;;
687;CINTA AISLANTE 9 MT ROJA TRUPER;PEGANTES;;
688;CINTA DE AISLAR 9 MT VERDE TRUPER;PEGANTES;;
690;CINTA EMPAQUE TRANSPARENTE 12MM  X 40 MT 3M;PEGANTES;;
693;CINTA DOBLE FAZ 19 MM 1.5 M PRETUL;PEGANTES;;
694;CINTA DOBLE FAZ 19 MM 5 M PRETUL;PEGANTES;;
488;CINTA DOBLE FAZ GAPOR 18MM X 3MT;PEGANTES;;
487;CINTA DOBLE FAZ GAPOR 18MM X 5MT;PEGANTES;;
3492;CINTA DOBLE FAZ VHB 4910 1 MT 3M;PINTURAS Y DISOLVENTES;;
3493;CINTA DOBLE FAZ VHB 4911 ROLLO 5MT 3M;PINTURAS Y DISOLVENTES;;
696;CINTA EMPAQUE TRANSPARENTE 100 MT 3M;PEGANTES;;
731;CINTA EMPAQUE TRANSPARENTE 100 MT PORRAS;PEGANTES;;
732;CINTA EMPAQUE TRANSPARENTE 200 MT PORRAS;PEGANTES;;
733;CINTA EMPAQUE TRANSPARENTE 30 MT PORRAS;PEGANTES;;
698;CINTA EMPAQUE TRANSPARENTE 40 MT 3M;PEGANTES;;
3357;CINTA EMPAQUE TRANSPARENTE 40 MT TRUPER;PEGANTES;;
734;CINTA EMPAQUE TRANSPARENTE 50 MT PORRAS;PEGANTES;;
699;CINTA EMPAQUE TRANSPARENTE 50 MT TRUPER;PEGANTES;;
2220;"CINTA ENMASCARAR 101+ (3/4"") 18MM X 25 MT 3M";PEGANTES;;
701;"CINTA ENMASCARAR 201+ (3/4"") 18MM X 50 MT 3M";PEGANTES;;
3494;"CINTA ENMASCARAR 201+ (2"") 48MM X 50 MT 3M";PEGANTES;;
705;"CINTA ENMASCARAR ECO 1"" 25 MT MATIX";PEGANTES;;
703;"CINTA ENMASCARAR ECO 1/2"" 25 MT MATIX";PEGANTES;;
706;"CINTA ENMASCARAR ECO 11/2"" 25 MT MATIX";PEGANTES;;
707;"CINTA ENMASCARAR ECO 2"" 25 MT MATIX";PEGANTES;;
704;"CINTA ENMASCARAR ECO 3/4"" 25 MT MATIX";PEGANTES;;
3457;CINTA FILO 1 MT;PERFILES Y WINES;;
259;CINTA FILO CAJA 30 MT;PERFILES Y WINES;;
908;CINTA LED FUCSIA 12 V ROLLO X 5MT MERCURY;ELECTRICOS;;
708;CINTA MALLA DRYWALL 50 MM X 20MT;PEGANTES;;
709;CINTA MALLA DRYWALL 50 MM X 50MT;PEGANTES;;
710;CINTA METRICA FIBRA DE VIDRIO 20 M TRUPER;HERRAMIENTA MANUAL;;
712;CINTA MULTIUSOS TRANSPARENTE 12MM 40MT;PEGANTES;;
711;CINTA MULTIUSOS TRANSPARENTE 12MM 5MT;PEGANTES;;
713;CINTA PARA DUCTO 48MM X30 MT PRETUL;PEGANTES;;
3184;CINTA PELIGRO X 1 MT;CONSTRUCCION;;
715;CINTA PELIGRO X 100 MT;CONSTRUCCION;;
714;CINTA PELIGRO X 500MT;CONSTRUCCION;;
716;CINTA REFLECTIVA BICICLETA AMARILLA;TUBERIAS Y ACCESORIOS;;
717;CINTA REFLECTIVA BICICLETA BLANCA;TUBERIAS Y ACCESORIOS;;
718;CINTA REFLECTIVA BICICLETA ROJA;TUBERIAS Y ACCESORIOS;;
719;CINTA TAPAGOTERAS 10 CM X 1 MT ALUMBAND;CONSTRUCCION;;
720;CINTA TAPAGOTERAS 10 CM X 5 MT ALUMBAND;CONSTRUCCION;;
721;CINTA TAPAGOTERAS 20 CM X 1 MT ALUMBAND;CONSTRUCCION;;
722;CINTA TAPAGOTERAS 20 CM X 5 MT ALUMBAND;CONSTRUCCION;;
725;"CINTA TEFLON 1"" 13 MT TRUPER";PEGANTES;;
726;"CINTA TEFLON 1/2"" 13 MT TRUPER";PEGANTES;;
727;"CINTA TEFLON 3/4"" 13 MT TRUPER";PEGANTES;;
723;"CINTA TEFLON INDUSTRIAL 3/4"" X 15 MT";PEGANTES;;
3358;CINTA TEFLON INDUSTRIAL SEAL PROFESIONAL TRUPER;TUBERIAS Y ACCESORIOS;;
730;CINTA AISLANTE TEMFLEX NEGRO 19 MM X 5MT 3M;PEGANTES;;
735;CLAVIJA DOMESTICA 15A KONTIKI;ELECTRICOS;;
738;CLAVIJA INDUSTRIAL 15A POLO/TIERRA KONTIKI;ELECTRICOS;;
739;CLAVIJA P/TRABADA 20A KONTIKI;ELECTRICOS;;
740;CLAVIJA PLANA BLANCA AVE;ELECTRICOS;;
741;CLAVIJA PLANA NEGRA AVE;ELECTRICOS;;
742;CLAVIJA TELEFONICA CUBO;ELECTRICOS;;
743;CLAVIJA TRIFASICA 20A KONTIKI;ELECTRICOS;;
744;CLAVIJA TRIFASICA 50A CODELCA;ELECTRICOS;;
747D;"CLAVO ACERADO 1 1/2"" LISO CA MEJIA DOC";TORNILLERIA;;
747CA;"CLAVO ACERADO 1 1/2"" LISO CA MEJIA LIBRA";TORNILLERIA;;
747;"CLAVO ACERADO 1 1/2"" LISO CA MEJIA U";TORNILLERIA;;
3657D;"CLAVO ACERADO 1 1/2"" VERTICAL CA MEJIA DOC";TORNILLERIA;;
3657CA;"CLAVO ACERADO 1 1/2"" VERTICAL CA MEJIA LIBRA";TORNILLERIA;;
3657;"CLAVO ACERADO 1 1/2"" VERTICAL CA MEJIA U";TORNILLERIA;;
750D;"CLAVO ACERADO 1"" LISO CA MEJIA DOC";TORNILLERIA;;
750CA;"CLAVO ACERADO 1"" LISO CA MEJIA LIBRA";TORNILLERIA;;
750;"CLAVO ACERADO 1"" LISO CA MEJIA U";TORNILLERIA;;
753D;"CLAVO ACERADO 2 1/2"" LISO CIA MEJIA DOC";TORNILLERIA;;
753CA;"CLAVO ACERADO 2 1/2"" LISO CIA MEJIA LIBRA";TORNILLERIA;;
753;"CLAVO ACERADO 2 1/2"" LISO CIA MEJIA U";TORNILLERIA;;
756D;"CLAVO ACERADO 2"" LISO CA MEJIA DOC";TORNILLERIA;;
756CA;"CLAVO ACERADO 2"" LISO CA MEJIA LIBRA";TORNILLERIA;;
756;"CLAVO ACERADO 2"" LISO CA MEJIA U";TORNILLERIA;;
759D;"CLAVO ACERADO 3"" LISO CA MEJIA DOC";TORNILLERIA;;
759CA;"CLAVO ACERADO 3"" LISO CA MEJIA LIBRA";TORNILLERIA;;
759;"CLAVO ACERADO 3"" LISO CA MEJIA U";TORNILLERIA;;
762CA;CLAVO ACERADO 3/4 LISO CA MEJIA LIBRA;TORNILLERIA;;
762;CLAVO ACERADO 3/4 LISO CA MEJIA U;TORNILLERIA;;
3660D;"CLAVO ACERADO 3/4"" VERTICAL CA MEJIA DOC";TORNILLERIA;;
3660CA;"CLAVO ACERADO 3/4"" VERTICAL CA MEJIA LIBRA";TORNILLERIA;;
3660;"CLAVO ACERADO 3/4"" VERTICAL CA MEJIA U";TORNILLERIA;;
765D;"CLAVO VERTICAL 1"" CA MEJIA DOC";TORNILLERIA;;
765CA;"CLAVO VERTICAL 1"" CA MEJIA LIBRA";TORNILLERIA;;
765;"CLAVO VERTICAL 1"" CA MEJIA U";TORNILLERIA;;
769D;"CLAVO VERTICAL 2 1/2"" CA MEJIA DOC";TORNILLERIA;;
769CA;"CLAVO VERTICAL 2 1/2"" CA MEJIA LIBRA";TORNILLERIA;;
769;"CLAVO VERTICAL 2 1/2"" CA MEJIA U";TORNILLERIA;;
772D;"CLAVO VERTICAL 2"" CA MEJIA DOC";TORNILLERIA;;
772CA;"CLAVO VERTICAL 2"" CA MEJIA LIBRA";TORNILLERIA;;
772;"CLAVO VERTICAL 2"" CA MEJIA U";TORNILLERIA;;
775D;"CLAVO VERTICAL 3"" CA MEJIA DOC";TORNILLERIA;;
775CA;"CLAVO VERTICAL 3"" CA MEJIA LIBRA";TORNILLERIA;;
775;"CLAVO VERTICAL 3"" CA MEJIA U";TORNILLERIA;;
777;CLIP MARIPOSA;HOGAR Y COCINA;;
783;"CODO COBRE 1/2""";TUBERIAS Y ACCESORIOS;;
782;"CODO CPVC 1/2""";TUBERIAS Y ACCESORIOS;;
779;"CODO GALVANIZADO 1/2""";TUBERIAS Y ACCESORIOS;;
778;"CODO PVC LISO/ROSCA PRESION 1/2""";TUBERIAS Y ACCESORIOS;;
780;"CODO GALVANIZADO 3/4""";TUBERIAS Y ACCESORIOS;;
781;"CODO GALVANIZADO 3/8""";TUBERIAS Y ACCESORIOS;;
784;CODO CALLE GALVANIZADO 1/2;TUBERIAS Y ACCESORIOS;;
3585;CODO CALLE GALVANIZADO 3/8;TUBERIAS Y ACCESORIOS;;
785;"CODO PVC 1""";TUBERIAS Y ACCESORIOS;;
786;"CODO PVC 1/2""";TUBERIAS Y ACCESORIOS;;
787;"CODO PVC 11/2""";TUBERIAS Y ACCESORIOS;;
788;"CODO PVC 11/4""";TUBERIAS Y ACCESORIOS;;
789;"CODO PVC 2""";TUBERIAS Y ACCESORIOS;;
790;"CODO PVC 3/4""";TUBERIAS Y ACCESORIOS;;
791;"CODO ROSCA PRESION 1/2""";TUBERIAS Y ACCESORIOS;;
793;"CODO SANITARIO CXC 2""";TUBERIAS Y ACCESORIOS;;
794;"CODO SANITARIO CXC 3""";TUBERIAS Y ACCESORIOS;;
795;"CODO SANITARIO CXC 4""";TUBERIAS Y ACCESORIOS;;
796;"CODO SANITARIO CXE 11/2""";TUBERIAS Y ACCESORIOS;;
797;"CODO SANITARIO CXE 2""";TUBERIAS Y ACCESORIOS;;
798;"CODO SANITARIO CXE 3""";TUBERIAS Y ACCESORIOS;;
799;"CODO SANITARIO CXE 4""";TUBERIAS Y ACCESORIOS;;
800;COLBON 120 GR MULTIPEGA;PEGANTES;;
802;COLBON 20 GR  MULTIPEGA;PEGANTES;;
801;COLBON 270 GR MULTIPEGA;PEGANTES;;
803;CONCENTRADO PEQUEï¿½O AMARILLO;PINTURAS Y DISOLVENTES;;
804;CONCENTRADO PEQUEï¿½O AZUL;PINTURAS Y DISOLVENTES;;
805;CONCENTRADO PEQUEï¿½O NARANJA;PINTURAS Y DISOLVENTES;;
806;CONCENTRADO PEQUEï¿½O NEGRO;PINTURAS Y DISOLVENTES;;
807;CONCENTRADO PEQUEï¿½O OCRE;PINTURAS Y DISOLVENTES;;
808;CONCENTRADO PEQUEï¿½O ROJO;PINTURAS Y DISOLVENTES;;
809;CONCENTRADO PEQUEï¿½O VERDE;PINTURAS Y DISOLVENTES;;
810;CONCENTRADO PEQUEï¿½O VIOLETA;PINTURAS Y DISOLVENTES;;
811;CONECTOR ELECTRICO 50A;ELECTRICOS;;
3488;CONECTOR RAPIDO ACERO CROMADO 1/4 HEMBRA PRETUL;PINTURAS Y DISOLVENTES;;
3489;CONECTOR RAPIDO ACERO CROMADO 1/4 MACHO PRETUL;PINTURAS Y DISOLVENTES;;
812;CONVERTIDOR DE POLO A TIERRA SAKURA;ELECTRICOS;;
3403;CONVERTIDOR PLUG DE JACK A 1/4;ELECTRICOS;;
814;CONVERTIDOR REDONDO A PLANO CODELCA;ELECTRICOS;;
813;CONVERTIDOR REDONDO A PLANO NEGRO;ELECTRICOS;;
815;"COPA GALVANIZADA 1/2"" X 3/8""";TUBERIAS Y ACCESORIOS;;
816;COPA MANDO 1/2 6 PUNTAS 26MM TRUPER;HERRAMIENTA MANUAL;;
817;COPA MANDO 1/2 6 PUNTAS 11 MM TRUPER;HERRAMIENTA MANUAL;;
818;COPA MANDO 1/2 6 PUNTAS 12 MM TRUPER;HERRAMIENTA MANUAL;;
819;COPA MANDO 1/2 6 PUNTAS 13 MM TRUPER;HERRAMIENTA MANUAL;;
820;COPA MANDO 1/2 6 PUNTAS 17 MM TRUPER;HERRAMIENTA MANUAL;;
821;COPA MANDO 1/2 6 PUNTAS 18 MM TRUPER;HERRAMIENTA MANUAL;;
822;COPA MANDO 1/2 6 PUNTAS 27 MM TRUPER;HERRAMIENTA MANUAL;;
823;"COPA GALVANIZADA 3/4"" X 3/8""";TUBERIAS Y ACCESORIOS;;
824;"COPA LARGA MANDO 3/8 6 PUNTAS 13/16"" PARA BUJIAS TRUPER";HERRAMIENTA MANUAL;;
825;COPA MANDO 1/2 6 PUNTAS 14 MM TRUPER;HERRAMIENTA MANUAL;;
826;COPA MANDO 1/2 6 PUNTAS 15 MM TRUPER;HERRAMIENTA MANUAL;;
827;COPA MANDO 1/2 6 PUNTAS 16 MM TRUPER;HERRAMIENTA MANUAL;;
828;COPA MANDO 1/2 6 PUNTAS 19 MM TRUPER;HERRAMIENTA MANUAL;;
829;COPA MANDO 1/2 6 PUNTAS 20 MM TRUPER;HERRAMIENTA MANUAL;;
830;COPA MANDO 1/2 6 PUNTAS 21 MM TRUPER;HERRAMIENTA MANUAL;;
831;COPA MANDO 1/2 6 PUNTAS 22 MM TRUPER;HERRAMIENTA MANUAL;;
832;COPA MANDO 1/2 6 PUNTAS 23 MM TRUPER;HERRAMIENTA MANUAL;;
833;COPA MANDO 1/2 6 PUNTAS 24 MM TRUPER;HERRAMIENTA MANUAL;;
834;COPA MANDO 1/2 6 PUNTAS 25 MM TRUPER;HERRAMIENTA MANUAL;;
835;"COPA LARGA MANDO 3/8 6 PUNTAS 5/8"" PARA BUJIAS TRUPER";HERRAMIENTA MANUAL;;
836;"COPA BRONCE 1/2""";PARTES Y REPUESTOS;;
837;"PIEDRA COPA DESBASTE 5"" 5/8"" - 11 GRANO 3";ABRASIVOS Y CONSUMIBLES;;
838;COPA LARGA MANDO 3/8 6 PUNTAS 13MM;HERRAMIENTA MANUAL;;
839;"PUNTA COPA MAGNETICA 1/4"" FORTE";HERRAMIENTA MANUAL;;
840;"PUNTA COPA MAGNETICA 3/8"" FORTE";HERRAMIENTA MANUAL;;
841;"PUNTA COPA MAGNETICA 5/16"" FORTE";HERRAMIENTA MANUAL;;
842;CORAZA 1/2 X 1 MT VERDE;ELECTRICOS;;
843;CORAZA 1/2 X 50 MT LIVIANA;ELECTRICOS;;
844;CORAZA 1/2 X 50 MT VERDE PESADA;ELECTRICOS;;
845;CORAZA 3/4 X 1 MT;ELECTRICOS;;
846;CORAZA 3/4 X 25 MT;ELECTRICOS;;
3589;"CORREA PARA REMOLQUE CON GANCHO 2""X5.8MT";HERRAMIENTA MANUAL;;
3307;RODAJA CORTA BALDOSA CON BURIL UDUKE 10 MM;HERRAMIENTA MANUAL;;
3306;RODAJA CORTA BALDOSA CON BURIL UDUKE 18 MM;HERRAMIENTA MANUAL;;
847;"CORTA BALDOZA 16"" PRETUL";HERRAMIENTA MANUAL;;
848;CORTA CIRCUITO 30 A FUSIBLE CILLES;ELECTRICOS;;
849;CORTA FRIO N 6 AMARILLO;HERRAMIENTA MANUAL;;
850;CORTA TUBO 18 MM TRUPER;HERRAMIENTA MANUAL;;
851;CORTA TUBO TIPO TIJERA 1 - 5/8 TRUPER;HERRAMIENTA MANUAL;;
852;CORTA VIDRIO 6 CUCHILLAS TRUPER;HERRAMIENTA MANUAL;;
3335;CORTA VIDRIO JOBO;HERRAMIENTA MANUAL;;
3352;CORTINA DE BAï¿½O TELA;HOGAR Y COCINA;;
853;CREOLINA 120 ML;ASEO;;
854;CREOLINA 240 ML;ASEO;;
855;"CRUCETAS PARA RUEDA 14"" PRETUL";HERRAMIENTA MANUAL;;
856;"CRUCETAS PARA RUEDA 18"" TRUPER";HERRAMIENTA MANUAL;;
3319;CUCHILLA BISTURI PEQUEï¿½A 9 MM 10 PIEZAS TRUPER;HERRAMIENTA MANUAL;;
857;CUCHILLA BISTURI GRANDE UN;ABRASIVOS Y CONSUMIBLES;;
858;CUCHILLA BISTURI GRANDE X CAJA 10 UN;ABRASIVOS Y CONSUMIBLES;;
3526;CUCHILLA BISTURI GRANDE 18 MM 10 PIEZAS TRUPER;HERRAMIENTA MANUAL;;
859;CUCHILLA LICUADORA OSTER GENERICA;HOGAR Y COCINA;;
860;CUCHILLA LICUADORA OSTER ORIGINAL;HOGAR Y COCINA;;
3617;CUCHILLO N4 MADERA EXCALIBUR;HOGAR Y COCINA;;
861;CUELGA CUADRO METALICO;TORNILLERIA;;
862;CUELGA CUADRO TRIANGULO;TORNILLERIA;;
3375;CUERDA TRENZADA POLIPROPILENO BLANCO #3 FORTE 1M;SOGAS Y CADENAS;;
3374;CUERDA TRENZADA POLIPROPILENO NEGRA #4  FORTE 1M;SOGAS Y CADENAS;;
863;"CURVA CONDUIT SEMIPESADA 1""";TUBERIAS Y ACCESORIOS;;
866;"CURVA CONDUIT PESADA 1"" GERFOR";TUBERIAS Y ACCESORIOS;;
867;"CURVA CONDUIT PESADA 1/2"" GERFOR";TUBERIAS Y ACCESORIOS;;
868;"CURVA CONDUIT PESADA 3/4"" GERFOR";TUBERIAS Y ACCESORIOS;;
865;"CURVA CONDUIT SEMIPESADA 3/4""";TUBERIAS Y ACCESORIOS;;
869;DESENGRASANTE 500 ML;ASEO;;
870;DESENGRASANTE GALON;ASEO;;
871;DESENGRASANTE LITRO;ASEO;;
874;DESINFECTANTE LITRO;ASEO;;
872;DESINFECTANTE 500  ML;ASEO;;
873;DESINFECTANTE GALON;ASEO;;
877;DESTAPADOR DE CAï¿½ERIAS SODA CAUSTICA ESCAMA 250 GR;ASEO;;
878;DESTAPADOR DE CAï¿½ERIAS SODA CAUSTICA ESCAMA 1 KILO;ASEO;;
879;DESTAPADOR DE CAï¿½ERIAS SODA CAUSTICA ESCAMA 1 LIBRA;ASEO;;
876;DESTAPADOR DE CAï¿½ERIAS SODA CAUSTICA LIQUIDO 500 GR;ASEO;;
886;"DESTORNILLADOR ESTRELLA 3/16"" X 3""RANGER";HERRAMIENTA MANUAL;;
887;"DESTORNILLADOR PALA 3/16"" X 3"" RANGER";HERRAMIENTA MANUAL;;
889;"DESTORNILLADOR ESTRELLA 1/4"" X 4""RANGER";HERRAMIENTA MANUAL;;
888;"DESTORNILLADOR PALA 1/4"" X 4"" RANGER";HERRAMIENTA MANUAL;;
890;"DESTORNILLADOR ESTRELLA 1/4"" X 6"" RANGER";HERRAMIENTA MANUAL;;
891;"DESTORNILLADOR PALA 1/4"" X 6 RANGER";HERRAMIENTA MANUAL;;
3458;DESTORNILLADOR DE COPA PRETUL C/U;HERRAMIENTA MANUAL;;
881;DESTORNILLADOR DOBLE PUNTA USA;HERRAMIENTA MANUAL;;
3318;"DESTORNILLADOR ESTRELLA 5/16"" X 6"" PVC PRETUL";HERRAMIENTA MANUAL;;
3191;"DESTORNILLADOR PALA GABINETE 1/8"" X 8"" MANGO PVC PRETUL";HERRAMIENTA MANUAL;;
3544;DESTORNILLADOR INALAMBRICO BATERIA 3.6V TRUPER;HERRAMIENTA ELECTRICA;;
882;"DESTORNILLADOR PALA 1/4 X 6"" MANGO PVC PRETUL";HERRAMIENTA MANUAL;;
3320;"DESTORNILLADOR PALA 3/16"" X4"" PRETUL";HERRAMIENTA MANUAL;;
883;"DESTORNILLADOR PALA 5/16 X 6"" MANGO PVC PRETUL";HERRAMIENTA MANUAL;;
3421;ESTUCHE DESTORNILLADOR PARA RELOJ ECO;HERRAMIENTA MANUAL;;
892;DESTORNILLADOR ESTRELLA PERILLERO RANGER;HERRAMIENTA MANUAL;;
893;DESTORNILLADOR PALA PERILLERO RANGER;HERRAMIENTA MANUAL;;
884;"DESTORNILLADOR ESTRELLA 1/4"" X 4"" MANGO PVC PRETUL";HERRAMIENTA MANUAL;;
885;"DESTORNILLADOR ESTRELLA 1/4"" X 6"" MANGO PVC PRETUL";HERRAMIENTA MANUAL;;
3524;"DESTORNILLADOR ESTRELLA 3/16 "" X 4""PRETUL";HERRAMIENTA MANUAL;;
3525;"DESTORNILLADOR ESTRELLA 3/16 "" X 6""PRETUL";HERRAMIENTA MANUAL;;
894;DESTORNILLADOR ESTRELLA TATAMACO ENCAUCHETADO;HERRAMIENTA MANUAL;;
3455;DESTORNILLADOR TIPO RATCHET 13 PUNTAS PRETUL;HERRAMIENTA MANUAL;;
3321;DESTORNILLADOR PALA 1/8 X 4 PRETUL;HERRAMIENTA MANUAL;;
895;DESTORNILLADOR 6 PUNTAS PRETUL;HERRAMIENTA MANUAL;;
896;DIABLO ROJO;ASEO;;
897;DIAFRAGMA FUSION BOCHERINI;GRIFERIA;;
898;DIAFRAGMA GOLD AUTO COMPLETO 120V BOCHERINI;GRIFERIA;;
899;DIAFRAGMA GOLD SUPER AUROMATICA BOCHERINI;GRIFERIA;;
900;DIAFRAGMA VICTORY BOCHERINI;GRIFERIA;;
3180;DIAFRAGMA VICTORY COMPLETO 120V BOCHERINI;GRIFERIA;;
901;DILATADORES DE BALDOSA 1MM-1.5MM X 100 UDUKE;HERRAJES Y SOPORTES;;
902;DILATADORES DE BALDOSA 2MM X 100 UDUKE;HERRAJES Y SOPORTES;;
903;DILATADORES DE BALDOSA 3MM X 100 UDUKE;HERRAJES Y SOPORTES;;
906;"DISCO CORTE METAL 14"" X 1/8"" X 7/8""  PARA TRONZADORA DEWALT";ABRASIVOS Y CONSUMIBLES;;
907;DISCO CORTE DIAMANTADO CONTINUO 4 1/2 TOOLS;ABRASIVOS Y CONSUMIBLES;;
910;"DISCO CORTE DIAMANTADO SEGMENTADO 7"" TOOLS";ABRASIVOS Y CONSUMIBLES;;
911;"DISCO CORTE DIAMANTADO SEGMENTADO 9"" TOOLS";ABRASIVOS Y CONSUMIBLES;;
912;"DISCO CORTE METAL 7"" X 5/64"" X 7/8""  PRETUL";ABRASIVOS Y CONSUMIBLES;;
913;"DISCO CORTE METAL 41/2"" X 1/16"" X 7/8"" PRETUL";ABRASIVOS Y CONSUMIBLES;;
914;"DISCO CORTE METAL 9"" X 5/64"" X 7/8"" TRUPER";ABRASIVOS Y CONSUMIBLES;;
915;"DISCO CORTE METAL 9"" X 5/64"" X 7/8"" PRETUL";ABRASIVOS Y CONSUMIBLES;;
905;"DISCO CORTE METAL 9"" X 5/64"" X 7/8"" DEWALT";ABRASIVOS Y CONSUMIBLES;;
918;"DISCO CORTE METAL 41/2"" X 1/16"" X 7/8"" BOSCH";ABRASIVOS Y CONSUMIBLES;;
920;"DISCO CORTE METAL 7"" X 1/16"" X 7/8"" ABRACOL";ABRASIVOS Y CONSUMIBLES;;
922;"DISCO CORTE METAL 14"" X 1/8"" X 7/8"" PARA TRONZADORA TRUPER";ABRASIVOS Y CONSUMIBLES;;
3182;"DISCO CORTE METAL 41/2"" PREMIER";ABRASIVOS Y CONSUMIBLES;;
3194;"DISCO CORTE METAL 7"" X 1/16"" X 7/8"" BOSCH";ABRASIVOS Y CONSUMIBLES;;
923;"DISCO CORTE METAL 7"" X 5/64"" X 7/8"" TRUPER";ABRASIVOS Y CONSUMIBLES;;
3331;"DISCO CORTE METAL 7""X1/8""X7/8"" DEWALT";PARTES Y REPUESTOS;;
925;"DISCO CORTE METAL 9"" X 5/64"" X 7/8""  PREMIER";ABRASIVOS Y CONSUMIBLES;;
926;"DISCO CORTE SIERRA 40 DIENTES 41/2"" TOOLS";ABRASIVOS Y CONSUMIBLES;;
927;"DISCO CORTE SIERRA 40 DIENTES 7"" TOOLS";ABRASIVOS Y CONSUMIBLES;;
928;"DISCO CORTE SIERRA 40 DIENTES 9"" VIGOR";ABRASIVOS Y CONSUMIBLES;;
931;"DISCO DESBASTE METAL 41/2"" X 1/4"" X 7/8"" DEWALT";ABRASIVOS Y CONSUMIBLES;;
932;"DISCO DESBASTE METAL 7"" X 1/4"" X 7/8"" DEWALT";ABRASIVOS Y CONSUMIBLES;;
930;"DISCO DESBASTE METAL 7"" X 1/4"" X 7/8"" TRUPER";ABRASIVOS Y CONSUMIBLES;;
933;"DISCO DESBASTE METAL 9"" X 1/4"" X 7/8""PREMIER";ABRASIVOS Y CONSUMIBLES;;
936;"DISCO FLAP 40 41/2"" PRETUL";ABRASIVOS Y CONSUMIBLES;;
938;"DISCO FLAP 60 4 1/2"" PRETUL";ABRASIVOS Y CONSUMIBLES;;
939;"DISCO FLAP 80 4 1/2"" AZUL PORRAS";ABRASIVOS Y CONSUMIBLES;;
940;"DISCO FLAP 80 4 1/2"" PRETUL";ABRASIVOS Y CONSUMIBLES;;
3329;"DISCO PIEDRA CORTE DIAMETRO 4"" X1/2"" TRUPER";PARTES Y REPUESTOS;;
3330;"DISCO PIEDRA CORTE DIAMETRO 7"" X1/8"" TRUPER";PARTES Y REPUESTOS;;
941;"DISCO VELCRO 4 1/2"" N100";ABRASIVOS Y CONSUMIBLES;;
942;"DISCO VELCRO 4 1/2"" N120";ABRASIVOS Y CONSUMIBLES;;
943;"DISCO VELCRO 4 1/2"" N150";ABRASIVOS Y CONSUMIBLES;;
944;"DISCO VELCRO 4 1/2"" N180";ABRASIVOS Y CONSUMIBLES;;
945;"DISCO VELCRO 4 1/2"" N220";ABRASIVOS Y CONSUMIBLES;;
946;"DISCO VELCRO 4 1/2"" N320";ABRASIVOS Y CONSUMIBLES;;
947;"DISCO VELCRO 4 1/2"" N400";ABRASIVOS Y CONSUMIBLES;;
948;"DISCO VELCRO 4 1/2"" N60";ABRASIVOS Y CONSUMIBLES;;
949;"DISCO VELCRO 4 1/2"" N80";ABRASIVOS Y CONSUMIBLES;;
950;DISPENSADOR DE INCRUSTAR DOSIFICADOR BOCHERINI;GRIFERIA;;
951;DISPENSADOR DE SHAMPOO BOCHERINI;GRIFERIA;;
952;DUCHA 3 TEMPERATURAS KONTIKI;GRIFERIA;;
953;DUCHA ACRILICA CROMO PLASTGRIFOS;GRIFERIA;;
954;DUCHA CALENTADOR DIRIGIBLE 120V KONTIKI;GRIFERIA;;
955;DUCHA GOLD BLANCA 120V SM SELECTOR BOCHERINI;GRIFERIA;;
956;DUCHA GOLD SUPER BLANCA CON MINIDUCHA BOCHERINI;GRIFERIA;;
957;DUCHA GOLD SUPER BLANCA SIN MINIDUCHA BOCHERINI;GRIFERIA;;
958;DUCHA LAVACABEZAS RACOR KONTIKI;GRIFERIA;;
959;DUCHA LAVAPLATOS PLASTCA ROSCA PLASTGRIFOS;GRIFERIA;;
960;DUCHA MAXI ZENT BLANCA 120V BOCHERINI;GRIFERIA;;
961;DUCHA PLASTICA BLANCA RIOPLAST;GRIFERIA;;
962;DUCHA PREMIUM ZENT BLANCA 110V BOCHERINI;GRIFERIA;;
963;DUCHA PREMIUM ZENT SILVER O COLORES BOCHERINI;GRIFERIA;;
965;DUCHA VICTORY BLANCA 120V (con mini ducha) BOCHERINI;GRIFERIA;;
967;DUCHA VICTORY BLANCA 120V SIN MINIDUCHA BOCHERINI;GRIFERIA;;
966;DUCHA VICTORY BLANCA DIRIGIBLE SLIM 120V BOCHERINI;GRIFERIA;;
964;DUCHA VICTORY SALON DE BELLEZA BOCHERINI;GRIFERIA;;
3183;DUPLICADO DE LLAVE PARTIDA;PERFILES Y WINES;;
970;DUPLICADO DE LLAVE 3005;CERRAJERIA Y SEGURIDAD;;
971;DUPLICADO DE LLAVE MOTIVO;CERRAJERIA Y SEGURIDAD;;
968;DUPLICADO DE LLAVE VEHICULO;CERRAJERIA Y SEGURIDAD;;
972;FILTRO ECONOMIZADOR ABS CROMADO BOCHERINI;GRIFERIA;;
973;FILTRO ECONOMIZADOR METALICO  BOCHERINI;GRIFERIA;;
974;ELECTRODO LOZA;ELECTRICOS;;
3264;EMBOLO PARA ARBOL DE ENTRADA;GRIFERIA;;
975;EMBUDO PLASTICO 250ML;HERRAMIENTA MANUAL;;
976;EMBUDO PLASTICO FLEXIBLE 500ML;HERRAMIENTA MANUAL;;
977;"EMPAQUE AD DE 1""";GRIFERIA;;
978;EMPAQUE BASE LICUADORA OSTER;HOGAR Y COCINA;;
979;EMPAQUE BASE LICUADORA SAMURAI;HOGAR Y COCINA;;
980;"EMPAQUE CANASTILLA 2""";GRIFERIA;;
981;"EMPAQUE CANASTILLA 4"" LAVPLATOS";GRIFERIA;;
982;EMPAQUE CANASTILLA GRICOL;GRIFERIA;;
983;EMPAQUE CONO DELGADO CISTERNA;GRIFERIA;;
984;EMPAQUE CONO GRUESO CISTERNA;GRIFERIA;;
985;EMPAQUE CONO GRUESO GRIVAL;GRIFERIA;;
986;EMPAQUE GAS TAIWANES;GRIFERIA;;
987;EMPAQUE KIT CUELLO GANZO;GRIFERIA;;
988;EMPAQUE KIT CUELLO GANZO GRIVAL;GRIFERIA;;
989;EMPAQUE KIT ESTOPERO;GRIFERIA;;
990;EMPAQUE KIT MONOCONTROL;GRIFERIA;;
991;"EMPAQUE LLAVE 1/2""";GRIFERIA;;
992;"EMPAQUE LLAVE 3/4""";GRIFERIA;;
993;"EMPAQUE LLAVE 3/8""";GRIFERIA;;
994;EMPAQUE LLAVE 3/8 CONICO;GRIFERIA;;
995;EMPAQUE LLAVE LAVAMANOS AD 1/2;GRIFERIA;;
996;DISPONIBLE;GRIFERIA;;
997;EMPAQUE PESTAï¿½A LAVAMANOS;GRIFERIA;;
998;EMPAQUE PISTOLA NEGRO;PINTURAS Y DISOLVENTES;;
999;EMPAQUE MANGUERA PARA RACOR  COLOR / NEGRO;GRIFERIA;;
1000;EMPAQUE PISTOLA SAGOLI;PINTURAS Y DISOLVENTES;;
1001;"EMPAQUE SIFON 11/2"" INTEGRAL";GRIFERIA;;
1002;"EMPAQUE SIFON 11/4"" INTEGRAL";GRIFERIA;;
1003;EMPAQUE SIFON BOTELLA;GRIFERIA;;
1004;"EMULSION ASFALTICA 1/4""";CONSTRUCCION;;
1005;EMULSION ASFALTICA 1G;CONSTRUCCION;;
1006;EMULSION ASFALTICA 3.5 K SIKA;CONSTRUCCION;;
1007;EMULSION ASFALTICA 5G CANECA;CONSTRUCCION;;
1469;ENCENDEDOR BRIKE ELECTRONICO;HERRAMIENTA ELECTRICA;;
3261;ENCENDEDOR BRIKE PIEDRA;HERRAMIENTA ELECTRICA;;
1008;ENCENDEDOR CHISPERO MANUAL;HERRAMIENTA MANUAL;;
1009;ENTREPAï¿½O METALICO SB10;HERRAJES Y SOPORTES;;
1010;ENTREPAï¿½O PLASTICO 1/4 CAFE Y BLANCO;HERRAJES Y SOPORTES;;
1011;ENTREPAï¿½O PLASTICO 3/16 CAFE Y BLANCO;HERRAJES Y SOPORTES;;
1013;ENVASE NEGRO 1/32 PLASTICO;PINTURAS Y DISOLVENTES;;
1012;ENVASE NEGRO 1/4 PLASTICO;PINTURAS Y DISOLVENTES;;
1014;ENVASE NEGRO 1/8 PLASTICO;PINTURAS Y DISOLVENTES;;
1015;EPOXIMIL SOLDADURA EN FRIO 98GM LOCTITE;PEGANTES;;
3532;ESCALERA TIPO TIJERA 5 PELDAï¿½OS 0.11M3;HERRAMIENTA MANUAL;;
1016;ESCOBA METALICA 22 DIENTES CURVA TRUPER;HERRAMIENTA MANUAL;;
3291;ESCOBA VENECIA MANGO MADERA;ASEO;;
3328;ESCOBILLAS  MEDIANAS;TUBERIAS Y ACCESORIOS;;
3327;ESCOBILLAS GRANDES;PARTES Y REPUESTOS;;
3599;"ESCUADRA CANTONERA 2"" X 2""";HERRAMIENTA ELECTRICA;;
3600;"ESCUADRA CANTONERA 3""X 3""";HERRAMIENTA ELECTRICA;;
1017;"ESCUADRA CARPINTERO 10"" 25CM  TRUPER";HERRAMIENTA MANUAL;;
1018;"ESCUADRA CARPINTERO 8"" 20CM TRUPER";HERRAMIENTA MANUAL;;
3541;"ESCUADRA DE COMBINACION 12"" TRUPER";HERRAMIENTA MANUAL;;
1019;ESCUADRA REFUERZO ZINC C14 1.1/4;HERRAJES Y SOPORTES;;
1023;ESCUADRA REFUERZO ZINC C14 11/2;HERRAJES Y SOPORTES;;
3294;"ESCUADRA REFUERZO ZINC C14 2""";HERRAJES Y SOPORTES;;
1020;ESCUADRA REFUERZO ZINC C14 2.1/2;HERRAJES Y SOPORTES;;
1021;ESCUADRA REFUERZO ZINC C14 3;HERRAJES Y SOPORTES;;
1022;ESCUADRA REFUERZO ZINC C14 4;HERRAJES Y SOPORTES;;
3511;ESCUADRA REFUERZO ZINC C16 1/2;HERRAJES Y SOPORTES;;
1024;ESCUADRA REFUERZO ZINC C16 3/4;HERRAJES Y SOPORTES;;
1025;LIBRE;CERRAJERIA Y SEGURIDAD;;
1026;ESCUDO PLASTICO BLANCO;GRIFERIA;;
1027;ESCUDO REGISTRO DUCHA TIPO G;GRIFERIA;;
1032;ESMALTE ALUMINIO MEZCLA 1 GALON SUPER;PINTURAS Y DISOLVENTES;;
1028;ESMALTE ALUMINIO MEZCLA 1/2 G SUPER;PINTURAS Y DISOLVENTES;;
1029;ESMALTE ALUMINIO MEZCLA 1/32 G SUPER;PINTURAS Y DISOLVENTES;;
1030;ESMALTE ALUMINIO MEZCLA 1/4 G SUPER;PINTURAS Y DISOLVENTES;;
1031;ESMALTE ALUMINIO MEZCLA 1/8 G SUPER;PINTURAS Y DISOLVENTES;;
1037;ESMALTE BLANCO MATE 1 GALON SUPER;PINTURAS Y DISOLVENTES;;
1033;ESMALTE BLANCO MATE 1/2 G SUPER;PINTURAS Y DISOLVENTES;;
1034;ESMALTE BLANCO MATE 1/32 G SUPER;PINTURAS Y DISOLVENTES;;
1035;ESMALTE BLANCO MATE 1/4 G SUPER;PINTURAS Y DISOLVENTES;;
1036;ESMALTE BLANCO MATE 1/8 G SUPER;PINTURAS Y DISOLVENTES;;
2420;ESMALTE DOMESTICO BLANCO 1 GALON;PINTURAS Y DISOLVENTES;;
1038;ESMALTE DOMESTICO MATE SS BLANCO 1 GALON;PINTURAS Y DISOLVENTES;;
3415;ESMALTE DOMESTICO MATE SS NEGRO 1 GALON;PINTURAS Y DISOLVENTES;;
1043;ESMALTE EXPERTO AMARILLO 1 GAL0N SUPER;PINTURAS Y DISOLVENTES;;
1039;ESMALTE EXPERTO AMARILLO 1/2 G SUPER;PINTURAS Y DISOLVENTES;;
1040;ESMALTE EXPERTO AMARILLO 1/32 G SUPER;PINTURAS Y DISOLVENTES;;
1041;ESMALTE EXPERTO AMARILLO 1/4 G SUPER;PINTURAS Y DISOLVENTES;;
1042;ESMALTE EXPERTO AMARILLO 1/8 G SUPER;PINTURAS Y DISOLVENTES;;
1048;ESMALTE EXPERTO AZUL 1 GALON SUPER;PINTURAS Y DISOLVENTES;;
1044;ESMALTE EXPERTO AZUL 1/2 G SUPER;PINTURAS Y DISOLVENTES;;
1045;ESMALTE EXPERTO AZUL 1/32 G SUPER;PINTURAS Y DISOLVENTES;;
1046;ESMALTE EXPERTO AZUL 1/4 G SUPER;PINTURAS Y DISOLVENTES;;
1047;ESMALTE EXPERTO AZUL 1/8 G SUPER;PINTURAS Y DISOLVENTES;;
1053;ESMALTE EXPERTO BLANCO 1 GALON SUPER;PINTURAS Y DISOLVENTES;;
1049;ESMALTE EXPERTO BLANCO 1/2 G SUPER;PINTURAS Y DISOLVENTES;;
1050;ESMALTE EXPERTO BLANCO 1/32 G SUPER;PINTURAS Y DISOLVENTES;;
1052;ESMALTE EXPERTO BLANCO 1/8 G SUPER;PINTURAS Y DISOLVENTES;;
1058;ESMALTE EXPERTO CAOBA 1 GALON SUPER;PINTURAS Y DISOLVENTES;;
1054;ESMALTE EXPERTO CAOBA 1/2 G SUPER;PINTURAS Y DISOLVENTES;;
1055;ESMALTE EXPERTO CAOBA 1/32 G SUPER;PINTURAS Y DISOLVENTES;;
1056;ESMALTE EXPERTO CAOBA 1/4 G SUPER;PINTURAS Y DISOLVENTES;;
1057;ESMALTE EXPERTO CAOBA 1/8 G SUPER;PINTURAS Y DISOLVENTES;;
1063;ESMALTE EXPERTO NARANJA 1 GALON SUPER;PINTURAS Y DISOLVENTES;;
1059;ESMALTE EXPERTO NARANJA 1/2 G SUPER;PINTURAS Y DISOLVENTES;;
1060;ESMALTE EXPERTO NARANJA 1/32 G SUPER;PINTURAS Y DISOLVENTES;;
1061;ESMALTE EXPERTO NARANJA 1/4 G SUPER;PINTURAS Y DISOLVENTES;;
1062;ESMALTE EXPERTO NARANJA 1/8 G SUPER;PINTURAS Y DISOLVENTES;;
1068;ESMALTE EXPERTO NEGRO 1 GALON SUPER;PINTURAS Y DISOLVENTES;;
1064;ESMALTE EXPERTO NEGRO 1/2 G SUPER;PINTURAS Y DISOLVENTES;;
1065;ESMALTE EXPERTO NEGRO 1/32 G SUPER;PINTURAS Y DISOLVENTES;;
1066;ESMALTE EXPERTO NEGRO 1/4 G SUPER;PINTURAS Y DISOLVENTES;;
1067;ESMALTE EXPERTO NEGRO 1/8 G SUPER;PINTURAS Y DISOLVENTES;;
1073;ESMALTE EXPERTO ROJO 1 GALON SUPER;PINTURAS Y DISOLVENTES;;
1069;ESMALTE EXPERTO ROJO 1/2 G SUPER;PINTURAS Y DISOLVENTES;;
1070;ESMALTE EXPERTO ROJO 1/32 G SUPER;PINTURAS Y DISOLVENTES;;
1071;ESMALTE EXPERTO ROJO 1/4 G SUPER;PINTURAS Y DISOLVENTES;;
1072;ESMALTE EXPERTO ROJO 1/8 G SUPER;PINTURAS Y DISOLVENTES;;
1078;ESMALTE EXPERTO TABACO 1 GALON SUPER;PINTURAS Y DISOLVENTES;;
1074;ESMALTE EXPERTO TABACO 1/2 G SUPER;PINTURAS Y DISOLVENTES;;
1075;ESMALTE EXPERTO TABACO 1/32 G SUPER;PINTURAS Y DISOLVENTES;;
1076;ESMALTE EXPERTO TABACO 1/4 G SUPER;PINTURAS Y DISOLVENTES;;
1077;ESMALTE EXPERTO TABACO 1/8 G SUPER;PINTURAS Y DISOLVENTES;;
1083;ESMALTE EXPERTO VERDE PINO 1 GALON SUPER;PINTURAS Y DISOLVENTES;;
1079;ESMALTE EXPERTO VERDE PINO 1/2 G SUPER;PINTURAS Y DISOLVENTES;;
1080;ESMALTE EXPERTO VERDE PINO 1/32 G SUPER;PINTURAS Y DISOLVENTES;;
1081;ESMALTE EXPERTO VERDE PINO 1/4 G SUPER;PINTURAS Y DISOLVENTES;;
1082;ESMALTE EXPERTO VERDE PINO 1/8 G SUPER;PINTURAS Y DISOLVENTES;;
1088;ESMALTE DOMESTICO BLANCO 1 G PINTUCO;PINTURAS Y DISOLVENTES;;
1084;ESMALTE DOMESTICO BLANCO 1/2 G PINTUCO;PINTURAS Y DISOLVENTES;;
1085;ESMALTE DOMESTICO BLANCO 1/32 G PINTUCO;PINTURAS Y DISOLVENTES;;
1086;ESMALTE DOMESTICO BLANCO 1/4 G PINTUCO;PINTURAS Y DISOLVENTES;;
1087;ESMALTE DOMESTICO BLANCO 1/8 G PINTUCO;PINTURAS Y DISOLVENTES;;
3433;ESMALTE ICOMAX CAOBA 1 GALON PINTUCO;PINTURAS Y DISOLVENTES;;
2422;ESMALTE ICOMAX CAOBA 1/2 G PINTUCO;PINTURAS Y DISOLVENTES;;
2442;ESMALTE ICOMAX CAOBA 1/32 G PINTUCO;PINTURAS Y DISOLVENTES;;
2458;ESMALTE ICOMAX CAOBA 1/4 G PINTUCO;PINTURAS Y DISOLVENTES;;
2813;ESMALTE ICOMAX CAOBA 1/8 G PINTUCO;PINTURAS Y DISOLVENTES;;
1093;ESMALTE DOMESTICO NEGRO 12227 1 GALON PINTUCO;PINTURAS Y DISOLVENTES;;
1089;ESMALTE DOMESTICO NEGRO 12227 1/2 G PINTUCO;PINTURAS Y DISOLVENTES;;
1090;ESMALTE DOMESTICO NEGRO 12227 1/32 G PINTUCO;PINTURAS Y DISOLVENTES;;
1091;ESMALTE DOMESTICO NEGRO 12227 1/4 G PINTUCO;PINTURAS Y DISOLVENTES;;
1092;ESMALTE DOMESTICO NEGRO 12227 1/8 G PINTUCO;PINTURAS Y DISOLVENTES;;
1103;ESMALTE INDUSTRIAL NEGRO MATE 1 GALON SUPER;PINTURAS Y DISOLVENTES;;
1099;ESMALTE INDUSTRIAL NEGRO MATE 1/2 G SUPER;PINTURAS Y DISOLVENTES;;
1100;ESMALTE INDUSTRIAL NEGRO MATE 1/32 G SUPER;PINTURAS Y DISOLVENTES;;
1101;ESMALTE INDUSTRIAL NEGRO MATE 1/4 G SUPER;PINTURAS Y DISOLVENTES;;
1102;ESMALTE INDUSTRIAL NEGRO MATE 1/8 G SUPER;PINTURAS Y DISOLVENTES;;
1110;ESMALTE INDUSTRIAL VERDE PRIMAVERAL 1 GALON SUPER;PINTURAS Y DISOLVENTES;;
1106;ESMALTE INDUSTRIAL VERDE PRIMAVERAL 1/2 G SUPER;PINTURAS Y DISOLVENTES;;
1107;ESMALTE INDUSTRIAL VERDE PRIMAVERAL 1/32 G SUPER;PINTURAS Y DISOLVENTES;;
1108;ESMALTE INDUSTRIAL VERDE PRIMAVERAL 1/4 G SUPER;PINTURAS Y DISOLVENTES;;
1109;ESMALTE INDUSTRIAL VERDE PRIMAVERAL 1/8 G SUPER;PINTURAS Y DISOLVENTES;;
1098;ESMALTE INDUSTRIAL WENGUE 1 GALON SUPER;PINTURAS Y DISOLVENTES;;
1094;ESMALTE INDUSTRIAL WENGUE 1/2 G SUPER;PINTURAS Y DISOLVENTES;;
1095;ESMALTE INDUSTRIAL WENGUE 1/32 G SUPER;PINTURAS Y DISOLVENTES;;
1096;ESMALTE INDUSTRIAL WENGUE 1/4 G SUPER;PINTURAS Y DISOLVENTES;;
1097;ESMALTE INDUSTRIAL WENGUE 1/8 G SUPER;PINTURAS Y DISOLVENTES;;
1105;ESMALTE PINTULUX 3 EN 1 BLANCO 1 GALON PINTUCO;PINTURAS Y DISOLVENTES;;
1104;ESMALTE PINTULUX 3 EN 1 BLANCO PINTUCO 1/4;PINTURAS Y DISOLVENTES;;
3588;"ESMERIL DE BANCO DE 5"" DE 1/16 HP PRETUL";HERRAMIENTA ELECTRICA;;
1111;ESMERILADOR DE VALVULAS 75GR SINTECO;LUBRICANTES;;
3195;"ESPATULA GERMANY ACERO INOX 3""GOYA";HERRAMIENTA MANUAL;;
1112;"ESPATULA PLASTICA 2"" TRUPER";HERRAMIENTA MANUAL;;
1113;ESPATULA PLASTICA GRANDE PORRAS;HERRAMIENTA MANUAL;;
1114;ESPATULA PLASTICA PEQUEï¿½A PORRAS;HERRAMIENTA MANUAL;;
1115;"ESPATULA PREMIER L.E 1"" GOYA";HERRAMIENTA MANUAL;;
1116;"ESPATULA PREMIER L.E 11/2"" GOYA";HERRAMIENTA MANUAL;;
1117;"ESPATULA PREMIER L.E 2"" GOYA";HERRAMIENTA MANUAL;;
1118;"ESPATULA PREMIER L.E 21/2"" GOYA";HERRAMIENTA MANUAL;;
1119;"ESPATULA PREMIER L.E 3"" GOYA";HERRAMIENTA MANUAL;;
1120;"ESPATULA PREMIER L.E 4"" GOYA";HERRAMIENTA MANUAL;;
1121;"ESPATULA PREMIER L.E 5"" GOYA";HERRAMIENTA MANUAL;;
1122;"ESPATULA PREMIER L.E 6"" GOYA";HERRAMIENTA MANUAL;;
1123;"ESPATULA TAPIZADORA 8"" TRUPER";HERRAMIENTA MANUAL;;
3343;ESPEJO TESCOPICO DE INSPECCION TRUPER;HERRAMIENTA MANUAL;;
3613;ESPONJA EN ALAMBRE MATRIX;HOGAR Y COCINA;;
1562;ESPUMA EXPANSIVA 500ML CORNETA;PINTURAS Y DISOLVENTES;;
1124;ESQUINERO PLASTICO BLANCO 2.3MT;PERFILES Y WINES;;
1125;ESQUINERO PLASTICO CAFï¿½ 2.3MT;PERFILES Y WINES;;
1126;ESTAï¿½O 100 GR CARRETE;ELECTRICOS;;
1127;ESTAï¿½O BOLSITA;ELECTRICOS;;
1128;SOLDADURA DE ESTAï¿½O TUBO;ELECTRICOS;;
1129;ESTARTER UN;ELECTRICOS;;
1130;ESTUCO PLASTICO 1/2G MAXI;CONSTRUCCION;;
1131;ESTUCO PLASTICO 1/4G MAXI;CONSTRUCCION;;
1132;ESTUCO PLASTICO 1/8G MAXI;CONSTRUCCION;;
1133;ESTUCO PLASTICO 1G MAXI;CONSTRUCCION;;
1134;ESTUCO PLASTICO BALDE 2.5G MAXI;CONSTRUCCION;;
1135;ESTUCO PLASTICO CANECA 5G MAXI;CONSTRUCCION;;
3409;ESTUCOMASTIC BLANCO 15 BALDE KGPINTUCO;CONSTRUCCION;;
1136;ESTUCOMASTIC BLANCO 1G 5K PINTUCO;CONSTRUCCION;;
1137;ESTUCOMASTIC BLANCO CANECA 27K PINTUCO;CONSTRUCCION;;
1146;EXTENSION 8 MTS 25ft DUPLEX OSBLACK/TITANIUM;ELECTRICOS;;
1138;EXTENSION CON POLO 10MT;ELECTRICOS;;
1139;EXTENSION CON POLO 2MT;ELECTRICOS;;
1140;EXTENSION CON POLO 3MT;ELECTRICOS;;
1141;EXTENSION CON POLO 5MT;ELECTRICOS;;
1142;EXTENSION CON POLO 8MT;ELECTRICOS;;
1147;EXTENSION FIBRA DE VIDRIO AMARILLA 1.80 - 3.60 MT;HERRAMIENTA MANUAL;;
1143;"EXTENSION PARA RACHET 5"" MANDO 1/2 TRUPER";HERRAMIENTA MANUAL;;
3312;"EXTENSION RATCHET 3/8 X 8"" TRUPER";HERRAMIENTA MANUAL;;
1148;EXTENSOR DE ACERO PARA RODILLO 2M;HERRAMIENTA MANUAL;;
1149;"FIBRO DISCO 41/2"" N 100";ABRASIVOS Y CONSUMIBLES;;
1150;"FIBRO DISCO 41/2"" N 120";ABRASIVOS Y CONSUMIBLES;;
1151;"FIBRO DISCO 41/2"" N 150";ABRASIVOS Y CONSUMIBLES;;
1152;"FIBRO DISCO 41/2"" N 180";ABRASIVOS Y CONSUMIBLES;;
1153;"FIBRO DISCO 41/2"" N 220";ABRASIVOS Y CONSUMIBLES;;
3284;"FIBRO DISCO 41/2"" N 24";ABRASIVOS Y CONSUMIBLES;;
1154;"FIBRO DISCO 41/2"" N 320";ABRASIVOS Y CONSUMIBLES;;
3285;"FIBRO DISCO 41/2"" N 36";ABRASIVOS Y CONSUMIBLES;;
1155;"FIBRO DISCO 41/2"" N 400";ABRASIVOS Y CONSUMIBLES;;
3286;"FIBRO DISCO 41/2"" N 60";ABRASIVOS Y CONSUMIBLES;;
1156;"FIBRO DISCO 41/2"" N 80";ABRASIVOS Y CONSUMIBLES;;
1157;"FIBRO DISCO 7"" N 100";ABRASIVOS Y CONSUMIBLES;;
1158;"FIBRO DISCO 7"" N 120";ABRASIVOS Y CONSUMIBLES;;
1159;"FIBRO DISCO 7"" N 24";ABRASIVOS Y CONSUMIBLES;;
1160;"FIBRO DISCO 7"" N 36";ABRASIVOS Y CONSUMIBLES;;
1161;"FIBRO DISCO 7"" N 60";ABRASIVOS Y CONSUMIBLES;;
1162;"FIBRO DISCO 7"" N 80";ABRASIVOS Y CONSUMIBLES;;
1163;FIFTIN PARA ACOPLE RAPIDO;PARTES Y REPUESTOS;;
1164;FIJATORNILLO FUERZA ALTA 10G UNIFIX;PEGANTES;;
1165;FILTRO ESTANDAR LAVAMANOS USA;GRIFERIA;;
1166;FILTRO GRIFERIA PLASTICO HEMBRA BOCHERINI;GRIFERIA;;
1167;FILTRO GRIFERIA PLASTICO MACHO BOCHERINI;GRIFERIA;;
1168;FILTRO LAVAPLATOS BORDE ANCHO;GRIFERIA;;
1169;FILTRO LAVAPLATOS BORDE PEQUEï¿½O;GRIFERIA;;
1170;"FILTRO LAVAPLATOS SECURITY 4""";GRIFERIA;;
1172;"FILTRO LAVAPLATOS X 4""";GRIFERIA;;
1171;FILTRO PURIFICADOR DE AGUA;GRIFERIA;;
1173;FISTO ABBA;PARTES Y REPUESTOS;;
1174;FISTO CENTRALES;PARTES Y REPUESTOS;;
1175;FISTO CHALLENGER;PARTES Y REPUESTOS;;
1176;FISTO CHILENO LARGO;PARTES Y REPUESTOS;;
1177;FISTO CONTINENTAL;PARTES Y REPUESTOS;;
1178;FISTO HACEB CORTO;PARTES Y REPUESTOS;;
1;FISTO INDUSTRIAL;HOGAR Y COCINA;;
1179;FISTO MABE;PARTES Y REPUESTOS;;
1180;FISTO SUECO;PARTES Y REPUESTOS;;
1181;FISTO SUPERIOR;PARTES Y REPUESTOS;;
1182;FISTO TROPICAL;PARTES Y REPUESTOS;;
1183;"FLANCHE 1""";GRIFERIA;;
1184;"FLANCHE PARA TANQUE 1/2""";GRIFERIA;;
3422;FLEXOMETRO 3MT ECO;HERRAMIENTA MANUAL;;
3423;FLEXOMETRO 5MT ECO;HERRAMIENTA MANUAL;;
1185;"FLEXOMETRO AMARILLO 3MT CINTA 1/2"" PRETUL";HERRAMIENTA MANUAL;;
1186;"FLEXOMETRO AMARILLO 5MT CINTA 3/4"" PRETUL";HERRAMIENTA MANUAL;;
1188;FLEXOMETRO FLEX 3 MT LUFKIN;HERRAMIENTA MANUAL;;
1189;FLEXOMETRO FLEX 5 MT LUFKIN;HERRAMIENTA MANUAL;;
3395;FLEXOMETRO TAURUS X 7.5M;HERRAMIENTA MANUAL;;
1194;FONDO EXPERTO BLANCO 1 G SUPER;PINTURAS Y DISOLVENTES;;
1190;FONDO EXPERTO BLANCO 1/2 G SUPER;PINTURAS Y DISOLVENTES;;
1191;FONDO EXPERTO BLANCO 1/32 G SUPER;PINTURAS Y DISOLVENTES;;
1192;FONDO EXPERTO BLANCO 1/4 G SUPER;PINTURAS Y DISOLVENTES;;
1193;FONDO EXPERTO BLANCO 1/8 G SUPER;PINTURAS Y DISOLVENTES;;
1199;FONDO INDUSTRIAL NEGRO 1 GALON SUPER;PINTURAS Y DISOLVENTES;;
1195;FONDO INDUSTRIAL NEGRO 1/2 G SUPER;PINTURAS Y DISOLVENTES;;
1196;FONDO INDUSTRIAL NEGRO 1/32 G SUPER;PINTURAS Y DISOLVENTES;;
1197;FONDO INDUSTRIAL NEGRO 1/4 G SUPER;PINTURAS Y DISOLVENTES;;
1198;FONDO INDUSTRIAL NEGRO 1/8 G SUPER;PINTURAS Y DISOLVENTES;;
1200;"FORMON 1/4"" PRETUL";HERRAMIENTA MANUAL;;
3187;"FORMON 5/8"" PRETUL";HERRAMIENTA MANUAL;;
3597;FUMIGADOR 3L (0.8GAL) TRUPER;HERRAMIENTA MANUAL;;
3601;FUMIGADOR DOMESTICO 2 LTS TRUPER;HERRAMIENTA MANUAL;;
1201;FUSIBLE OLLA NEGRO;HOGAR Y COCINA;;
1202;FUSIBLE OLLA PUNTO VERDE, ROJO, NARANJA PEQUEï¿½O;HOGAR Y COCINA;;
3281;FUSIBLE TUBULAR 1-30 A;ELECTRICOS;;
1203;FUSIBLE VEHICULAR GRANDE;ELECTRICOS;;
1204;FUSIBLE VEHICULAR PEQUEï¿½O;ELECTRICOS;;
1206;GAFAS DE SEGURIDAD NEGRO PRETUL;DOTACION INDUSTRIAL;;
1207;GAFAS DE SEGURIDAD PARA LASER;DOTACION INDUSTRIAL;;
3676;GAFAS DE SEGURIDAD PRETUL;DOTACION INDUSTRIAL;;
1205;GAFAS DE SEGURIDAD TRANSPARENTE PRETUL;DOTACION INDUSTRIAL;;
1208;GAFAS DE SEGURIDAD VERDE FORTE;DOTACION INDUSTRIAL;;
1209;GAFAS ELEMENT CLARA JACKSON;DOTACION INDUSTRIAL;;
1210;GAFAS PARA SOLDAR TRUPER;DOTACION INDUSTRIAL;;
1211;GANCHO ADHESIVO AMARRE;HERRAJES Y SOPORTES;;
1212;GANCHO ADHESIVO CUADRADO BLANCO;HERRAJES Y SOPORTES;;
1213;GANCHO ADHESIVO GRANDE BLANCO;HERRAJES Y SOPORTES;;
1215;GANCHO ADHESIVO MANGUERA LUCES;HERRAJES Y SOPORTES;;
1217;GANCHO ADHESIVO MINI BLANCO;HERRAJES Y SOPORTES;;
1218;GANCHO ADHESIVO PEQUEï¿½O BLANCO;HERRAJES Y SOPORTES;;
1219;GANCHO ADHESIVO SUPERJUMBO BLANCO;HERRAJES Y SOPORTES;;
1220;GANCHO ADHESIVO Uï¿½A PRESION;HERRAJES Y SOPORTES;;
3325;GANCHO DE ROPA PLASTICO;DOTACION INDUSTRIAL;;
1221;GANCHO PARA TEJA;CONSTRUCCION;;
3341;SET 4 PIEZAS DE GANCHOS MULTIUSOS TRUPER;HERRAMIENTA MANUAL;;
1223;GARRAFA PLASTICA DE SEGUNDA 5 GALONES;PINTURAS Y DISOLVENTES;;
1224;GASTOP FUERZA MEDIA 10G UNIFIX;PEGANTES;;
3590;GAVETA APILABLE DE PLASTICO 16.5X10.5X7.5 CM;PARTES Y REPUESTOS;;
1225;GEL ANTIBACTERIAL CON ALCOHOL 500 ML;HOGAR Y COCINA;;
1226;GEL ANTIBACTERIAL CON ALCOHOL 1000 ML;HOGAR Y COCINA;;
1227;GOTA DE REPUESTO PARA NIVEL;HERRAMIENTA MANUAL;;
3683;VARILLA GRAFIL 4MM X 1M;CONSTRUCCION;;
3682;VARILLA GRAFIL 4MM X 6MT;CONSTRUCCION;;
2477;GRAFITO GOTERO;LUBRICANTES;;
1230;GRANITO BLANCO 21/2 1K;CONSTRUCCION;;
1229;GRANITO BLANCO 21/2 40K;CONSTRUCCION;;
1231;GRAPA CAMA GALVANIZADA X 4 VERA;HERRAJES Y SOPORTES;;
3204;GRAPA COSEDORA PARA ET-21 5/16 TRUPER;HERRAJES Y SOPORTES;;
1222;GRAPA LAVAMANOS PLASTICA PAR;GRIFERIA;;
1232;GRAPA ZUNCHO  UN;HERRAJES Y SOPORTES;;
1233;GRAPA ZUNCHO KILO;HERRAJES Y SOPORTES;;
1234;GRAPA PLASTICA 1/2;HERRAJES Y SOPORTES;;
1235;GRAPA PLASTICA 3/8;HERRAJES Y SOPORTES;;
1236;GRAPA PLASTICA N6 CUADRADA;HERRAJES Y SOPORTES;;
1237;GRAPA PLASTICA N6 REDONDA;HERRAJES Y SOPORTES;;
1238;GRAPA PLASTICA N9 CUADRADA;HERRAJES Y SOPORTES;;
1239;GRAPA PLASTICA N9 REDONDA;HERRAJES Y SOPORTES;;
1242;"GRAPA TUBO GALVANIZADA 1/2"" DOBLE";HERRAJES Y SOPORTES;;
1240;"GRAPA TUBO GALVANIZADA 1"" DOBLE";HERRAJES Y SOPORTES;;
1241;"GRAPA TUBO GALVANIZADA 1"" SENCILLA";HERRAJES Y SOPORTES;;
1243;"GRAPA TUBO GALVANIZADA 1/2"" SENCILLA";HERRAJES Y SOPORTES;;
1244;"GRAPA TUBO GALVANIZADA 11/2"" DOBLE";HERRAJES Y SOPORTES;;
1245;"GRAPA TUBO GALVANIZADA 11/2"" SENCILLA";HERRAJES Y SOPORTES;;
1246;"GRAPA TUBO GALVANIZADA 2"" DOBLE";HERRAJES Y SOPORTES;;
1247;"GRAPA TUBO GALVANIZADA 3"" DOBLE";HERRAJES Y SOPORTES;;
1248;"GRAPA TUBO GALVANIZADA 3/4"" DOBLE";HERRAJES Y SOPORTES;;
1249;"GRAPA TUBO GALVANIZADA 3/4"" SENCILLA";HERRAJES Y SOPORTES;;
1250;"GRAPA TUBO GALVANIZADA 3/8"" DOBLE";HERRAJES Y SOPORTES;;
1251;"GRAPA TUBO GALVANIZADA 3/8"" SENCILLA";HERRAJES Y SOPORTES;;
1252;"GRAPA TUBO GALVANIZADA 4"" DOBLE";HERRAJES Y SOPORTES;;
1253;GRAPADORA TIPO PISTOLA PRETUL;HERRAMIENTA MANUAL;;
1254;GRASA MULTIUSO 300G;LUBRICANTES;;
1255;GRASA MULTIUSO 450G TRUPER;LUBRICANTES;;
1256;"GRATA CIRCULAR ALAMBRE FINO 2"" TALADRO TRUPER";ABRASIVOS Y CONSUMIBLES;;
1257;"GRATA CIRCULAR ALAMBRE FINO 3"" TALADRO TRUPER";ABRASIVOS Y CONSUMIBLES;;
1258;"GRATA COPA ALAMBRE GRUESO 3/4"" TALADRO TRUPER";ABRASIVOS Y CONSUMIBLES;;
3339;"GRATA COPA ALAMBRE GRUESO TALADRO 1""- 3/4";TUBERIAS Y ACCESORIOS;;
1259;"GRATA COPA ALAMBRE ONDULADO 3""X  5/8 TRUPER";ABRASIVOS Y CONSUMIBLES;;
1260;"GRATA COPA ALAMBRE ONDULADO 3""X 14 MM TRUPER";HERRAMIENTA MANUAL;;
1261;"GRATA COPA ALAMBRE ONDULADO 4""X 14 MM TRUPER";HERRAMIENTA MANUAL;;
1263;"GRATA COPA ALAMBRE TRENZADO 3""X 14 MM TRUPER";HERRAMIENTA MANUAL;;
1264;"GRATA COPA ALAMBRE TRENZADO 3""X 5/8 TRUPER";HERRAMIENTA MANUAL;;
1265;"GRATA COPA ALAMBRE TRENZADO 4""X 14 MM TRUPER";HERRAMIENTA MANUAL;;
1266;"GRATA COPA ALAMBRE TRENZADO 4""X 5/8 TRUPER";HERRAMIENTA MANUAL;;
3387;GRATA MANGO AMARILLO;HERRAMIENTA MANUAL;;
1267;GRATA MANGO MADERA;ABRASIVOS Y CONSUMIBLES;;
1268;"GRATA ESMERIL ALAMBRE ONDULADO 6"" TRUPER";HERRAMIENTA MANUAL;;
1269;"GRATA PULIDORA ALAMBRE TRENZADO 4"" TRUPER";ABRASIVOS Y CONSUMIBLES;;
1270;GUANTE CAL 7/L NEGRO;DOTACION INDUSTRIAL;;
1271;GUANTE CAL 7/M NEGRO;DOTACION INDUSTRIAL;;
1272;GUANTE CAL 7/S NEGRO;DOTACION INDUSTRIAL;;
3412;GUANTE CARNAZA CORTO REFORZADO;DOTACION INDUSTRIAL;;
1274;GUANTE LATEX NEGRO HGN 002 T M;DOTACION INDUSTRIAL;;
1275;GUANTE LATEX NEGRO HGN 002 T S;DOTACION INDUSTRIAL;;
1276;GUANTE HILAZA PEPAS;DOTACION INDUSTRIAL;;
1277;GUANTE INDUSTRIAL C 25 T10 FORTE;DOTACION INDUSTRIAL;;
1278;GUANTE INGENIERO REFORZADO;DOTACION INDUSTRIAL;;
1279;GUANTE INGENIERO SENCILLO;DOTACION INDUSTRIAL;;
1280;GUANTE NITRILO TALLA 10;DOTACION INDUSTRIAL;;
1281;GUANTE NITRILO TALLA 7;DOTACION INDUSTRIAL;;
1283;GUANTE NITRILO TALLA 9;DOTACION INDUSTRIAL;;
1284;GUANTE PROTEXION NITRILO T 9;DOTACION INDUSTRIAL;;
3353;GUANTE SOLDADOR  AMARILO O ROJO TIPO KODIACK;DOTACION INDUSTRIAL;;
1285;GUANTE CAUCHO TRITON CAL35 T10;DOTACION INDUSTRIAL;;
1286;GUANTE CAUCHO TRITON CAL35 T7;DOTACION INDUSTRIAL;;
1287;GUANTE CAUCHO TRITON CAL35 T 71/2;DOTACION INDUSTRIAL;;
1288;GUANTE CAUCHO TRITON CAL35 T 8;DOTACION INDUSTRIAL;;
1289;"GUANTE CAUCHO TRITON CAL35 T 81/2""";DOTACION INDUSTRIAL;;
1575;GUANTE CARNAZA PARA ELECTRICISTA;DOTACION INDUSTRIAL;;
3151;GUASA 3/16 UN;TORNILLERIA;;
3153;GUASA 5/16 UN;TORNILLERIA;;
3154;GUASA 7/16 UN;TORNILLERIA;;
1293;GUAYA DE ACERO 7H 1/8 1 MT;SOGAS Y CADENAS;;
3591;HACHA CAZADORA 11/4LB MANGO HICKORY TRUPER;HERRAMIENTA MANUAL;;
1295;HERRAJE PARA 2 TACOS O BREAKER;ELECTRICOS;;
1296;HERRAJE PARA 3 TACOS O BREAKER;ELECTRICOS;;
1297;HILO GANAFULL O SOGA MARINA 13MM 1MT;SOGAS Y CADENAS;;
3513;HILO GANAFULL O SOGA MARINA 8 1MT;SOGAS Y CADENAS;;
1298;HILO PARA ALBAï¿½IL AMARILLO 165MT TRUPER;CONSTRUCCION;;
1299;HILO PARA ALBAï¿½IL AZUL 165MT;CONSTRUCCION;;
1300;HILO PARA ALBAï¿½IL BLANCO 165MT;CONSTRUCCION;;
1301;HILO PARA ALBAï¿½IL NARANJA 165MT;CONSTRUCCION;;
1302;HILO PARA ALBAï¿½IL ROJO 165MT;CONSTRUCCION;;
1303;HILO PARA ALBAï¿½IL VERDE 165MT;CONSTRUCCION;;
3198;HILO PARA GUADAï¿½A AMARILLO 3.3MM X1MT;SOGAS Y CADENAS;;
3346;"HOMBRESOLO CURVO 7"" PRETUL";HERRAMIENTA MANUAL;;
1305;"HOMBRESOLO RECTO 10"" PRETUL";HERRAMIENTA MANUAL;;
1306;VINILO T3 ICOLATEX BLANCO 1 GALON PINTUCO;PINTURAS Y DISOLVENTES;;
1307;VINILO T3 ICOLATEX BLANCO 1/2 G PINTUCO;PINTURAS Y DISOLVENTES;;
1308;VINILO T3 ICOLATEX BLANCO 1/32 G PINTUCO;PINTURAS Y DISOLVENTES;;
1309;VINILO T3 ICOLATEX BLANCO 1/4 G PINTUCO;PINTURAS Y DISOLVENTES;;
1310;VINILO T3 ICOLATEX BLANCO 1/8 G PINTUCO;PINTURAS Y DISOLVENTES;;
1311;VINILO T3 ICOLATEX BLANCO CANECA 5 G PINTUCO;PINTURAS Y DISOLVENTES;;
2927;IMAN EXTENDIBLE FLEXIBLE CON LED 3.4 KG;HERRAMIENTA MANUAL;;
1320;IMAN MONEDA 0;PARTES Y REPUESTOS;;
1321;IMAN MONEDA 1;PARTES Y REPUESTOS;;
1322;IMAN MONEDA 2;PARTES Y REPUESTOS;;
1323;IMAN MONEDA 3;PARTES Y REPUESTOS;;
1324;IMAN MONEDA 4;PARTES Y REPUESTOS;;
1325;IMAN MONEDA 6;PARTES Y REPUESTOS;;
1326;IMAN MONEDA 7;PARTES Y REPUESTOS;;
1327;IMAN MONEDA 8;PARTES Y REPUESTOS;;
1328;IMAN MONEDA 9;PARTES Y REPUESTOS;;
1329;RACOR INSERTO RIEGO PVC 1/2 X 20 MM;GRIFERIA;;
1336;INTERRUPTOR + TOMA P/T BLANCO DUOMO AVE;ELECTRICOS;;
1330;INTERRUPTOR + TOMA BLANCA MERCURY;ELECTRICOS;;
1331;INTERRUPTOR DE PASO CORREDERA AVE;ELECTRICOS;;
1332;INTERRUPTOR DOBLE BLANCO DUOMO AVE;ELECTRICOS;;
1333;INTERRUPTOR DOBLE BLANCO MERCURY;ELECTRICOS;;
1334;INTERRUPTOR DOBLE CONMU BLANCO DUOMO AVE;ELECTRICOS;;
1335;INTERRUPTOR PANTALLA Pï¿½A;ELECTRICOS;;
1337;INTERRUPTOR SENCILLO BLANCO DUOMO AVE;ELECTRICOS;;
1339;INTERRUPTOR SENCILLO CONMUTABLE BLANCO DUOMO AVE;ELECTRICOS;;
1340;INTERRUPTOR SENCILLO SOBREPONER BLANCO AVE;ELECTRICOS;;
1341;INTERRUPTOR TRIPLE BLANCO DUOMO AVE;ELECTRICOS;;
1342;INVECRYL 500 1 KILO SAPOLIN;CONSTRUCCION;;
2441;INVECRYL 750 GRS SAPOLIN;CONSTRUCCION;;
3372;INYECTOR DE GRASA 6000 PSI;HERRAMIENTA MANUAL;;
1343;JABON PARA MANOS 500 ML;ASEO;;
1344;JABON PARA MANOS GALON;ASEO;;
1345;JABON PARA MANOS LITRO;ASEO;;
1346;JABON REY 500 ML;ASEO;;
1347;JABON REY GALON;ASEO;;
1348;JABON REY LITRO;ASEO;;
3293;LIBRE;GRIFERIA;;
3678;JABONERA CROMADA PLASTGRIFOS;HOGAR Y COCINA;;
3598;JUEGO DE 121 PIEZAS MOTORTOOL TRUPER;HERRAMIENTA MANUAL;;
1349;JUEGO DE 10 LIMAS PARA JOYERO TRUPER;HERRAMIENTA MANUAL;;
1350;JUEGO DE 3 MINICEPILLOS GRATA TRUPER;HERRAMIENTA MANUAL;;
1351;JUEGO DE 3 PIEZAS SIERRAS PARA CERRADURA TRUPER;HERRAMIENTA MANUAL;;
1352;JUEGO DE 5 SIERRA COPA ACERO AL CARBONO PRETUL;HERRAMIENTA MANUAL;;
1353;JUEGO DE 6 DESTORNILLADORES JOYERO CLASICOS TRUPER;HERRAMIENTA MANUAL;;
1354;JUEGO DE 7 LLAVES BRISTOL PULGADAS TIPO NAVAJA TRUPER;HERRAMIENTA MANUAL;;
1355;JUEGO DE 8 COPAS METRICAS PRETUL;HERRAMIENTA MANUAL;;
1356;JUEGO DE 8 COPAS PULGADAS PRETUL;HERRAMIENTA MANUAL;;
1357;JUEGO DE 8 LLAVES BRISTOL LLAVERO METRICAS PRETUL;HERRAMIENTA MANUAL;;
1358;JUEGO DE 8 LLAVES BRISTOL LLAVERO PULGADAS PRETUL;HERRAMIENTA MANUAL;;
3314;JUEGO DE 7 LLAVES BRISTOL ACERO AL CROMO MILIMETRICA TRUPER;HERRAMIENTA MANUAL;;
3315;JUEGO DE 7 LLAVES BRISTOL ACERO AL CROMO PULGADA TRUPER;HERRAMIENTA MANUAL;;
1359;KIT DE 6 ACCESORIOS PARA BAï¿½O TOTAL;GRIFERIA;;
1360;JUEGO DE ACOPLES RAPIDO PRETUL;HERRAMIENTA MANUAL;;
1361;JUEGO DE ACOPLES RAPIDO PRETUL;HERRAMIENTA MANUAL;;
1362;JUEGO DE BISTURI CON ESTUCHE PRETUL;HERRAMIENTA MANUAL;;
1363;JUEGO DE 6 BROCAS PARA MADERA TRUPER;HERRAMIENTA MANUAL;;
1894;JUEGO DE 8 BROCAS PARA MADERA TRUPER;ABRASIVOS Y CONSUMIBLES;;
1364;JUEGO DE DADOS CON PUNTAS Y MATRACA;HERRAMIENTA MANUAL;;
3675;JUEGO DE 5 GRATAS ECO;HERRAMIENTA MANUAL;;
1365;JUEGO DE 3 HERRAMIENTAS PARA JARDIN PRETUL;HERRAMIENTA MANUAL;;
1366;JUEGO DE 5 LLAVES MIXTAS MM PRETUL;HERRAMIENTA MANUAL;;
1367;JUEGO DE 7 LLAVES TORX CORTAS CON ORGANIZADOR TRUPER;HERRAMIENTA MANUAL;;
1368;JUEGO DE 7 LLAVES TORX LARGAS CON ORGANIZADOR TRUPER;HERRAMIENTA MANUAL;;
1369;JUEGO DE 21 HERRAMIENTAS MECANICO PRETUL;HERRAMIENTA MANUAL;;
1370;JUEGO DE 25 HERRAMIENTAS MECANICO PRETUL;HERRAMIENTA MANUAL;;
1371;JUEGO DE 10 PUNTAS EN PIEDRA MONTADAS TRUPER;HERRAMIENTA MANUAL;;
1372;JUEGO DE 39 COPAS Y RATCHET PRETUL;HERRAMIENTA MANUAL;;
3317;JUEGO DE 5 SEGUETAS PARA CALADORA METAL TRUPER;HERRAMIENTA ELECTRICA;;
1373;"JUEGO DE 16 SEGUETAS PARA CALADORA ""T"" TRUPER";HERRAMIENTA MANUAL;;
1375;"JUEGO DE 16 SEGUETAS PARA CALADORA ""U"" TRUPER";HERRAMIENTA MANUAL;;
3592;JUEGO DE 3 CEPILLOS PARA TALADRO TRUPER;HERRAMIENTA ELECTRICA;;
3324;JUEGO DE 32 DESTORNILLADORES PARA JOYERO TRUPER;HERRAMIENTA MANUAL;;
1563;JUEGO DE 9 LLAVES MIXTAS STANLEY;HERRAMIENTA MANUAL;;
3336;JUEGO DE 3 PIEZAS COPA PARA CERRADURA PRETUL;HERRAMIENTA MANUAL;;
1377;KIT GRIFERIA SANITARIO FLUIDMASTER;GRIFERIA;;
1378;KIT ESCOLAR PROYECTOS;ELECTRICOS;;
1379;KIT VALVULA TANQUE FLOTADOR BRONCE DTURIN;GRIFERIA;;
1380;KIT GRIFERIA SANITARIA COMPLETA ECO;GRIFERIA;;
1381;KIT GRIFERIA SANITARIA COMPLETO ATLAS GRIVAL 26 CM;GRIFERIA;;
1382;KIT GRIFERIA SANITARIA COMPLETA CROMADA BOCHERINI;GRIFERIA;;
1383;LACA ANTICORROSIVA GRIS AEROCOLOR 300 ML;PINTURAS Y DISOLVENTES;;
1388;LACA EXPERTO BLANCO 1 GALON SUPER;PINTURAS Y DISOLVENTES;;
1384;LACA EXPERTO BLANCO 1/2 G SUPER;PINTURAS Y DISOLVENTES;;
1385;LACA EXPERTO BLANCO 1/32 G SUPER;PINTURAS Y DISOLVENTES;;
1386;LACA EXPERTO BLANCO 1/4 G SUPER;PINTURAS Y DISOLVENTES;;
1387;LACA EXPERTO BLANCO 1/8 G SUPER;PINTURAS Y DISOLVENTES;;
1393;LACA EXPERTO NEGRO 1 GALON SUPER;PINTURAS Y DISOLVENTES;;
1389;LACA EXPERTO NEGRO 1/2 G SUPER;PINTURAS Y DISOLVENTES;;
1390;LACA EXPERTO NEGRO 1/32 G SUPER;PINTURAS Y DISOLVENTES;;
1391;LACA EXPERTO NEGRO 1/4 G SUPER;PINTURAS Y DISOLVENTES;;
1392;LACA EXPERTO NEGRO 1/8 G SUPER;PINTURAS Y DISOLVENTES;;
1394;LINTERNA RECARGABLE LED 30 LUM PRETUL;ELECTRICOS;;
1291;LINTERNA REFLECTORA LED 145 LM PRETUL;HOGAR Y COCINA;;
3211;LAPIZ FABERCASTELL Nï¿½ 2;HERRAMIENTA MANUAL;;
3212;LAPIZ FABERCASTELL ROJO Nï¿½ 2;HERRAMIENTA MANUAL;;
3437;LAVAPLATOS EN ACERO MESON VITAL BASIC 100x52 IZQUIERDO;CONSTRUCCION;;
3438;LAVAPLATOS EN ACERO RADIANTE SUB 60x40;CONSTRUCCION;;
1395;LED COLORES;ELECTRICOS;;
1315;"LIJA DE AGUA 9"" X11"" #220 PREMIER";ABRASIVOS Y CONSUMIBLES;;
1396;"LIJA DE AGUA 9""X11"" #100 PREMIER";ABRASIVOS Y CONSUMIBLES;;
1397;"LIJA DE AGUA 9""X11"" #120 PREMIER";ABRASIVOS Y CONSUMIBLES;;
1398;"LIJA DE AGUA 9""X11"" #150 PREMIER";ABRASIVOS Y CONSUMIBLES;;
1399;"LIJA DE AGUA 9""X11"" #180 PREMIER";ABRASIVOS Y CONSUMIBLES;;
1400;"LIJA DE AGUA 9""X11"" #280 PREMIER";ABRASIVOS Y CONSUMIBLES;;
1401;"LIJA DE AGUA 9""X11"" #320 PREMIER";ABRASIVOS Y CONSUMIBLES;;
1402;"LIJA DE AGUA 9""X11"" #400 PREMIER";ABRASIVOS Y CONSUMIBLES;;
1403;"LIJA DE AGUA 9""X11"" #60 PREMIER";ABRASIVOS Y CONSUMIBLES;;
1404;"LIJA DE AGUA 9""X11"" #600 PREMIER";ABRASIVOS Y CONSUMIBLES;;
1405;"LIJA DE AGUA 9""X11"" #80 PREMIER";ABRASIVOS Y CONSUMIBLES;;
1406;"LIJA DE AGUA MICROFINA 9""X11"" #1000 PREMIER";ABRASIVOS Y CONSUMIBLES;;
1407;"LIJA DE AGUA MICROFINA 9""X11"" #2000 PREMIER";ABRASIVOS Y CONSUMIBLES;;
1408;"LIJA RED 9""X11"" #100 PREMIER";ABRASIVOS Y CONSUMIBLES;;
1409;"LIJA RED 9""X11"" #1000 PREMIER";ABRASIVOS Y CONSUMIBLES;;
1410;"LIJA RED 9""X11"" #120 PREMIER";ABRASIVOS Y CONSUMIBLES;;
1411;"LIJA RED 9""X11"" #150 PREMIER";ABRASIVOS Y CONSUMIBLES;;
1412;"LIJA RED 9""X11"" #180 PREMIER";ABRASIVOS Y CONSUMIBLES;;
1413;"LIJA RED 9""X11"" #220 PREMIER";ABRASIVOS Y CONSUMIBLES;;
1414;"LIJA RED 9""X11"" #240 PREMIER";ABRASIVOS Y CONSUMIBLES;;
1415;"LIJA RED 9""X11"" #320 PREMIER";ABRASIVOS Y CONSUMIBLES;;
1416;"LIJA RED 9""X11"" #400 PREMIER";ABRASIVOS Y CONSUMIBLES;;
1417;"LIJA RED 9""X11"" #600 PREMIER";ABRASIVOS Y CONSUMIBLES;;
1418;"LIJA RED 9""X11"" #80 PREMIER";ABRASIVOS Y CONSUMIBLES;;
1419;"LIJA RED AZUL 9""X11"" #60 PREMIER";ABRASIVOS Y CONSUMIBLES;;
1420;"LIJA TELA FLEXIBLE 4"" #100 1MT";ABRASIVOS Y CONSUMIBLES;;
1421;"LIJA TELA FLEXIBLE 4"" #100 25CM";ABRASIVOS Y CONSUMIBLES;;
1422;"LIJA TELA FLEXIBLE 4"" #100 50CM";ABRASIVOS Y CONSUMIBLES;;
1423;"LIJA TELA FLEXIBLE 4"" #120 1MT";ABRASIVOS Y CONSUMIBLES;;
1424;"LIJA TELA FLEXIBLE 4"" #120 25CM";ABRASIVOS Y CONSUMIBLES;;
1425;"LIJA TELA FLEXIBLE 4"" #120 50CM";ABRASIVOS Y CONSUMIBLES;;
1426;"LIJA TELA FLEXIBLE 4"" #150 1MT";ABRASIVOS Y CONSUMIBLES;;
1427;"LIJA TELA FLEXIBLE 4"" #150 25CM";ABRASIVOS Y CONSUMIBLES;;
1428;"LIJA TELA FLEXIBLE 4"" #150 50CM";ABRASIVOS Y CONSUMIBLES;;
1429;"LIJA TELA FLEXIBLE 4"" #180 1MT";ABRASIVOS Y CONSUMIBLES;;
1430;"LIJA TELA FLEXIBLE 4"" #180 25CM";ABRASIVOS Y CONSUMIBLES;;
1431;"LIJA TELA FLEXIBLE 4"" #180 50CM";ABRASIVOS Y CONSUMIBLES;;
1432;"LIJA TELA FLEXIBLE 4"" #220 1MT";ABRASIVOS Y CONSUMIBLES;;
1433;"LIJA TELA FLEXIBLE 4"" #220 25CM";ABRASIVOS Y CONSUMIBLES;;
1434;"LIJA TELA FLEXIBLE 4"" #220 50CM";ABRASIVOS Y CONSUMIBLES;;
1435;"LIJA TELA FLEXIBLE 4"" #60 1MT";ABRASIVOS Y CONSUMIBLES;;
1436;"LIJA TELA FLEXIBLE 4"" #60 25CM";ABRASIVOS Y CONSUMIBLES;;
1437;"LIJA TELA FLEXIBLE 4"" #60 50CM";ABRASIVOS Y CONSUMIBLES;;
1438;"LIJA TELA FLEXIBLE 4"" #80 1MT";ABRASIVOS Y CONSUMIBLES;;
1439;"LIJA TELA FLEXIBLE 4"" #80 25CM";ABRASIVOS Y CONSUMIBLES;;
1440;"LIJA TELA FLEXIBLE 4"" #80 50CM";ABRASIVOS Y CONSUMIBLES;;
1443;LIJADORA MANUAL ECO;HERRAMIENTA MANUAL;;
1442;LIJADORA MANUAL EN MADERA;GRIFERIA;;
1577;LIJADORA ORBITAL 1/4 HOJA 200 W PROFESIONAL TRUPER;HERRAMIENTA ELECTRICA;;
1444;"LIMA 1/2 CAï¿½A BASTARDA 6"" MANGO TRUPER";HERRAMIENTA MANUAL;;
1445;LIMA PARA JOYERO UNIDAD TRUPER;HERRAMIENTA MANUAL;;
1446;"LIMA PLANA BASTARDA 6"" MANGO TRUPER";HERRAMIENTA MANUAL;;
1447;"LIMA REDONDA BASTARDA 6"" MANGO TRUPER";HERRAMIENTA MANUAL;;
3424;LIMA TRIANGULAR #6 COLIMA;HERRAMIENTA MANUAL;;
1448;"LIMA TRIANGULAR PESADA 6"" MANGO TRUPER";HERRAMIENTA MANUAL;;
1450;LIMPIADOR ELECTRONICO 200ML;LUBRICANTES;;
1449;LIMPIADOR ELECTRONICO  4 0NZ 150ML  CRC;DOTACION INDUSTRIAL;;
1451;LIMPIADOR PVC 1/128 ENAR;PEGANTES;;
1452;LIMPIADOR CPVC 1/128 GERFOR;PEGANTES;;
1453;LIMPIADOR PVC 1/16 ENAR;PEGANTES;;
1454;LIMPIADOR PVC 1/32 ENAR;PEGANTES;;
1455;LIMPIADOR PVC 1/64 ENAR;PEGANTES;;
1456;LIMPIADOR PVC 120 OZ ENAR;PEGANTES;;
1457;LIMPIADOR PVC 56GM 1/64G PAVCO;PEGANTES;;
1459;LINTERNA RECARGABLE  1 LED 100 LUMENES PRETUL;HERRAMIENTA MANUAL;;
3429;LINTERNA RECARGABLE LED 10 LUMENS PRETUL;ELECTRICOS;;
1460;"LLANA DE ESPUMA 9 1/2"" X 4"" LISA PRETUL";HERRAMIENTA MANUAL;;
3417;LLANA DENTADA MANGO MADERA UDUKE;HERRAMIENTA MANUAL;;
1462;LLANA MADERA 24X19CM PINO;HERRAMIENTA MANUAL;;
1463;LLANA MADERA BOCETO PINO;HERRAMIENTA MANUAL;;
1464;LLANA LISA MANGO PLASTICA;HERRAMIENTA MANUAL;;
1465;LLANA PLASTICA GRANDE NARANJA;HERRAMIENTA MANUAL;;
1466;"LLAVE DE TUBO 10"" PRETUL";HERRAMIENTA MANUAL;;
1467;"LLAVE DE TUBO 12"" PRETUL";HERRAMIENTA MANUAL;;
3200;"LLAVE DE TUBO 14"" PRETUL";HERRAMIENTA MANUAL;;
1468;"LLAVE DE TUBO 18"" PRETUL";HERRAMIENTA MANUAL;;
880;LLAVE DESTAPA CUï¿½ETE NARANJA;HERRAMIENTA MANUAL;;
3396;LLAVE EXPANSIVA #6 SEGURITY;HERRAMIENTA MANUAL;;
1470;"LLAVE EXPANSIVA CROMADA 10"" PRETUL";HERRAMIENTA MANUAL;;
1471;"LLAVE EXPANSIVA CROMADA 12"" PRETUL";HERRAMIENTA MANUAL;;
1472;"LLAVE EXPANSIVA CROMADA 6"" PRETUL";HERRAMIENTA MANUAL;;
1473;"LLAVE EXPANSIVA CROMADA 8"" PRETUL";HERRAMIENTA MANUAL;;
3385;LLAVE FLEXIBLE MESON METALICA UNIFER;GRIFERIA;;
3386;LLAVE FLEXIBLE PARED METALICA UNIFER;GRIFERIA;;
1474;LLAVE JARDIN CROM 1/2 GRIVAL;GRIFERIA;;
1475;LLAVE JARDIN EN CAJA LIVIANA PORRAS;GRIFERIA;;
1476;LLAVE JARDIN EN CAJA PESDADA;GRIFERIA;;
1477;LLAVE JARDIN PVC INCERTO METALICO PCP;GRIFERIA;;
1478;LLAVE JARDIN PVC BLANCA RIOPLAST;GRIFERIA;;
1479;"LLAVE JARDIN TERMINAL ABS 1/2"" PRETUL";GRIFERIA;;
1480;LLAVE LAVADERO MANIJA TIPO PALANCA BOCHERINI;GRIFERIA;;
1481;LLAVE LAVAMANOS ABS MANIJA PALANCA BOCHERINI;GRIFERIA;;
1482;LLAVE LAVAMANOS BRIZA + ACOPLE GRIVAL;GRIFERIA;;
1483;LLAVE LAVAMANOS CROMADA RIOPLAST;GRIFERIA;;
1484;LLAVE LAVAMANOS CROMADA UNIFER;GRIFERIA;;
3531;LLAVE LAVAMANOS MEZCLADOR BRIZA GRIVAL;GRIFERIA;;
1485;LLAVE LAVAPLATOS ABS MANIJA CRUCETA BOCHERINI;GRIFERIA;;
1486;LLAVE LAVAPLATOS CROMADA PALANCA BOCHERINI;GRIFERIA;;
1487;LLAVE LAVAPLATOS MEZCLADOR DALIA + CANASTILLA GRIVAL;GRIFERIA;;
1488;LLAVE LAVAPLATOS MEZCLADOR DALIA SIN CANASTILLA GRIVAL;GRIFERIA;;
3530;LLAVE LAVAPLATOS MEZCLADOR NOGAL GRIVAL;GRIFERIA;;
1489;LLAVE LAVAPLATOS MOVIL PARED BOCHERINI;GRIFERIA;;
1490;LLAVE LAVAPLATOS SENCILLA ANTIUS GERFOR;GRIFERIA;;
1491;LLAVE LAVAPLATOS SENCILLA NOGAL GRIVAL;GRIFERIA;;
1492;LLAVE LAVAPLATOS SENCILLA PARED BLANCA BOCCHERINI;GRIFERIA;;
1493;LLAVE LAVAPLATOS MESON ABS BLANCA CRUCETA BOCHERINI;GRIFERIA;;
1494;LLAVE LAVAPLATOS MESON ABS CROMADA CRUCETA BOCHERINI;GRIFERIA;;
1495;LLAVE LAVAPLATOS MESON ABS MANIJA PALANCA BOCHERINI;GRIFERIA;;
1496;"LLAVE MIXTA 1/2"" X144MM PRETUL";HERRAMIENTA MANUAL;;
1497;"LLAVE MIXTA 1/4"" X130MM PRETUL";HERRAMIENTA MANUAL;;
1498;LLAVE MIXTA 10 MMX130MM PRETUL;HERRAMIENTA MANUAL;;
1500;LLAVE MIXTA 11 MMX130MM PRETUL;HERRAMIENTA MANUAL;;
1499;"LLAVE MIXTA 11/16"" X165MM PRETUL";HERRAMIENTA MANUAL;;
1501;LLAVE MIXTA 12 MMX130MM PRETUL;HERRAMIENTA MANUAL;;
1503;LLAVE MIXTA 14 MMX145MM PRETUL;HERRAMIENTA MANUAL;;
1504;LLAVE MIXTA 15 MMX175MM PRETUL;HERRAMIENTA MANUAL;;
1505;LLAVE MIXTA 16 MMX175MM PRETUL;HERRAMIENTA MANUAL;;
1506;LLAVE MIXTA 17 MMX175MM PRETUL;HERRAMIENTA MANUAL;;
1507;LLAVE MIXTA 18 MMX215MM PRETUL;HERRAMIENTA MANUAL;;
1508;LLAVE MIXTA 19 MMX215MM PRETUL;HERRAMIENTA MANUAL;;
1509;"LLAVE MIXTA 3/4"" X165MM PRETUL";HERRAMIENTA MANUAL;;
1510;"LLAVE MIXTA 3/8"" X130MM PRETUL";HERRAMIENTA MANUAL;;
1511;"LLAVE MIXTA 5/16"" X165MM PRETUL";HERRAMIENTA MANUAL;;
1512;"LLAVE MIXTA 5/8"" X165MM PRETUL";HERRAMIENTA MANUAL;;
1513;LLAVE MIXTA 6 MMX130MM PRETUL;HERRAMIENTA MANUAL;;
1516;LLAVE MIXTA 7 MMX130MM PRETUL;HERRAMIENTA MANUAL;;
1514;"LLAVE MIXTA 7/16"" X130MM PRETUL";HERRAMIENTA MANUAL;;
1515;"LLAVE MIXTA 7/8"" X165MM PRETUL";HERRAMIENTA MANUAL;;
1517;LLAVE MIXTA 8 MMX130MM PRETUL;HERRAMIENTA MANUAL;;
1519;LLAVE MIXTA 9 MMX130MM PRETUL;HERRAMIENTA MANUAL;;
1518;"LLAVE MIXTA 9/16"" X165MM PRETUL";HERRAMIENTA MANUAL;;
1520;"LLAVE PARA MANDRIL DE 1/2"" PRETUL";HERRAMIENTA MANUAL;;
3333;LLAVE PARA MANDRIL DE 3/8 PRETUL;HERRAMIENTA MANUAL;;
3337;LLAVE PARA PLOMERO TRUPER;HERRAMIENTA MANUAL;;
1521;LLAVE JARDIN DE BOLA 1/2 BRONCE GRINACA;GRIFERIA;;
1522;LLAVE TERMINAL ANTIFRAUDE GRIVAL;GRIFERIA;;
1523;LLAVERO ALPINISTA;CERRAJERIA Y SEGURIDAD;;
3441;LLAVERO CADENA;CERRAJERIA Y SEGURIDAD;;
3342;LLAVERO CUCHIFLI RESORTE COLORES;CERRAJERIA Y SEGURIDAD;;
1524;LLAVERO DESTORNILLADOR Y DESTAPADOR;CERRAJERIA Y SEGURIDAD;;
3665;LLAVERO FIGURITAS COLORES;CERRAJERIA Y SEGURIDAD;;
3425;LLAVERO MARCADOR PARA LLAVES;HERRAMIENTA MANUAL;;
3208;LLAVERO MULTIHERRAMIENTA 4 FUNCIONES;HERRAMIENTA MANUAL;;
3666;LLAVERO SUPER HEROES;CERRAJERIA Y SEGURIDAD;;
1525;LLAVERO TIPO HERRAMIENTA;CERRAJERIA Y SEGURIDAD;;
1526;LLAVERO TIPO LINTERNA LED PILA LR41;CERRAJERIA Y SEGURIDAD;;
1527;LLAVERO TIPO LLAVE EXPANSIVA;CERRAJERIA Y SEGURIDAD;;
1528;LLAVERO TIPO MOSQUETON;CERRAJERIA Y SEGURIDAD;;
3288;LONAS;CONSTRUCCION;;
1529;LUBRICANTE 6 OZ CRC 180CC;LUBRICANTES;;
1530;LUBRICANTE AFLOJATODO 110 ML TRUPER;LUBRICANTES;;
1531;LUBRICANTE AFLOJATODO 235 ML TRUPER;LUBRICANTES;;
1532;MACETA OCTOGONAL 4 LB TRUPER;HERRAMIENTA MANUAL;;
1533;MACETA OCTOGONAL 2 LB TRUPER;HERRAMIENTA MANUAL;;
1534;MACETA TIPO NEVADA 2 LB PRETUL;HERRAMIENTA MANUAL;;
1535;MACETA TIPO NEVADA 4 LB PRETUL;HERRAMIENTA MANUAL;;
1537;MACHO HEMBRA 3/8 X 1/2 BRONCE;PARTES Y REPUESTOS;;
1538;MACHOS SEMICONICOS 1/4 TRUPER;HERRAMIENTA MANUAL;;
1539;MACHOS SEMICONICOS 1/8 TRUPER;HERRAMIENTA MANUAL;;
1540;MACHOS SEMICONICOS 3/16 TRUPER;HERRAMIENTA MANUAL;;
1541;MACHOS SEMICONICOS 3/8 TRUPER;HERRAMIENTA MANUAL;;
1542;MACHOS SEMICONICOS 5/16 TRUPER;HERRAMIENTA MANUAL;;
1543;MACHOS SEMICONICOS 5/32 TRUPER;HERRAMIENTA MANUAL;;
3334;MACHOS SEMICONICOS 7/16 TRUPER;HERRAMIENTA MANUAL;;
1544;MALLA CON VENA 180X60CM;PERFILES Y WINES;;
1545;MALLA GALLINERO 90CM METALICA 1MT AGROTEK;CONSTRUCCION;;
1546;MALLA GALLINERO 1.80 PLASTICA 1MT AGROTEK;CONSTRUCCION;;
1547;MALLA ZARANDA 90CM 4X4 (R30MT) 1M AGROTEK;CONSTRUCCION;;
1548;MANDRIL 1/2 CON LLAVE 1/2 -2;HERRAMIENTA MANUAL;;
1549;"MANDRIL PARA SIERRA COPA 1/4""";HERRAMIENTA MANUAL;;
1550;"MANDRIL PARA SIERRA COPA 3/8""";HERRAMIENTA MANUAL;;
1551;MANGO ARTICULADO 13 MM PARA COPA;HERRAMIENTA MANUAL;;
1552;"MANGO BERBIQUI 18"" PARA COPAS MANDO 1/2""";HERRAMIENTA MANUAL;;
1554;MANGUERA AZUL PARA GAS PROPANO 1MT;GRIFERIA;;
1555;"MANGUERA CAUCHO LONA 1""";GRIFERIA;;
1556;"MANGUERA CAUCHO LONA 1/2""";GRIFERIA;;
1557;"MANGUERA CAUCHO LONA 1/4""";GRIFERIA;;
1558;"MANGUERA CAUCHO LONA 3/4""";GRIFERIA;;
1559;"MANGUERA CAUCHO LONA 3/8""";GRIFERIA;;
1560;"MANGUERA CAUCHO LONA 5/16""";GRIFERIA;;
1561;"MANGUERA CAUCHO LONA 5/8""";GRIFERIA;;
1564;MANGUERA DE GAS 1 MT;GRIFERIA;;
1565;MANGUERA DE GAS 1.5 MT;TUBERIAS Y ACCESORIOS;;
1566;MANGUERA DE GAS 2 MT;TUBERIAS Y ACCESORIOS;;
1567;MANGUERA DE GAS 3 MT;TUBERIAS Y ACCESORIOS;;
1568;"MANGUERA DE NIVEL 1/2"" 1MT";GRIFERIA;;
1569;"MANGUERA DE NIVEL 1/4"" 1MT";GRIFERIA;;
1570;"MANGUERA DE NIVEL 3/8"" 1MT";GRIFERIA;;
1571;"MANGUERA DE NIVEL 5/16"" 1MT";GRIFERIA;;
1572;MANGUERA FLEXIBLE CROMADA 1.5MT BOCCHERINI;GRIFERIA;;
3214;MANGUERA DE GAS FLEXOMETALICA 1 MT;TUBERIAS Y ACCESORIOS;;
1576;MANGUERA DE GAS 1MT FOSET;GRIFERIA;;
1579;MANGUERA LAVADORA DESAGUE 1.7MT;TUBERIAS Y ACCESORIOS;;
1580;MANGUERA LAVADORA DESAGUE 2.5MT;TUBERIAS Y ACCESORIOS;;
1581;MANGUERA LAVADORA ENTADA TER PLASTICA 2.40MT;TUBERIAS Y ACCESORIOS;;
1584;MANGUERA LAVADORA ENTRADA TER PLï¿½STICA 1.5M;TUBERIAS Y ACCESORIOS;;
1585;MANGUERA LAVADORA FLEX AZUL 1MT;GRIFERIA;;
1586;"MANGUERA PARA AIRE REFORZADA 1/2"" 1MT";GRIFERIA;;
1587;MANGUERA DE SALIDA 11/4 PARA LAVADORA X 1 MT;TUBERIAS Y ACCESORIOS;;
1589;MANGUERA SWAN 1MT;TUBERIAS Y ACCESORIOS;;
1588;MANGUERA SWAN ROLLO 100MT;TUBERIAS Y ACCESORIOS;;
1553;"MANGUERA TIPO RESORTE 1/4"" TRUPER";HERRAMIENTA MANUAL;;
1590;MANIJA CISTERNA BLANCA RIOPLAST;GRIFERIA;;
1591;MANIJA CISTERNA CRISTAL RIOPLAST;GRIFERIA;;
1592;MANIJA CISTERNA CROMO RIOPLAST;GRIFERIA;;
1600;MANIJA CISTERNA PUSH PLASTGRIFOS;HERRAJES Y SOPORTES;;
1593;MANIJA CISTERNA CROMADA GRIVAL;GRIFERIA;;
1594;MANIJA DECO PUNTO N 1;HERRAJES Y SOPORTES;;
1595;MANIJA DECO ARCO N 1;HERRAJES Y SOPORTES;;
1596;MANIJA DECO ARCO N2;HERRAJES Y SOPORTES;;
1597;MANIJA DECO PUNTO N 2;HERRAJES Y SOPORTES;;
1598;MANIJA OLLA EXPRESS;HOGAR Y COCINA;;
1599;MANIJA PUSH UNIVERSALFRONTAL O LATERAL PLASTGRIFOS;GRIFERIA;;
1601;MANIJA PARA TAPA DE OLLA EXPRESS;HOGAR Y COCINA;;
1602;BOTON METALICO BICELADO PEQUEï¿½O;HERRAJES Y SOPORTES;;
1603;MANIJA PARA VENTANA ALUMINIO PAR;HERRAJES Y SOPORTES;;
1604;MANIJA PARA VENTANA BRAZO ROJO PAR;CERRAJERIA Y SEGURIDAD;;
1605;MANITOS ESPEJO;HERRAJES Y SOPORTES;;
3213;MARCADOR SHARPIE;HERRAMIENTA MANUAL;;
1606;"MARCO DE SEGUETA CALADORA  6"" PRETUL";HERRAMIENTA MANUAL;;
1608;"MARCO DE SEGUETA 12"" PRETUL";HERRAMIENTA MANUAL;;
1607;MARCO DE SEGUETA CROMADO ECO;HERRAMIENTA MANUAL;;
1609;MARIPOSA LLAVE 1/2 - 1/2 CUADRANTE;GRIFERIA;;
1610;MARIPOSA LLAVE 1/2 CUADRANTE G;GRIFERIA;;
1611;MARIPOSA LLAVE 1/2 CUADRANTE P;GRIFERIA;;
1612;MARIPOSA LLAVE 1/2 ESTRIADA;GRIFERIA;;
1613;MARIPOSA LLAVE 1/2 UNIVERSAL;GRIFERIA;;
1614;MARRANITO ANTENA;ELECTRICOS;;
1615;MARTILLO CABEZA CONICA FIBRA VIDRIO 27 MM;HERRAMIENTA MANUAL;;
1616;MARTILLO CABEZA CONICA MADERA 18 MM;HERRAMIENTA MANUAL;;
1618;MARTILLO CABEZA CONICA MADERA 27 MM;HERRAMIENTA MANUAL;;
1619;MARTILLO MINI 10 OZ MANGO PRETUL;HERRAMIENTA MANUAL;;
1620;MARTILLO PARA TERMINADOS 11 OZ;HERRAMIENTA MANUAL;;
1626;MASILLA EXPERTO BLANCO 1 GALON SUPER;PINTURAS Y DISOLVENTES;;
1622;MASILLA EXPERTO BLANCO 1/2 G SUPER;PINTURAS Y DISOLVENTES;;
1623;MASILLA EXPERTO BLANCO 1/32 G SUPER;PINTURAS Y DISOLVENTES;;
1624;MASILLA EXPERTO BLANCO 1/4 G SUPER;PINTURAS Y DISOLVENTES;;
1625;MASILLA EXPERTO BLANCO 1/8 G SUPER;PINTURAS Y DISOLVENTES;;
1627;MASILLA RALLY DUREPOXY GRANDE;PEGANTES;;
1628;MASILLA RALLY ORIGINAL GRANDE;PEGANTES;;
1629;MASILLA RALLY DUREPOXY PEQUEï¿½A;PEGANTES;;
3693;MASILLA PREMIUM 1/16 GL;PINTURAS Y DISOLVENTES;;
3694;MASILLA PREMIUM 1/8 GL;PINTURAS Y DISOLVENTES;;
1635;MASILLA ROJO URETAN 1 GALON SUPER;PINTURAS Y DISOLVENTES;;
1631;MASILLA ROJO URETAN 1/2 G SUPER;PINTURAS Y DISOLVENTES;;
1632;MASILLA ROJO URETAN 1/32 G SUPER;PINTURAS Y DISOLVENTES;;
1633;MASILLA ROJO URETAN 1/4 G SUPER;PINTURAS Y DISOLVENTES;;
1634;MASILLA ROJO URETAN 1/8 G S;PINTURAS Y DISOLVENTES;;
1578;MAZO MARTILLO DE GOMA 16 OZ PRETUL;HERRAMIENTA MANUAL;;
1636;MAZO MARTILLO DE GOMA 24 OZ PRETUL;HERRAMIENTA MANUAL;;
1637;MAZO MARTILLO DE GOMA 8 OZ PRETUL;HERRAMIENTA MANUAL;;
3189;METALZINC 1/32 PARA TEJA;CONSTRUCCION;;
1638;"LLAVE MEZCLADOR 8"" EN ABS MANIJA TIPO CRUCETA BOCHERINI";GRIFERIA;;
1639;"LLAVE MEZCLADOR 8"" EN ABS MANIJA TIPO PALANCA BOCHERINI";GRIFERIA;;
1640;REGISTRO MEZCLADOR DUCHA SIN REGADERA BRIZA GRIVAL;GRIFERIA;;
1641;MINERAL EN CAJA AMARILLO 500G;CONSTRUCCION;;
1642;MINERAL EN CAJA AZUL 500G;CONSTRUCCION;;
1643;MINERAL EN CAJA NEGRO 500G;CONSTRUCCION;;
1644;MINERAL EN CAJA ROJO 500G;CONSTRUCCION;;
1645;MINERAL EN CAJA VERDE 500G;CONSTRUCCION;;
1646;BOMBA PARA INFLAR BICICLETA MINI 85PSI TRUPER;HERRAMIENTA MANUAL;;
1647;"BOMBA PARA INFLAR BALONES MINI 2"" PRETUL";HERRAMIENTA MANUAL;;
3216;BOMBA PARA INFLAR MINI BICICLETA 60PSI;HERRAMIENTA MANUAL;;
1648;"MARCO DE SEGUETA PLASTICO MINI 12"" PRETUL";HERRAMIENTA MANUAL;;
1649;MIXTO (PIEDRA + ARENA DE RIO) 1 LONA;CONSTRUCCION;;
3533;MIXTO (PIEDRA + ARENA DE RIO) 1 METRO;CONSTRUCCION;;
3360;MIXTO (PIEDRA + ARENA DE RIO) 1/2 MT;CONSTRUCCION;;
3384;MONOGAFAS DE SEGURIDAD AJUSTABLE NEGRA TRUPER;DOTACION INDUSTRIAL;;
1650;MONOGAFAS TRANSPARENTE;DOTACION INDUSTRIAL;;
3691;MORTERO X 40 K ARGOS;CONSTRUCCION;;
3418;MORTERO X 5 K ARGOS;CONSTRUCCION;;
3452;MOSQUETON DE ACERO CON GANCHO SEG 1/2;CERRAJERIA Y SEGURIDAD;;
3449;MOSQUETON DE ACERO CON GANCHO SEG 3/16;CERRAJERIA Y SEGURIDAD;;
3451;MOSQUETON DE ACERO CON GANCHO SEG 3/8;CERRAJERIA Y SEGURIDAD;;
3450;MOSQUETON DE ACERO CON GANCHO SEG 5/16;CERRAJERIA Y SEGURIDAD;;
3446;MOSQUETON DE ACERO TUERCA DE SEGURIDAD 1/4;CERRAJERIA Y SEGURIDAD;;
3445;MOSQUETON DE ACERO TUERCA DE SEGURIDAD 1/8;CERRAJERIA Y SEGURIDAD;;
3448;MOSQUETON DE ACERO TUERCA DE SEGURIDAD 3/8;CERRAJERIA Y SEGURIDAD;;
3447;MOSQUETON DE ACERO TUERCA DE SEGURIDAD 5/16;CERRAJERIA Y SEGURIDAD;;
1651;"MOSQUETON DE ZINC 2""";CERRAJERIA Y SEGURIDAD;;
1652;"MOSQUETON DE ZINC 21/2""";CERRAJERIA Y SEGURIDAD;;
1653;"MOSQUETON DE ZINC 31/2""";CERRAJERIA Y SEGURIDAD;;
1655;MOTOR ESCOLAR GRANDE;ELECTRICOS;;
1656;MOTOR ESCOLAR PEQUEï¿½O;ELECTRICOS;;
1657;MOTOR TOOL Y KIT DE 97 ACCESORIOS TRUPER;HERRAMIENTA MANUAL;;
1658;MULTIEXTENSION 3 MT;ELECTRICOS;;
1659;MULTIEXTENSION 5 MT;ELECTRICOS;;
1660;MULTITESTER DIGITAL ESCOLAR TRUPER;ELECTRICOS;;
1661;MULTITESTER DIGITAL PRORESIONAL AUTOMOTRIZ TRUPER;ELECTRICOS;;
1662;MULTITESTER DIGITAL TRUPER;ELECTRICOS;;
1663;MULTITOMA 3 SALIDAS;ELECTRICOS;;
1664;MULTITOMA ECONOMICA 6S;ELECTRICOS;;
1665;MULTITOMA FINA 6S OSBLACK;ELECTRICOS;;
1666;MULTITOMA X6 PARED;ELECTRICOS;;
1667;NIPLE PVC 1/2 ROSACADO;TUBERIAS Y ACCESORIOS;;
1668;"NIPLE PVC 5 - 10 CM  1""";TUBERIAS Y ACCESORIOS;;
1669;NIPLE PVC 5 - 10 CM  1/2;TUBERIAS Y ACCESORIOS;;
1670;"NIPLE PVC 5 - 10 CM  11/2""";TUBERIAS Y ACCESORIOS;;
1671;"NIPLE PVC 5 - 10 CM 11/4""";TUBERIAS Y ACCESORIOS;;
1672;"NIPLE PVC 5 - 10 CM 2""";TUBERIAS Y ACCESORIOS;;
1673;"NIPLE PVC 5 - 10 CM 3/4""";TUBERIAS Y ACCESORIOS;;
1674;NIPLE DUCHA ABS BLANCO BOCHERINI;GRIFERIA;;
1675;NIPLE DUCHA ALUMINIO CON TEFLON;GRIFERIA;;
1676;"NIPLE GALVANIZADO KAUDAL 1/2 X1""";TUBERIAS Y ACCESORIOS;;
1677;"NIPLE GALVANIZADO KAUDAL 1/2 X10""";TUBERIAS Y ACCESORIOS;;
1678;"NIPLE GALVANIZADO KAUDAL 1/2 X11/2""";TUBERIAS Y ACCESORIOS;;
1679;NIPLE DUCHA GALVANIZADO KAUDAL 1/2 X12;TUBERIAS Y ACCESORIOS;;
1680;"NIPLE GALVANIZADO KAUDAL 1/2 X2""";TUBERIAS Y ACCESORIOS;;
1682;"NIPLE GALVANIZADO KAUDAL 1/2 X31/2""";TUBERIAS Y ACCESORIOS;;
1683;"NIPLE GALVANIZADO KAUDAL 1/2 X4""";TUBERIAS Y ACCESORIOS;;
1684;"NIPLE GALVANIZADO KAUDAL 1/2 X5""";TUBERIAS Y ACCESORIOS;;
1685;"NIPLE GALVANIZADO KAUDAL 1/2 X6""";TUBERIAS Y ACCESORIOS;;
1686;"NIPLE GALVANIZADO KAUDAL 1/2 X7""";TUBERIAS Y ACCESORIOS;;
1687;"NIPLE GALVANIZADO KAUDAL 1/2 X8""";TUBERIAS Y ACCESORIOS;;
1688;NIPLE GALVANIZADO KAUDAL 1/2 X9;TUBERIAS Y ACCESORIOS;;
1689;"NIPLE GALVANIZADO KAUDAL 1/2X 2""";TUBERIAS Y ACCESORIOS;;
3299;"NIPLE GALVANIZADO KAUDAL 3/4X2""";GRIFERIA;;
3298;"NIPLE GALVANIZADO KAUDAL 3/4X3""";GRIFERIA;;
3302;"NIPLE GALVANIZADO KAUDAL 3/8X1""";GRIFERIA;;
3301;"NIPLE GALVANIZADO KAUDAL 3/8X2""";GRIFERIA;;
3300;"NIPLE GALVANIZADO KAUDAL 3/8X3""";GRIFERIA;;
3338;NIPLE MACHO - MACHO 1/4 ACERO PRETUL;HERRAMIENTA MANUAL;;
1690;NIPLE MACHO - MACHO LATON 1/4 PRETUL;TUBERIAS Y ACCESORIOS;;
1691;NIPLE DUCHA PLASTICO CON UNIVERSAL KONTIKI;GRIFERIA;;
1692;"NIVEL 12"" PRETUL";HERRAMIENTA MANUAL;;
1693;"NIVEL 14"" PRETUL";HERRAMIENTA MANUAL;;
1694;"NIVEL 18"" PRETUL";HERRAMIENTA MANUAL;;
1695;"NIVEL 24"" PRETUL";HERRAMIENTA MANUAL;;
1697;NIVEL TORPEDO MAGNETICO ABS;HERRAMIENTA MANUAL;;
1696;NIVEL TORPEDO PRETUL;HERRAMIENTA MANUAL;;
1698;NO MAS CLAVOS 113 G PATTEX;PEGANTES;;
1699;NO MAS CLAVOS 353 G PATTEX;PEGANTES;;
1700;NYLON PESCADOR 40 LBS;SOGAS Y CADENAS;;
1701;NYLON PESCADOR 50 LBS;SOGAS Y CADENAS;;
1702;NYLON PESCADOR 60 LBS;SOGAS Y CADENAS;;
1703;NYLON PESCADOR 70 LBS;SOGAS Y CADENAS;;
1704;NYLON PESCADOR 80 LBS;SOGAS Y CADENAS;;
1705;NYLON PESCADOR 90 LBS;SOGAS Y CADENAS;;
3426;OJO MAGICO PUERTA;CERRAJERIA Y SEGURIDAD;;
1706;OMEGAS;PERFILES Y WINES;;
1707;ORRING 012;PARTES Y REPUESTOS;;
1712;ORRING 010;PARTES Y REPUESTOS;;
1713;ORRING 011;PARTES Y REPUESTOS;;
1714;ORRING 110;PARTES Y REPUESTOS;;
1715;ORRING 111;PARTES Y REPUESTOS;;
1716;ORRING 112;PARTES Y REPUESTOS;;
1717;ORRING 113;PARTES Y REPUESTOS;;
1718;ORRING 114;PARTES Y REPUESTOS;;
1719;ORRING 114;PARTES Y REPUESTOS;;
1720;ORRING 115;PARTES Y REPUESTOS;;
1721;ORRING 116;PARTES Y REPUESTOS;;
1722;ORRING 210;PARTES Y REPUESTOS;;
1723;ORRING 211;PARTES Y REPUESTOS;;
1724;ORRING 212;PARTES Y REPUESTOS;;
1725;ORRING 213;PARTES Y REPUESTOS;;
1726;ORRING 214;PARTES Y REPUESTOS;;
1727;ORRING 215;PARTES Y REPUESTOS;;
1728;ORRING 216;PARTES Y REPUESTOS;;
1729;ORRING 217;PARTES Y REPUESTOS;;
1730;ORRING 218;PARTES Y REPUESTOS;;
1731;ORRING 219;PARTES Y REPUESTOS;;
1732;ORRING 220;PARTES Y REPUESTOS;;
1733;ORRING 221;PARTES Y REPUESTOS;;
1734;ORRING 222;PARTES Y REPUESTOS;;
1735;ORRING 325;PARTES Y REPUESTOS;;
1736;ORRING 326;PARTES Y REPUESTOS;;
1737;ORRING 327;PARTES Y REPUESTOS;;
1738;OVILLO HILO TODOTERRENO 3-1 3000M;SOGAS Y CADENAS;;
3529;PALA JARDINERA CUADRADA TRUPER;HERRAMIENTA MANUAL;;
1741;PALA CABEZA CUADRADA N2 TRUPER;HERRAMIENTA MANUAL;;
1742;PALA CABEZA REDONDA N2 TRUPER;HERRAMIENTA MANUAL;;
3528;PALA JARDINERA REDONDA TRUPER;HERRAMIENTA MANUAL;;
1743;PALADRAGA ATLAS MANGO MADERA 45 TRUPER;HERRAMIENTA MANUAL;;
1744;PALIN HOYADOR TRUPER;HERRAMIENTA MANUAL;;
1745;PALUSTRE MANGO PLASTICO NO 6 UDUKE;HERRAMIENTA MANUAL;;
1746;PALUSTRE MANGO PLASTICO NO 7 UDUKE;HERRAMIENTA MANUAL;;
1747;PALUSTRE MANGO PLASTICO NO 8 UDUKE;HERRAMIENTA MANUAL;;
1748;PALUSTRE MANGO PLASTICO NO 9 UDUKE;HERRAMIENTA MANUAL;;
1749;PANEL LED 12W REDONDO INCRUSTAR;ELECTRICOS;;
1750;PANEL LED 12W REDONDO SOBREPONER MERCURY;ELECTRICOS;;
1751;PANEL LED 18W REDONDO INCRUSTAR;ELECTRICOS;;
1752;PANEL LED 18W REDONDO SOBREPONER MERCURY;ELECTRICOS;;
1753;PANEL LED 6W REDONDO INCRUSTAR MERCURY;ELECTRICOS;;
1754;PANEL LED 6W REDONDO SOBREPONER MERCURY;ELECTRICOS;;
1755;PANEL LED 9W REDONDO INCRUSTAR;ELECTRICOS;;
1757;PARAL BASE 6;PERFILES Y WINES;;
3413;"PASADOR ALEMAN  2""";CERRAJERIA Y SEGURIDAD;;
3268;PASADOR ALEMAN 11/2;CERRAJERIA Y SEGURIDAD;;
3569;PASADOR INDUMA LATONADO BLISTER 11/2 UN;TORNILLERIA;;
1758;PASADOR PORTACANDADO 41/2 VERA;CERRAJERIA Y SEGURIDAD;;
1759;PASADOR PORTACANDADO 5/8 GRANDE;CERRAJERIA Y SEGURIDAD;;
1760;"PASADOR PORTACANDADO 1/2"" MEDIANO";CERRAJERIA Y SEGURIDAD;;
1761;PASADOR PORTACANDADO PEQUEï¿½O 3/8;CERRAJERIA Y SEGURIDAD;;
1762;PASTA PARA VIDRIO LIBRA;GRIFERIA;;
3279;PASTILLA DE CLOROX;HOGAR Y COCINA;;
3611;PASTILLAS PATO LA ROKA;HOGAR Y COCINA;;
1763;PEGA GAS PORRAS;PEGANTES;;
1764;PEGACOR BLANCO X10K MAXIPEGA;CONSTRUCCION;;
1766;PEGACOR GRIS X25K MAXIPEGA;CONSTRUCCION;;
1767;PEGACOR GRIS X2K MAXIPEGA;CONSTRUCCION;;
1768;PEGACOR GRIS X5K MAXIPEGA;CONSTRUCCION;;
1769;PEGACOR PORCELANATO GRIS X25K MAXIPEGA;CONSTRUCCION;;
1770;PEGANTE BOXER UNIVERSAL 1/2 BOTELLA GYD;PEGANTES;;
1771;PEGANTE BOXER UNIVERSAL 120 CM GYD;PEGANTES;;
1772;PEGANTE BOXER UNIVERSAL 60 CM GYD;PEGANTES;;
1774;PEGANTE INSTANTANEO PEGADITH;PEGANTES;;
1775;PERA SANITARIO;GRIFERIA;;
1776;PERA TANQUE DE RESERVA PLAST GRIFOS;GRIFERIA;;
1777;PERILLA INDUSTRIAL ESTUFA;PARTES Y REPUESTOS;;
1778;PERILLA PLASTICA ESTUFA;PARTES Y REPUESTOS;;
489;PAPEL PERIODICO X 4 VUELTAS APROX 5MT;SOGAS Y CADENAS;;
700;PAPEL PERIODICO X 1 VUELTA APROX METRO;SOGAS Y CADENAS;;
3393;PERRO 1/2;TORNILLERIA;;
3390;PERRO 1/4;TORNILLERIA;;
3389;PERRO 3/16;TORNILLERIA;;
3392;PERRO 3/8;TORNILLERIA;;
3391;PERRO 5/16;TORNILLERIA;;
3388;PERRO 5/32;TORNILLERIA;;
3383;PERRO 7/16;TORNILLERIA;;
1779;PIE DE AMIGO PAR 10X12;HOGAR Y COCINA;;
1780;PIE DE AMIGO PAR 12X14;HOGAR Y COCINA;;
1781;PIE DE AMIGO PAR 4X5;HOGAR Y COCINA;;
1782;PIE DE AMIGO PAR 5X6;HOGAR Y COCINA;;
1783;PIE DE AMIGO PAR 6X8;HOGAR Y COCINA;;
1784;PIE DE AMIGO PAR 8X10;HOGAR Y COCINA;;
1785;PIE DE AMIGO REFORZADO 10X12 UNIDAD VERA;HOGAR Y COCINA;;
1786;PIE DE AMIGO REFORZADO 3X4 UNIDAD VERA;HOGAR Y COCINA;;
1787;PIE DE AMIGO REFORZADO 4X6 UNIDAD VERA;HOGAR Y COCINA;;
1788;PIE DE AMIGO REFORZADO 6X8 UNIDAD VERA;HOGAR Y COCINA;;
1789;PIE DE AMIGO REFORZADO 8X10 UNIDAD VERA;HOGAR Y COCINA;;
1792;"PIEDRA PARA AFILAR 1"" TRUPER";ABRASIVOS Y CONSUMIBLES;;
1793;PILA 9V ALKALINA ENERGIZER;ELECTRICOS;;
1795;PILA AA UNIDAD TRONEX;ELECTRICOS;;
1796;PILA AAA UNIDAD TRONEX;ELECTRICOS;;
1797;PILA CR 1220 ALKALINA GP UNIDAD;ELECTRICOS;;
1798;PILA CR 2016  ENERGIZER UNIDAD;ELECTRICOS;;
1799;PILA CR 2016 LITHIUM GP UNIDAD;ELECTRICOS;;
1800;PILA CR 2025 ENERGIZER UNIDAD;ELECTRICOS;;
1801;PILA CR 2032 ENERGIZER UNIDAD;ELECTRICOS;;
1802;PILA CR 2032 LITHIUM GP UNIDAD;ELECTRICOS;;
1803;PILA LR 1130 GP UNIDAD;ELECTRICOS;;
1804;PILA LR 44 GP UNIDAD;ELECTRICOS;;
3282;PILA ROJA TIPO C BLISTER PAR TRONEX;ELECTRICOS;;
1805;PILA TIPO C UNIDAD PANASONIC;ELECTRICOS;;
1807;PILA TIPO D UNIDAD EVEREADY;ELECTRICOS;;
1808;PILAS AA PAR ALKALINA ENERGIZER;ELECTRICOS;;
1809;PILAS AA PAR CARBON VARTA / EVEREADY;ELECTRICOS;;
1810;PILAS AA PAR EVEREADY;ELECTRICOS;;
1811;PILAS AA PAR RECARGABLES ENERGIZER;ELECTRICOS;;
3347;PILAS AAA PAR ALKALINA ENERGIZER;ELECTRICOS;;
1812;PILAS AAA PAR ALKALINA VARTA;ELECTRICOS;;
1813;PILAS AAA PAR CARBON VARTA / EVEREADY;ELECTRICOS;;
1814;PILAS AAA PAR EVEREADY;ELECTRICOS;;
1806;PILAS TIPO D ENERGIZER PAR MAX;ELECTRICOS;;
3664;PIN DE PASO PARA CARRO;HERRAJES Y SOPORTES;;
3474;PINCEL N 1 REDONDO;PINTURAS Y DISOLVENTES;;
3471;PINCEL N 10 PLANO;PINTURAS Y DISOLVENTES;;
3483;PINCEL N 10 REDONDO;PINTURAS Y DISOLVENTES;;
3472;PINCEL N 11 PLANO;PINTURAS Y DISOLVENTES;;
3484;PINCEL N 11 REDONDO;PINTURAS Y DISOLVENTES;;
3473;PINCEL N 12 PLANO;PINTURAS Y DISOLVENTES;;
3485;PINCEL N 12 REDONDO;PINTURAS Y DISOLVENTES;;
3475;PINCEL N 2 REDONDO;PINTURAS Y DISOLVENTES;;
3464;PINCEL N 3 PLANO;PINTURAS Y DISOLVENTES;;
3476;PINCEL N 3 REDONDO;PINTURAS Y DISOLVENTES;;
3465;PINCEL N 4 PLANO;PINTURAS Y DISOLVENTES;;
3477;PINCEL N 4 REDONDO;PINTURAS Y DISOLVENTES;;
3466;PINCEL N 5 PLANO;PINTURAS Y DISOLVENTES;;
3478;PINCEL N 5 REDONDO;PINTURAS Y DISOLVENTES;;
3467;PINCEL N 6 PLANO;PINTURAS Y DISOLVENTES;;
3479;PINCEL N 6 REDONDO;PINTURAS Y DISOLVENTES;;
3468;PINCEL N 7 PLANO;PINTURAS Y DISOLVENTES;;
3480;PINCEL N 7 REDONDO;PINTURAS Y DISOLVENTES;;
3469;PINCEL N 8 PLANO;PINTURAS Y DISOLVENTES;;
3481;PINCEL N 8 REDONDO;PINTURAS Y DISOLVENTES;;
3470;PINCEL N 9 PLANO;PINTURAS Y DISOLVENTES;;
3482;PINCEL N 9 REDONDO;PINTURAS Y DISOLVENTES;;
1815;PINTUCO FILL 7 ANTIHONGOS GRIS 2753 1/2G;CONSTRUCCION;;
1816;PINTUCO FILL 7 ANTIHONGOS GRIS 2753 1/32;CONSTRUCCION;;
1817;PINTUCO FILL 7 ANTIHONGOS GRIS 2753 1/4G;CONSTRUCCION;;
1818;PINTUCO FILL 7 ANTIHONGOS GRIS 2753 1/8G;CONSTRUCCION;;
1819;PINTUCO FILL 7 ANTIHONGOS GRIS 2753 11 KG BALDE;CONSTRUCCION;;
1820;PINTUCO FILL 7 ANTIHONGOS GRIS 2753 1G;CONSTRUCCION;;
3570;PINTUCO FILL 7 ANTIHONGOS GRIS 2753 20 KG CANECA;CONSTRUCCION;;
3505;PINTURA EN SPRAY TRANSPARENTE BRILLANTE 400ML PINTE;PINTURAS Y DISOLVENTES;;
1821;PINTURA ACRILICA ALTA ASCEPSIA 1 GALON PINTUCO;PINTURAS Y DISOLVENTES;;
3603;PINTURA EN SPRAY ALTA TEMPERATURA AEROCOLOR;PINTURAS Y DISOLVENTES;;
74;PINTURA EN SPRAY GRIS ANTICORROSIVA AEROCOLOR;PINTURAS Y DISOLVENTES;;
1822;PINTURA EN SPRAY METALIZADO BRONCE PINTE;PINTURAS Y DISOLVENTES;;
1319;PINTURA EN SPRAY NEGRO MATE 400ML PINTE;ABRASIVOS Y CONSUMIBLES;;
1828;PINTUTRAFICO AMARILLO 1 G PINTUCO;PINTURAS Y DISOLVENTES;;
1824;PINTUTRAFICO AMARILLO 1/2 G PINTUCO;PINTURAS Y DISOLVENTES;;
1825;PINTUTRAFICO AMARILLO 1/32 G PINTUCO;PINTURAS Y DISOLVENTES;;
1826;PINTUTRAFICO AMARILLO 1/4 G PINTUCO;PINTURAS Y DISOLVENTES;;
1827;PINTUTRAFICO AMARILLO 1/8 G PINTUCO;PINTURAS Y DISOLVENTES;;
1833;PINTUTRAFICO BLANCO 1 GALON PINTUCO;PINTURAS Y DISOLVENTES;;
1829;PINTUTRAFICO BLANCO 1/2 G PINTUCO;PINTURAS Y DISOLVENTES;;
1830;PINTUTRAFICO BLANCO 1/32 G PINTUCO;PINTURAS Y DISOLVENTES;;
1831;PINTUTRAFICO BLANCO 1/4 G PINTUCO;PINTURAS Y DISOLVENTES;;
1832;PINTUTRAFICO BLANCO 1/8 G PINTUCO;PINTURAS Y DISOLVENTES;;
1834;PINZAS PARA TIERRA 300 A PRETUL;HERRAMIENTA MANUAL;;
1835;PINZAS PARA TIERRA 300 A TRUPER;HERRAMIENTA MANUAL;;
1836;PINZAS PARA TIERRA 500 A PRETUL;HERRAMIENTA MANUAL;;
1837;PINZAS PARA TIERRA 500 A TRUPER;HERRAMIENTA MANUAL;;
1838;PINZAS PORTA ELECTRODO 300 A PRETUL;HERRAMIENTA MANUAL;;
1839;PINZAS PORTA ELECTRODO 300 A TRUPER;HERRAMIENTA MANUAL;;
1840;PINZAS PORTA ELECTRODO 500 A PRETUL;HERRAMIENTA MANUAL;;
1841;PINZAS PORTA ELECTRODO 500 A TRUPER;HERRAMIENTA MANUAL;;
1842;PIPA GAS NATURAL MANGUERA LIVIANA;PARTES Y REPUESTOS;;
1843;PIPA GAS NATURAL MANGUERA PESADA;PARTES Y REPUESTOS;;
1844;PIPA GAS PROPANO ROSCA;PARTES Y REPUESTOS;;
1845;PIRLAN ALUMINIO CROMADO 1MT;PERFILES Y WINES;;
1846;PIRLAN ALUMINIO CROMADO TIRA X6MT;PERFILES Y WINES;;
1848;PISTOLA CALEFATEO LISA PRETUL;HERRAMIENTA MANUAL;;
3461;PISTOLA DE CALOR PROFESIONAL 1500 W TRUPER;HERRAMIENTA ELECTRICA;;
1849;"PISTOLA DE SILICONA 4"" X 1/2"" TRUPER";HERRAMIENTA ELECTRICA;;
1850;"PISTOLA DE SILICONA 4"" X 5/16 TRUPER";HERRAMIENTA ELECTRICA;;
1851;PISTOLA METALICA PARA SOPLETEAR;HERRAMIENTA MANUAL;;
1856;PISTOLA PARA LIMPIEZA DE MOTORES;HERRAMIENTA MANUAL;;
1852;PISTOLA PARA PINTAR BAJA PRESION NARANJA TRUPER;HERRAMIENTA MANUAL;;
1853;PISTOLA PARA PINTAR GRAVEDAD VASO ALUMINIO 1.7MM;HERRAMIENTA MANUAL;;
1854;PISTOLA PARA PINTAR SUCCION VASO ALUM 1.8MM;HERRAMIENTA MANUAL;;
1858;PISTOLA PLASTICA RIEGO 2 FUNCIONES TRUPER;GRIFERIA;;
1857;PISTOLA PLASTICA RIEGO 2 FUNCIONES PRETUL;GRIFERIA;;
1895;PISTOLA PLASTICA RIEGO 5 FUNCIONES PRETUL;HERRAMIENTA MANUAL;;
1855;PISTOLA RETOQUE GRAVEDAD VASO ALUMINIO 0.5MM TRUPER;HERRAMIENTA MANUAL;;
1859;PISTOLA DE SILICONA GRANDE ORIGINAL GLOBY;HERRAMIENTA ELECTRICA;;
1860;PISTOLA DE SILICONA PEQUEï¿½A ORIGINAL GLOBY;HERRAMIENTA ELECTRICA;;
3354;PITA O PIOLA SUPERIOR  CONO #6 (COMETA);SOGAS Y CADENAS;;
3166;PITA X 1MT;HERRAMIENTA ELECTRICA;;
3167;PITA X MADEJA;HERRAMIENTA ELECTRICA;;
3497;PITO DE OLLA EXPRESS IMUSA;HOGAR Y COCINA;;
1861;PITO OLLA CORONA;HOGAR Y COCINA;;
1862;PITO OLLA UNIVERSAL;HOGAR Y COCINA;;
1863;PLAFON ABIERTO 3/4 CAFE;HERRAJES Y SOPORTES;;
1864;PLAFON ABIERTO 3/4 DORADO;HERRAJES Y SOPORTES;;
1865;PLAFON ABIERTO 3/4 PLATEADO;HERRAJES Y SOPORTES;;
1866;PLAFON ABIERTO 5/8 CAFE;HERRAJES Y SOPORTES;;
1867;PLAFON ABIERTO 5/8 DORADO;HERRAJES Y SOPORTES;;
1868;PLAFON ABIERTO 5/8 PLATEADO;HERRAJES Y SOPORTES;;
1869;PLAFON CERRADO 3/4 CAFE;HERRAJES Y SOPORTES;;
1870;PLAFON CERRADO 3/4 DORADO;HERRAJES Y SOPORTES;;
1871;PLAFON CERRADO 3/4 PLATEADO;HERRAJES Y SOPORTES;;
1872;PLAFON CERRADO 5/8 CAFE;HERRAJES Y SOPORTES;;
1873;PLAFON CERRADO 5/8 DORADO;HERRAJES Y SOPORTES;;
1874;PLAFON CERRADO 5/8 PLATEADO;HERRAJES Y SOPORTES;;
1903;PLASTICO O POLIETILENO TRANSPARENTE 2 MT X 1 MT;CONSTRUCCION;;
1875;PLATINA EN T ALUMINIO 3/4 1M;PERFILES Y WINES;;
1876;PLATINA EN T ALUMINIO 3/4 TIRA X6MT;PERFILES Y WINES;;
1877;"PLATINA DE 5""";HERRAJES Y SOPORTES;;
1878;PLATINA RANURADA 3/4 ALUM 1M;PERFILES Y WINES;;
1879;PLATINA RANURADA 3/4 ALUM TIRA 3MT;PERFILES Y WINES;;
3594;PLOMADA GRANDE;HERRAMIENTA MANUAL;;
3595;PLOMADA PEQUEï¿½A;HERRAMIENTA MANUAL;;
3401;PLUG ESTEREO - MONO PEQUEï¿½O;ELECTRICOS;;
3400;PLUG METALICO 1/4 GRANDE;ELECTRICOS;;
3402;PLUG RCA NEGRO O ROJO UNIDAD;ELECTRICOS;;
1881;PLUG RJ11 1 LADO PONCHADO;ELECTRICOS;;
1883;PLUG RJ45 1 LADO PONCHADO;ELECTRICOS;;
1884;PLUG RJ45 2 LADO PONCHADO;ELECTRICOS;;
1880;PLUG TERMINAL RJ11;ELECTRICOS;;
1882;PLUG TERMINAL RJ45;ELECTRICOS;;
3610;POLEAS Y PIï¿½ONES PARA PROYECTOS UNIDAD;HERRAMIENTA MANUAL;;
1458;"POLICHADORA 10"" 110W PRETUL";HERRAMIENTA ELECTRICA;;
1885;PLASTICO O POLIETILENO NEGRO 3M X 1MT;CONSTRUCCION;;
1886;POMA CUADRANTE;GRIFERIA;;
1887;POMA ESTRIADA PRISMA;GRIFERIA;;
1888;POMA ESTRIADA URANO;GRIFERIA;;
3207;POMA MEZCLADOR AQUARIUS GERFOR;GRIFERIA;;
1889;POMA UNIVERSAL PRISMA;GRIFERIA;;
1890;POMA UNIVERSAL URANO;GRIFERIA;;
1892;POMADA LA UNICA GRANDE;ELECTRICOS;;
1891;POMADA PARA SOLDAR PEQUEï¿½A;ELECTRICOS;;
1893;POMO PARA POLICHADORA PRETUL;HERRAMIENTA MANUAL;;
1896;PONCHO UNITALLA PRETUL;DOTACION INDUSTRIAL;;
1898;PORTA FUSIBLE TUBULAR;ELECTRICOS;;
1899;PORTA PILA 9V;ELECTRICOS;;
1900;PORTA PILA AA;ELECTRICOS;;
1901;PORTA ROLLO BLANCO RIOPLAST;GRIFERIA;;
3571;"PORTACANDADO 11/2"" INDUMA";TORNILLERIA;;
3572;"PORTACANDADO 2"" INDUMA";TORNILLERIA;;
3573;"PORTACANDADO 41/2"" INDUMA";TORNILLERIA;;
1902;PORTACANDADO AJUSTABLE 41/2 VERA;CERRAJERIA Y SEGURIDAD;;
1904;PORTAFUSILE COLOR;ELECTRICOS;;
1905;PORTALAMPARA SOCKET BI PIN GU5 HALOGENO;ELECTRICOS;;
1906;PORTALAMPARA CON CLAVIJA;ELECTRICOS;;
1907;PORTALAMPARA CORREDERA PASADOR;ELECTRICOS;;
1909;PORTALAMPARA DE CAUCHO CODELCA;ELECTRICOS;;
1910;PORTALAMPARA DE CAUCHO ECO;ELECTRICOS;;
1913;SOLDADURA EN FRIO POXITANKE BLANCO 85 G;PEGANTES;;
1914;SOLDADURA EN FRIO POXITANKE METï¿½LICO 85 G;PEGANTES;;
1915;SOLDADURA EN FRIO POXITANKE NEGRO 85 G;PEGANTES;;
3596;"PRENSA DE BANCO 6"" HIERRO,PRETUL";HERRAMIENTA MANUAL;;
1916;PRENSA EN C DE HIERRO PRETUL;HERRAMIENTA MANUAL;;
1917;"PRISIONEROS 1/4""";TORNILLERIA;;
1918;"PRISIONEROS 3/16""";TORNILLERIA;;
1919;"PRISIONEROS 5/16""";TORNILLERIA;;
3344;CARETA PROTECTOR FACIAL TRUPER;DOTACION INDUSTRIAL;;
1920;PROTOBOARD WV 100;ELECTRICOS;;
1924;PULIDORA 1/2 DWE 4010 DEWALT;HERRAMIENTA ELECTRICA;;
1922;"PULIDORA ANGULAR 4-1/2"" 500W PRETUL";HERRAMIENTA ELECTRICA;;
1921;"PULIDORA ANGULAR 4-1/2"" PROFESIONAL 700W PRETUL";HERRAMIENTA ELECTRICA;;
1923;"PULIDORA ANGULAR 4-1/2"" PROFESIONAL 800 W TRUPER";HERRAMIENTA ELECTRICA;;
3615;PULPO 1.5 MT;SOGAS Y CADENAS;;
1925;PULSADOR REDONDO MINI;ELECTRICOS;;
1926;PULSADOR REDONDO GRANDE;ELECTRICOS;;
1927;PULSADOR TIMBRE SENCILLO DUOMO BLANCO AVE;ELECTRICOS;;
3410;PUNTA  ESTRELLA X ESTRELLA;HERRAMIENTA MANUAL;;
3456;PUNTA ESTRELLA PARA DRYWALL;HERRAMIENTA MANUAL;;
3322;PUNTA PALA Y ESTRELLA;HERRAMIENTA MANUAL;;
1930;PUNTERO DE HIERRO;HERRAMIENTA MANUAL;;
2598BCA;"PUNTILLA CON CABEZA 1"" X 500 GM CABALLO";TORNILLERIA;;
2598CA;"PUNTILLA CON CABEZA 1"" X 400 GM";TORNILLERIA;;
2599CA;PUNTILLA CON CABEZA 11/2 X 400 GM;TORNILLERIA;;
2599;"PUNTILLA CON CABEZA 11/2""  UN";TORNILLERIA;;
3196;"PUNTILLA CON CABEZA 2""  UN";TORNILLERIA;;
3089CA;PUNTILLA CON CABEZA 21/2 X 400 GM;TORNILLERIA;;
3089;"PUNTILLA CON CABEZA 21/2""  UN";TORNILLERIA;;
3420CA;PUNTILLA CON CABEZA 3 X 400 GM;TORNILLERIA;;
3420;"PUNTILLA CON CABEZA 3"" UN";TORNILLERIA;;
3316CAB;"PUNTILLA CON CABEZA 3/4"" CABALLO";TORNILLERIA;;
3316;"PUNTILLA CON CABEZA 3/4"" UN";TORNILLERIA;;
3377CA;PUNTILLA CON CABEZA 31/2 X 400 GM;TORNILLERIA;;
3377;"PUNTILLA CON CABEZA 31/2"" UN";TORNILLERIA;;
3487CA4;PUNTILLA CON CABEZA 4 X 400 GM;TORNILLERIA;;
3487CA8;PUNTILLA CON CABEZA 4 X 800 GM;TORNILLERIA;;
3487;"PUNTILLA CON CABEZA 4""  UN";TORNILLERIA;;
3498CA4;PUNTILLA CON CABEZA 5 X 400 GM;TORNILLERIA;;
3498CA8;PUNTILLA CON CABEZA 5 X 800 GM CORSAN;TORNILLERIA;;
3498;"PUNTILLA CON CABEZA 5"" UN";TORNILLERIA;;
3503CA8;PUNTILLA CON CABEZA 6 X 800 GM CORSAN;TORNILLERIA;;
3503CAB;"PUNTILLA CON CABEZA 6"" CABALLO";HERRAJES Y SOPORTES;;
3503;"PUNTILLA CON CABEZA 6"" UN";HERRAJES Y SOPORTES;;
3504CA;"PUNTILLA SIN CABEZA 1"" X 500G CABALLO";TORNILLERIA;;
3504;"PUNTILLA SIN CABEZA 1"" CABALLO UN";TORNILLERIA;;
3509CA;"PUNTILLA SIN CABEZA 3/4"" CABALLO";TORNILLERIA;;
3509;"PUNTILLA SIN CABEZA 3/4"" CABALLO UN";TORNILLERIA;;
3188;PUNZON PARA BARRENAR;HERRAMIENTA MANUAL;;
1944;PVA 1/4 ENAR;CONSTRUCCION;;
1945;PVA 1 GALON  ENAR;CONSTRUCCION;;
1946;QUITA MANCHAS GOTERO PEQUEï¿½O;ASEO;;
1947;QUITA OXIDO GOTERO PEQUEï¿½O;ASEO;;
1948;QUITA TINTAS GOTERO PEQUEï¿½O;ASEO;;
1949;RACOR 3 ROSCAS;PARTES Y REPUESTOS;;
1950;RACOR BRONCE PARA MANGUERA KAUDAL;GRIFERIA;;
1951;RACOR MACHO 3/8 GAS;TUBERIAS Y ACCESORIOS;;
1952;RACOR PIPA GAS PROPANO LIVIANO;TUBERIAS Y ACCESORIOS;;
1953;RACOR PIPA GAS PROPANO PESADO;TUBERIAS Y ACCESORIOS;;
1954;RACOR PIPA MACHO (NATURAL);TUBERIAS Y ACCESORIOS;;
1955;RACOR PLASTICO PARA MANGUERA;TUBERIAS Y ACCESORIOS;;
1957;RAFIA MILENIO 10 MM 3/8 X 1MT;SOGAS Y CADENAS;;
1956;RAFIA MILENIO 13 MM 1/2 (200) 1MT;SOGAS Y CADENAS;;
1959;RAFIA MILENIO 6 MM 1/4 (500) 1MT;SOGAS Y CADENAS;;
1958;RAFIA MILENIO 8 MM 5/16 X 1MT;SOGAS Y CADENAS;;
3186;RASPADOR DE PINTURA;HERRAMIENTA MANUAL;;
3527;RASPADOR DE PINTURA MINI;PINTURAS Y DISOLVENTES;;
3454;RATCHET CABEZA REDONDA MANDO 3/8 PRETUL;HERRAMIENTA MANUAL;;
1960;RATCHET LIBERACION RAPIDA 1/2 PRETUL;HERRAMIENTA MANUAL;;
1961;"RATCHET TRIPLE MANDO 1/4""- 3/8""- 1/2"" TRUPER";HERRAMIENTA MANUAL;;
1962;REFLECTOR LED 10W KALLEY;ELECTRICOS;;
1963;REFLECTOR LED 30W KALLEY;ELECTRICOS;;
3185;"DUCHA REGADERA CUADRADA 8"" ACERO INOXIDABLE SATINADA";GRIFERIA;;
3677;"DUCHA REGADERA REDONDA 6"" EN ACERO INOX";GRIFERIA;;
1964;"DUCHA REGADERA REDONDA ABS CROMO 8"" BOCHERINI";GRIFERIA;;
1965;"DUCHA REGADERA REDONDA ACERO INOX 4"" BOCHERINI";GRIFERIA;;
1966;"DUCHA REGADERA REDONDA ACERO INOX 8"" BOCHERINI";GRIFERIA;;
1968;VALVULA BOLA 1/2  VERONI;TUBERIAS Y ACCESORIOS;;
1967;VALVULA BOLA 1/4 VERONI;GRIFERIA;;
1969;VALVULA BOLA LATON 3/4 PN 40 VERONI;TUBERIAS Y ACCESORIOS;;
1970;VALVULA BOLA 3/8 VERONI;TUBERIAS Y ACCESORIOS;;
1971;REGISTRO DUCHA BRIZA GRIVAL;GRIFERIA;;
1972;REGISTRO DUCHA GELF-PESADO UDUKE;GRIFERIA;;
1974;REGISTRO DUCHA PLUS GERFOR;GRIFERIA;;
1973;REGISTRO DUCHA POMA CROMADA ARTESA GRIVAL;GRIFERIA;;
1975;VALVULA GAS GRINACA;GRIFERIA;;
1976;VALVULA GAS PESADO CROMADO KAUDAL;GRIFERIA;;
1977;VALVULA GAS T/P BRONCE;TUBERIAS Y ACCESORIOS;;
3462;REGLETA CALIBRADOR DE TUERCAS Y TORNILLOS 22CM TRUPER;HERRAMIENTA MANUAL;;
1978;REGLETA N 30 CADA 4 TORNILLOS;ELECTRICOS;;
1979;REGLETA N 40 CADA 4 TORNILLOS;ELECTRICOS;;
1980;REGULADOR PARA GAS TAIWANES;TUBERIAS Y ACCESORIOS;;
1981;"REJILLA REPUESTO ALUMINIO 11/2""";GRIFERIA;;
1982;"REJILLA REPUESTO ALUMINIO 2""";GRIFERIA;;
1983;"REJILLA REPUESTO ALUMINIO 3""";GRIFERIA;;
1984;"REJILLA REPUESTO ALUMINIO 4""";GRIFERIA;;
1985;"REJILLA REPUESTO PVC 11/2""";GRIFERIA;;
1986;"REJILLA REPUESTO PVC 2""";GRIFERIA;;
1987;"REJILLA REPUESTO PVC 3""";GRIFERIA;;
1988;"REJILLA REPUESTO PVC 4""";GRIFERIA;;
1989;"REJILLA REPUESTO PVC 5""";GRIFERIA;;
1990;REJILLA SIFON PVC 3X11/2;GRIFERIA;;
1991;REJILLA SIFON PVC 3X2;GRIFERIA;;
1992;REJILLA SIFON PVC 4X3;GRIFERIA;;
1993;REJILLA SOSCO ALUMINIO 3X11/2;GRIFERIA;;
1994;REJILLA SOSCO ALUMINIO 3X2;GRIFERIA;;
1995;REJILLA SOSCO ALUMINIO 4X3;GRIFERIA;;
1996;REJILLA SOSCO PVC 3X11/2 RIOPLAST;GRIFERIA;;
1997;REJILLA SOSCO PVC 3X2 RIOPLAST;GRIFERIA;;
1998;REJILLA SOSCO PVC 4X3 RIOPLAST;GRIFERIA;;
1999;REJILLA VENTILACION 15X15;GRIFERIA;;
2000;REJILLA VENTILACION 20X20;GRIFERIA;;
2001;REJILLA VENTILACION PERCIANA 15X15 RIOPLAST GAS;GRIFERIA;;
2002;REJILLA VENTILACION PERCIANA 20X20 RIOPLAST GAS;GRIFERIA;;
2003;"REMACHADORA 10"" PRETUL";HERRAMIENTA MANUAL;;
2004;REMACHADORA 3 BOCAS STANLEY;HERRAMIENTA MANUAL;;
1292;REMACHADORA DE FUELLE TRUPER;HERRAMIENTA MANUAL;;
3574;REMACHE MEJICANO 6 - 12 U;TORNILLERIA;;
3575;REMACHE MEJICANO 6 - 14 U;TORNILLERIA;;
3576;REMACHE MEJICANO 6 - 10 U;TORNILLERIA;;
3577;REMACHE MEJICANO 6 - 8 U;TORNILLERIA;;
2009C;REMACHE POP 4-10 1/8 X 5/8 50;TORNILLERIA;;
2009CA;REMACHE POP 4-10 1/8 X 5/8 500 U CAJA;TORNILLERIA;;
2009D;REMACHE POP 4-10 1/8 X 5/8 DOC;TORNILLERIA;;
2009;REMACHE POP 4-10 1/8 X 5/8 UN;TORNILLERIA;;
2013C;REMACHE POP 4-2 1/8 X 1/4 50;TORNILLERIA;;
2013CA;REMACHE POP 4-2 1/8 X 1/4 500U CAJA;TORNILLERIA;;
2013D;REMACHE POP 4-2 1/8 X 1/4 DOC;TORNILLERIA;;
2013;REMACHE POP 4-2 1/8 X 1/4 UN;TORNILLERIA;;
2017C;REMACHE POP 4-4 1/8 X 3/8 50;TORNILLERIA;;
2017CA;REMACHE POP 4-4 1/8 X 3/8 500U CAJA;TORNILLERIA;;
2017D;REMACHE POP 4-4 1/8 X 3/8 DOC;TORNILLERIA;;
2017;REMACHE POP 4-4 1/8 X 3/8 UN;TORNILLERIA;;
2021C;REMACHE POP 4-6 1/8 X 1/2 50;TORNILLERIA;;
2021CA;REMACHE POP 4-6 1/8 X 1/2 500U CAJA;TORNILLERIA;;
2021D;REMACHE POP 4-6 1/8 X 1/2 DOC;TORNILLERIA;;
2021;REMACHE POP 4-6 1/8 X 1/2 UN;TORNILLERIA;;
2025C;REMACHE POP 4-8 1/8 X 5/8 50;TORNILLERIA;;
2025CA;REMACHE POP 4-8 1/8 X 5/8 500U CAJA;TORNILLERIA;;
2025D;REMACHE POP 4-8 1/8 X 5/8 DOC;TORNILLERIA;;
2025;REMACHE POP 4-8 1/8 X 5/8 UN;TORNILLERIA;;
2029C;REMACHE POP 5-10 5/32 X 3/4 50;TORNILLERIA;;
2029CA;REMACHE POP 5-10 5/32 X 3/4 500U CAJA;TORNILLERIA;;
2029D;REMACHE POP 5-10 5/32 X 3/4 DOC;TORNILLERIA;;
2029;REMACHE POP 5-10 5/32 X 3/4 UN;TORNILLERIA;;
2033C;REMACHE POP 5-2 5/32 X 1/4 50;TORNILLERIA;;
2033CA;REMACHE POP 5-2 5/32 X 1/4 500U CAJA;TORNILLERIA;;
2033D;REMACHE POP 5-2 5/32 X 1/4 DOC;TORNILLERIA;;
2033;REMACHE POP 5-2 5/32 X 1/4 UN;TORNILLERIA;;
2037C;REMACHE POP 5-4 5/32 X 3/8 50;TORNILLERIA;;
2037CA;REMACHE POP 5-4 5/32 X 3/8 CAJA;TORNILLERIA;;
2037D;REMACHE POP 5-4 5/32 X 3/8 DOC;TORNILLERIA;;
2037;REMACHE POP 5-4 5/32 X 3/8 UN;TORNILLERIA;;
2041C;REMACHE POP 5-6 5/32 X 1/2 50;TORNILLERIA;;
2041CA;REMACHE POP 5-6 5/32 X 1/2 500U CAJA;TORNILLERIA;;
2041D;REMACHE POP 5-6 5/32 X 1/2 DOC;TORNILLERIA;;
2041;REMACHE POP 5-6 5/32 X 1/2 UN;TORNILLERIA;;
2045C;REMACHE POP 5-8 5/32 X 5/8 50;TORNILLERIA;;
2045CA;REMACHE POP 5-8 5/32 X 5/8 CAJA;TORNILLERIA;;
2045D;REMACHE POP 5-8 5/32 X 5/8 DOC;TORNILLERIA;;
2045;REMACHE POP 5-8 5/32 X 5/8 UN;TORNILLERIA;;
2049C;REMACHE POP 6-10 3/16 X 3/4 50;TORNILLERIA;;
2049CA;REMACHE POP 6-10 3/16 X 3/4 250U CAJA;TORNILLERIA;;
2049D;REMACHE POP 6-10 3/16 X 3/4 DOC;TORNILLERIA;;
2049;REMACHE POP 6-10 3/16 X 3/4 UN;TORNILLERIA;;
2053C;REMACHE POP 6-12 3/16 X 1 50;TORNILLERIA;;
2053CA;REMACHE POP 6-12 3/16 X 1 250U CAJA;TORNILLERIA;;
2053D;REMACHE POP 6-12 3/16 X 1 DOC;TORNILLERIA;;
2053;REMACHE POP 6-12 3/16 X 1 UN;TORNILLERIA;;
2057C;REMACHE POP 6-14 3/16 X 11/16 50;TORNILLERIA;;
2057CA;REMACHE POP 6-14 3/16 X 11/16 250U CAJA;TORNILLERIA;;
2057D;REMACHE POP 6-14 3/16 X 11/16 DOC;TORNILLERIA;;
2057;REMACHE POP 6-14 3/16 X 11/16 UN;TORNILLERIA;;
2061C;REMACHE POP 6-2 3/16 X 1/4 50;TORNILLERIA;;
2061CA;REMACHE POP 6-2 3/16 X 1/4 250U CAJA;TORNILLERIA;;
2061D;REMACHE POP 6-2 3/16 X 1/4 DOC;TORNILLERIA;;
2061;REMACHE POP 6-2 3/16 X 1/4 UN;TORNILLERIA;;
2065C;REMACHE POP 6-4 3/16 X 3/8 50;TORNILLERIA;;
2065CA;REMACHE POP 6-4 3/16 X 3/8 CAJA;TORNILLERIA;;
2065D;REMACHE POP 6-4 3/16 X 3/8 DOC;TORNILLERIA;;
2065;REMACHE POP 6-4 3/16 X 3/8 UN;TORNILLERIA;;
2069C;REMACHE POP 6-6 3/16 X 1/2 50;TORNILLERIA;;
2069D;REMACHE POP 6-6 3/16 X 1/2 DOC;TORNILLERIA;;
2069;REMACHE POP 6-6 3/16 X 1/2 UN;TORNILLERIA;;
2073C;REMACHE POP 6-8 3/16 X 5/8 50;TORNILLERIA;;
2073CA;REMACHE POP 6-8 3/16 X 5/8 CAJA;TORNILLERIA;;
2073D;REMACHE POP 6-8 3/16 X 5/8 DOC;TORNILLERIA;;
2073;REMACHE POP 6-8 3/16 X 5/8 UN;TORNILLERIA;;
2078;REMOVEDOR DE PINTURA 1 GALON SUPER;PINTURAS Y DISOLVENTES;;
2074;REMOVEDOR DE PINTURA 1/2 G SUPER;PINTURAS Y DISOLVENTES;;
2075;REMOVEDOR DE PINTURA 1/32 G SUPER;PINTURAS Y DISOLVENTES;;
2076;REMOVEDOR DE PINTURA 1/4 G SUPER;PINTURAS Y DISOLVENTES;;
2077;REMOVEDOR DE PINTURA 1/8 G SUPER;PINTURAS Y DISOLVENTES;;
2079;REMOVEDOR DE PINTURA INCOLORO 1020 1 GALON PINTUCO;PINTURAS Y DISOLVENTES;;
2080;REMOVEDOR DE PINTURA INCOLORO 1020 1/2 G PINTUCO;PINTURAS Y DISOLVENTES;;
2081;REMOVEDOR DE PINTURA INCOLORO 1020 1/32 G PINTUCO;PINTURAS Y DISOLVENTES;;
2082;REMOVEDOR DE PINTURA INCOLORO 1020 1/4 G PINTUCO;PINTURAS Y DISOLVENTES;;
2083;REMOVEDOR DE PINTURA INCOLORO 1020 1/8 G PINTUCO;PINTURAS Y DISOLVENTES;;
2084;REPUESTO MANIJA CRUCETA LLAVE;GRIFERIA;;
2085;REPUESTO PARA CARETA FACIAL PF-500 TRUPER;DOTACION INDUSTRIAL;;
2086;REPUESTO ROSCA ADAPTADOR PVC DUCHA;GRIFERIA;;
3179;RESISTENCIA DUCHA FUSION 120V BOCHERINI;GRIFERIA;;
2087;RESISTENCIA VICTORY 120 BOCHERINI;GRIFERIA;;
3362;TAPABOCAS RESPIRADOR PARTICULANTE 3M 9502 + N95;DOTACION INDUSTRIAL;;
3197;RESPUESTO PARA RASPADOR DE PINTURA;PERFILES Y WINES;;
2088;REVERBERO;HOGAR Y COCINA;;
2089;"RIEL EXTENSION 12""  3OCM U FORTE";HERRAJES Y SOPORTES;;
2093;"RODACHINA GIRATORIA PLATAFORMA 1"" LIVIANA";HERRAJES Y SOPORTES;;
2094;RODACHINA PISO RPL 30 NYLON;HERRAJES Y SOPORTES;;
2095;RODACHINA PISO RPL 10 METALICA;HERRAJES Y SOPORTES;;
2096;"RODILLO ESPUMA 9"" DEKO GOYA";PINTURAS Y DISOLVENTES;;
2097;"RODILLO FELPA OVEJERO 3"" GOYA";PINTURAS Y DISOLVENTES;;
2098;"RODILLO FELPA OVEJERO 9"" GOYA";PINTURAS Y DISOLVENTES;;
2099;"RODILLO FELPA POLILANA 9"" GOYA";PINTURAS Y DISOLVENTES;;
2100;"RODILLO HILO BRICOLAGE 3"" GOYA";PINTURAS Y DISOLVENTES;;
2101;"RODILLO HILO BRICOLAGE 6"" GOYA";PINTURAS Y DISOLVENTES;;
2103;"RODILLO HILO POLIMAX 9"" GOYA";PINTURAS Y DISOLVENTES;;
2104;"RODILLO INDUSTRIAL JR 9""";PINTURAS Y DISOLVENTES;;
2105;"RODILLO JUNIOR POLIESTER TH 1 1/2"" GOYA";PINTURAS Y DISOLVENTES;;
2110;"RODILLO JUNIOR POLIESTER TH 6"" GOYA";PINTURAS Y DISOLVENTES;;
2111;"RODILLO PITUFO VERDE 3"" JR";PINTURAS Y DISOLVENTES;;
2113;ROSETA CANDELABRO;ELECTRICOS;;
2091;ROSETA ESCOLAR;ELECTRICOS;;
2114;ROSETA LINTERNA;ELECTRICOS;;
2115;ROSETA LOZA;ELECTRICOS;;
2092;ROSETA NUOVA AVE 150W;ELECTRICOS;;
2116;ROSETA PLASTICA MERCURY;ELECTRICOS;;
1908;ROSETA PORTALAMPARA CUATRO PUNTAS LOZA;TUBERIAS Y ACCESORIOS;;
1911;ROSETA PORTALAMPARA DOS PIEZAS PLASTICA;ELECTRICOS;;
2120;RUBBING BLANCO 1 GALON SUPER;PINTURAS Y DISOLVENTES;;
2117;RUBBING BLANCO 1/32 G SUPER;PINTURAS Y DISOLVENTES;;
2118;RUBBING BLANCO 1/4 G SUPER;PINTURAS Y DISOLVENTES;;
2119;RUBBING BLANCO 1/8 G SUPER;PINTURAS Y DISOLVENTES;;
2121;RUBBING COMPOUND SIMONIZ 200 GR;LUBRICANTES;;
2125;RUBBING ROJO 1 GALON SUPER;PINTURAS Y DISOLVENTES;;
2122;RUBBING ROJO 1/32 G SUPER;PINTURAS Y DISOLVENTES;;
2123;RUBBING ROJO 1/4 G SUPER;PINTURAS Y DISOLVENTES;;
2124;RUBBING ROJO 1/8 G SUPER;PINTURAS Y DISOLVENTES;;
2126;"RUEDA FLAP 1"" GRANO 80 TRUPER";HERRAMIENTA MANUAL;;
2127;"RUEDA FLAP 2"" GRANO 80 TRUPER";HERRAMIENTA MANUAL;;
2128;"RUEDA FLAP 3"" GRANO 80 TRUPER";HERRAMIENTA MANUAL;;
3612;ESPONJA SABRA VERDE;HOGAR Y COCINA;;
2129;SEGUETA #18 NICHOLSON;HERRAMIENTA MANUAL;;
2130;SEGUETA #24 NICHOLSON;HERRAMIENTA MANUAL;;
2131;SEGUETA BIMETALICA 18 DPP TRUPER;HERRAMIENTA MANUAL;;
1376;SEGUETA CALADORA EN U UNIDAD TRUPER;HERRAMIENTA MANUAL;;
1374;SEGUETA CALADORAS EN T UNIDAD TRUPER;HERRAMIENTA MANUAL;;
3508;SEGUETA ECONOMICA AZUL;PEGANTES;;
2132;SEGUETA ECONOMICA NARANJA;HERRAMIENTA MANUAL;;
2133;SELLADOR DE POLIURETANO GRIS 300ML AFIX;PEGANTES;;
2134;SILICONA EN TUBO TRANPARENTE ANTIHONGO 280 ML SISTA;PEGANTES;;
2139;SELLADOR NITRO EXPERTO 1 GALON SUPER;PINTURAS Y DISOLVENTES;;
2135;SELLADOR NITRO EXPERTO 1/2 G SUPER;PINTURAS Y DISOLVENTES;;
2136;SELLADOR NITRO EXPERTO 1/32 G SUPER;PINTURAS Y DISOLVENTES;;
2137;SELLADOR NITRO EXPERTO 1/4 G SUPER;PINTURAS Y DISOLVENTES;;
2138;SELLADOR NITRO EXPERTO 1/8 G SUPER;PINTURAS Y DISOLVENTES;;
3428;SELLADOR TRANSPARENTE 85 GR TRUPER;PEGANTES;;
2140;AGUASTOP SELLO LENGUETA ADVANCED BCA GRIVAL;GRIFERIA;;
2141;AGUASTOP' SELLO LENGUETA CORRIENTE GRIVAL;GRIFERIA;;
2142;SEMICODO CPVC 1/2;TUBERIAS Y ACCESORIOS;;
2148;"SEMICODO PRESION 45ï¿½ 1""";TUBERIAS Y ACCESORIOS;;
2143;"SEMICODO PRESION 45ï¿½ 1/2""";TUBERIAS Y ACCESORIOS;;
2144;"SEMICODO PRESION 45ï¿½ 11/2""";TUBERIAS Y ACCESORIOS;;
2145;"SEMICODO PRESION 45ï¿½ 11/4""";TUBERIAS Y ACCESORIOS;;
2146;"SEMICODO PRESION 45ï¿½ 2""";TUBERIAS Y ACCESORIOS;;
2147;"SEMICODO PRESION 45ï¿½ 3/4""";TUBERIAS Y ACCESORIOS;;
2149;"SEMICODO SANITARIO CXC 11/2""";TUBERIAS Y ACCESORIOS;;
2150;"SEMICODO SANITARIO CXC 2""";TUBERIAS Y ACCESORIOS;;
2151;"SEMICODO SANITARIO CXC 3""";TUBERIAS Y ACCESORIOS;;
2152;"SEMICODO SANITARIO CXC 4""";TUBERIAS Y ACCESORIOS;;
2153;"SEMICODO SANITARIO CXE 11/2""";TUBERIAS Y ACCESORIOS;;
2154;"SEMICODO SANITARIO CXE 2""";TUBERIAS Y ACCESORIOS;;
2155;"SEMICODO SANITARIO CXE 3""";TUBERIAS Y ACCESORIOS;;
2156;"SEMICODO SANITARIO CXE 4""";TUBERIAS Y ACCESORIOS;;
2157;"SERRUCHO 16"" PRETUL";HERRAMIENTA MANUAL;;
2158;"SERRUCHO 20"" PRETUL";HERRAMIENTA MANUAL;;
2159;SERRUCHO PARA CUADRO;HERRAJES Y SOPORTES;;
2160;"SERRUCHO PARA DRYWALL 6"" PRETUL";HERRAMIENTA MANUAL;;
3690;"SERRUCHO TIPO MARQUETERO 10"" TRUPER";HERRAMIENTA MANUAL;;
2161;JUEGO SET DE HERRAMIENTAS 51 PIEZAS PRETUL;HERRAMIENTA MANUAL;;
2162;SET DUCHA PLASTICA ABS BOCHERINI;GRIFERIA;;
3371;JUEGO DE 12 HERRAMIENTAS KALLEY;HERRAMIENTA MANUAL;;
3369;JUEGO DE 17 HERRAMIENTAS KALLEY;HERRAMIENTA MANUAL;;
3370;JUEGO DE 21 HERRAMIENTAS KALLEY;HERRAMIENTA MANUAL;;
2163;SHAMPOO CON CERA SIMONIZ 600ML;LUBRICANTES;;
2164;SIERRA CALADORA PRETUL;HERRAMIENTA MANUAL;;
2166;"SIERRA COPA BIMETALICA 1 1/2"" MANDRIL 7/16 TRUPER";ABRASIVOS Y CONSUMIBLES;;
2165;"SIERRA COPA BIMETALICA 1"" MANDRIL 3/8 TRUPER";ABRASIVOS Y CONSUMIBLES;;
2167;"SIFA SANITARIO 11/2"" TIGRE";TUBERIAS Y ACCESORIOS;;
2169;"SIFA SANITARIO 2""";TUBERIAS Y ACCESORIOS;;
2168;"SIFA SANITARIO 2"" TIGRE";TUBERIAS Y ACCESORIOS;;
2170;"SIFA SANITARIO 3""";TUBERIAS Y ACCESORIOS;;
2171;"SIFA SANITARIO 4""";TUBERIAS Y ACCESORIOS;;
3411;SIFON 1 SALIDA BOCCHERINI LINEA ECO;GRIFERIA;;
2172;SIFON FLEXIBLE 1 SALIDA PESADO BOCHERINI;GRIFERIA;;
2173;SIFON FLEXIBLE 2 SALIDAS PESADO BOCCHERINI;GRIFERIA;;
2174;SIFON BOTELLA GRIVAL;GRIFERIA;;
2175;SIFON EN P GRIVAL;GRIFERIA;;
2176;SIFON EN P LAVAPLATOS PLAST GRIFOS;GRIFERIA;;
2177;SIFON FLEXIBLE CROMADO;GRIFERIA;;
2178;SIFON FLEXIBLE GRIVAL;GRIFERIA;;
2179;SIFON LAVAMANOS DE LUJO RIOPLAST;GRIFERIA;;
2180;SIFON LAVAMANOS PLASTGRIFOS;GRIFERIA;;
2182;SIKA 1 ADITIVO IMPERMEABILIZANTE 1 K;CONSTRUCCION;;
2183;SIKA MORTERO IMPERMEABLE BLANCO 2k;CONSTRUCCION;;
2184;SIKA MORTERO IMPERMEABLE GRIS 2K;CONSTRUCCION;;
2185;SIKA MULTISEAL 10 CM X 10MT ALUMINIO;CONSTRUCCION;;
2186;SIKA MULTISEAL 10 CM X 1MT ALUMINIO;CONSTRUCCION;;
2187;SIKA SANISIL TRANSPARENTE CARTUCHO 300 ML;PEGANTES;;
2189;SIKAFLEX 1A BLANCO PLUS ICURE X 300;PEGANTES;;
2190;SIKAFLEX 1A GRIS PLUS ICURE X 300;PEGANTES;;
2191;SIKAFLEX 1A NEGRO PLUS ICURE X 300;PEGANTES;;
2192;SIKAFLEX 221 BLANCO X 300ML;PEGANTES;;
2188;SIKAFLEX 221 NEGRO X 300ML;PEGANTES;;
2193;SIKAFLEX CONSTRUCCION BLANCO 300 ML;PEGANTES;;
3181;SIKAFLEX UNIVERSAL BLANCO X300 ML;PEGANTES;;
2194;SIKAFLEX UNIVERSAL GRIS X300 ML;PEGANTES;;
2195;SIKASIL UNIVERSAL TRANSPARENTE 280 ML SIKA;PEGANTES;;
3673;SILICONA SUPERFLEX NEGRA 50ML LOCTITE;PEGANTES;;
2196;SILICONA ALTA TEMPERATURA NEGRO 85G TRUPER;PEGANTES;;
2197;SILICONA ALTA TEMPERATURA ROJO 85 G TRUPER;PEGANTES;;
2199;SILICONA BLANCA BAï¿½O/COCINA 85 G TRUPER;PEGANTES;;
3379;SILICONA EMULSIONADA 240 CC CRC;LUBRICANTES;;
2201;SILICONA EMULSIONADA 250 ML FORTE;LUBRICANTES;;
2200;SILICONA EMULSIONADA 250 MLGRANEL;ASEO;;
2203;SILICONA EMULSIONADA 500 ML GRANEL;ASEO;;
2204;SILICONA EMULSIONADA GALON GRANEL;ASEO;;
2205;SILICONA EMULSIONADA LITRO GRANEL;ASEO;;
2206;SILICONA EN BARRA DELGADA;PEGANTES;;
2207;SILICONA EN BARRA GRUESA;PEGANTES;;
2208;SILICONA EN TUBO BLANCA X 300ML;PEGANTES;;
2209;SILICONA EN TUBO NEGRA X 300ML;PEGANTES;;
2215;SILICONA EN TUBO TRANSPARENTE X300 ML KAUDAL;PEGANTES;;
3260;SILICONA GRIS AUTOMOTRIZ ALTA Tï¿½ 70 ML LOCTITE;PEGANTES;;
2218;SILICONA GRIS AUTOMOTRIZ ALTA Tï¿½ 50 ML SINTESOLDA;PEGANTES;;
3486;SILICONA GRIS AUTOMOTRIZ ALTA Tï¿½ 50ML UDUKE;PINTURAS Y DISOLVENTES;;
3364;SILICONA HEAVY DUTY CRC 235 ML;LUBRICANTES;;
3669;SILICONA LIQUIDA MULTIUSO TESA 250ML;PEGANTES;;
3667;SILICONA LIQUIDA MULTIUSO TESA 30ML;PEGANTES;;
3668;SILICONA LIQUIDA MULTIUSO TESA 60ML;PEGANTES;;
2210;SILICONA MULTIPROPOSITO 250 ML TESA;PEGANTES;;
2211;SILICONA MULTIPROPOSITO 30 ML TESA;PEGANTES;;
2212;SILICONA MULTIPROPOSITO 60 ML TESA;PEGANTES;;
2214;SILICONA TRANSPARENTE 28 G SINTECO;PEGANTES;;
2216;SILICONA TRANSPARENTE 50 ML SISTA HENKEL;PEGANTES;;
2213;SILICONA TRANSPARENTE BAï¿½O/COCINA 280 ML TRUPER;PEGANTES;;
2198;SILICONA TRANSPARENTE BAï¿½O/COCINA 85 G TRUPER;PEGANTES;;
2219;SILICONA ULTRA RAPIDA SPRAY AROMAS;LUBRICANTES;;
3232;SINTESOLDA 10 MINUTOS;PEGANTES;;
3233;SINTESOLDA 24 HORAS;PEGANTES;;
2221;PORTALAMPARA SOCKET GU 10 HALOGENO;ELECTRICOS;;
2222;SOGA CLASICA 8MM POLIPROPILENO 1MT;SOGAS Y CADENAS;;
2223;SOGA MARINA AZUL 10MM;SOGAS Y CADENAS;;
2224;SOGA TODO TERRENO 13MM X 1MT (200MT);SOGAS Y CADENAS;;
2225;SOKET BI PIN HALOGENO;ELECTRICOS;;
2226;SOLDADUA PVC TANGIT SANITARIO 125ML;PEGANTES;;
2227;SOLDADURA 1/2-1/2 TUBERIA BAJA PRES MT;ELECTRICOS;;
2228;SOLDADURA 1/2-1/2 TUBERIA BAJA PRES ROLLO;ELECTRICOS;;
2230;SOLDADURA 6013 1/8 1 K WEST ARCO;ABRASIVOS Y CONSUMIBLES;;
2231;SOLDADURA 6013 1/8 1 V WEST ARCO;ABRASIVOS Y CONSUMIBLES;;
2232;SOLDADURA 6013 1/8 5 K WEST ARCO;ABRASIVOS Y CONSUMIBLES;;
2233;SOLDADURA 6013 3/32 1 K WEST ARCO;ABRASIVOS Y CONSUMIBLES;;
2234;SOLDADURA 6013 3/32 1 V WEST ARCO;ABRASIVOS Y CONSUMIBLES;;
2235;SOLDADURA 6013 3/32 1/2 K WEST ARCO;ABRASIVOS Y CONSUMIBLES;;
2236;SOLDADURA 6013 3/32 5K WEST ARCO;ABRASIVOS Y CONSUMIBLES;;
2237;SOLDADURA ALUMINIO 1/8 1 K 72V  WEST ARCO;ABRASIVOS Y CONSUMIBLES;;
2238;SOLDADURA ALUMINIO 1/8 1 V  WEST ARCO;ABRASIVOS Y CONSUMIBLES;;
2240;SOLDADURA CPVC 28 GR 1/128 GAL PAVCO;PEGANTES;;
2241;SOLDADURA DE ESTAï¿½O 3MM TRUPER 1MT;ELECTRICOS;;
2242;SOLDADURA DE ESTAï¿½O 3MM TRUPER X 1MT;ELECTRICOS;;
2243;SOLDADURA DE ESTAï¿½O BOLSITA;ELECTRICOS;;
2244;SOLDADURA DE ESTAï¿½O TUBO;ELECTRICOS;;
2245;"SOLDADURA ELECTRICA 6011 1/8"" 1K TRUPER";ABRASIVOS Y CONSUMIBLES;;
2246;"SOLDADURA ELECTRICA 6011 1/8"" 1V TRUPER";ABRASIVOS Y CONSUMIBLES;;
2247;"SOLDADURA ELECTRICA 6011 1/8"" 5K TRUPER";ABRASIVOS Y CONSUMIBLES;;
2249;"SOLDADURA ELECTRICA 6013 1/8"" 1V TRUPER";ABRASIVOS Y CONSUMIBLES;;
2250;"SOLDADURA ELECTRICA 6013 1/8"" 5K TRUPER";ABRASIVOS Y CONSUMIBLES;;
2252;"SOLDADURA ELECTRICA 6013 3/32"" 1V TRUPER";ABRASIVOS Y CONSUMIBLES;;
2253;"SOLDADURA ELECTRICA 6013 3/32"" 5K TRUPER";ABRASIVOS Y CONSUMIBLES;;
2254;"SOLDADURA ELECTRICA 7018 1/8"" 1K TRUPER";ABRASIVOS Y CONSUMIBLES;;
2255;"SOLDADURA ELECTRICA 7018 1/8"" 1V TRUPER";ABRASIVOS Y CONSUMIBLES;;
2256;"SOLDADURA ELECTRICA 7018 1/8"" 5K TRUPER";ABRASIVOS Y CONSUMIBLES;;
3406;SOLDADURA INOX 308 L 1/8 1 K 29V WEST ARCO;ABRASIVOS Y CONSUMIBLES;;
3407;SOLDADURA INOX 308 L 1/8 1 V WEST ARCO;ABRASIVOS Y CONSUMIBLES;;
2258;SOLDADURA INOX 308 L 3/32 1 V WEST ARCO;ABRASIVOS Y CONSUMIBLES;;
2257;SOLDADURA INOX 308 L 3/32 32 V 1K WEST ARCO;ABRASIVOS Y CONSUMIBLES;;
2259;SOLDADURA NIQUEL 100 1/8 1 K 32V WEST ARCO;ABRASIVOS Y CONSUMIBLES;;
2260;SOLDADURA NIQUEL 100 1/8 1 V  50410 WEST ARCO;ABRASIVOS Y CONSUMIBLES;;
2261;SOLDADURA PVC 1/128 GERFOR;PEGANTES;;
2262;SOLDADURA PVC 1/16 ENAR;PEGANTES;;
2263;SOLDADURA PVC 1/32 ENAR;PEGANTES;;
2264;SOLDADURA PVC 1/4 ENAR;PEGANTES;;
2265;SOLDADURA PVC 1/64 ENAR;PEGANTES;;
2266;SOLDADURA PVC 1/8 ENAR;PEGANTES;;
2267;SOLDADURA PVC 112 GR 1/32 PAVCO;PEGANTES;;
2268;SOLDADURA PVC 28 GR 1/128 PAVCO;PEGANTES;;
2269;SOLDADURA PVC 225 GR 1/16 PAVCO;PEGANTES;;
2270;SOLDADURA PVC 450 GR 1/8 PAVCO;PEGANTES;;
2271;SOLDADURA PVC 56 GR 1/64 PAVCO;PEGANTES;;
2273;SOLDADURA S7018 1/8 1 K WEST ARCO;ABRASIVOS Y CONSUMIBLES;;
2275;SOLDADURA S7018 1/8 1 V WEST ARCO;ABRASIVOS Y CONSUMIBLES;;
2274;SOLDADURA S7018 1/8 1/2 K WEST ARCO;ABRASIVOS Y CONSUMIBLES;;
2276;SOLDADURA S7018 1/8 5 K WEST ARCO;ABRASIVOS Y CONSUMIBLES;;
2277;SOLUCION DE CAUCHO 375ML PEGAUCHO;PEGANTES;;
2278;SONDA 1/8 X 15MT;HERRAMIENTA MANUAL;;
2279;SONDA DE NYLON CABLEAR 10 MT TRUPER;GRIFERIA;;
3689;SONDA MANUAL 4.5MTS PRETUL;HERRAMIENTA MANUAL;;
263;SOPORTE BOLILLERO METALICO PAR;HERRAJES Y SOPORTES;;
2280;SOPORTE BOLILLERO PLASTICO BLANCO UNIDAD;HERRAJES Y SOPORTES;;
2281;SOPORTE BOLILLERO PLASTICO CAFE UNIDAD;HERRAJES Y SOPORTES;;
2282;SOPORTE CORTINA DOBLE PARED DORADO;HERRAJES Y SOPORTES;;
2283;SOPORTE CORTINA DOBLE PARED PLATEADO;HERRAJES Y SOPORTES;;
2284;SOPORTE CORTINA METAL PARED DORADO;HERRAJES Y SOPORTES;;
2285;SOPORTE CORTINA METAL PARED PLATEADO;HERRAJES Y SOPORTES;;
2286;SOPORTE CORTINA METAL TECHO DORADO;HERRAJES Y SOPORTES;;
2287;SOPORTE CORTINA METAL TECHO PLATEADO;HERRAJES Y SOPORTES;;
2288;"SOPORTE CORTINA PLASTICO DORADO 1""";HERRAJES Y SOPORTES;;
2289;"SOPORTE CORTINA PLASTICO DORADO 3/4""";HERRAJES Y SOPORTES;;
2290;"SOPORTE CORTINA PLASTICO DORADO 5/8""";HERRAJES Y SOPORTES;;
2291;"SOPORTE CORTINA PLASTICO PLATEADO 1/2""";HERRAJES Y SOPORTES;;
2292;SOPORTE ENTEPAï¿½O METALICO;HERRAJES Y SOPORTES;;
1897;SOPORTE ESPEJO METALICO;HERRAJES Y SOPORTES;;
2293;SOPORTE NO MAS HUECOS;HERRAJES Y SOPORTES;;
2294;SOPORTE PAPELERA RIOPLAST;GRIFERIA;;
2295;SOPORTE PARA BIBLIOTECA SB20 F;HERRAJES Y SOPORTES;;
2296;"SOPORTE BASE PARA TV X3 MOVIL HDL 14""-55"" HDL CAJA CAFE";HOGAR Y COCINA;;
2297;"SOPORTE  BASE PARA TV FIJO 14""-42"" CAJA VERDE";HOGAR Y COCINA;;
2298;SOPORTE BIBLIOTECA CAFE Y BLANCO;HERRAJES Y SOPORTES;;
2300;SORDINA DE SOBREPONER VERA;ELECTRICOS;;
2302;SOSCO EXTENSION LAVAPLATOS;GRIFERIA;;
2303;SPLINTER 2 VIAS ECO;ELECTRICOS;;
2304;SPLINTER 2 VIAS NIPON;ELECTRICOS;;
2305;SPLINTER 3 VIAS ECO;ELECTRICOS;;
2306;SPLINTER 3 VIAS NIPON;ELECTRICOS;;
2307;SPLINTER 4 VIAS ECO;ELECTRICOS;;
2308;SPLINTER 4 VIAS NIPON;ELECTRICOS;;
2309;STRETCH 15 CM 0.45X305 MT CODIPLAX;HOGAR Y COCINA;;
2310;STRETCH 30 CM 0.45X305 MT CODIPLAX;HOGAR Y COCINA;;
2311;SUAVIZANTE SOFLAN 500 ML GRANEL;ASEO;;
2312;SUAVIZANTE SOFLAN GALON GRANEL;ASEO;;
2313;SUAVIZANTE SOFLAN LITRO GRANEL;ASEO;;
2314;SUELDA TODO BLANCO 40 GR PEQ;PEGANTES;;
2316;SUPER BONDER AD FLEXGEL 3G LOCTITE;PEGANTES;;
2317;SUPER GLUE INSTANTANEO TAURUS ECO;PEGANTES;;
3038;SUPER VERDE;PEGANTES;;
2318;SUPERMASTICK BALDE;CONSTRUCCION;;
2319;SUPERMASTICK CANECA 28k;CONSTRUCCION;;
2320;SUPERMASTICK GALON;CONSTRUCCION;;
2321;SUPERPEGA INSTANTANEO 20G;PEGANTES;;
2322;SUPLEMENTO GALVANIZADO INDUMA;ELECTRICOS;;
2323;SUPLEMENTO PLASTICO INDUMA;ELECTRICOS;;
2325;SWITCHE CODILLO DOS TORNILLOS;ELECTRICOS;;
2324;SWITCHE CODILLO TRES TORNILLOS;ELECTRICOS;;
3672;SWITSHE PEQUEï¿½O;ELECTRICOS;;
2326;TABACO ANTENA;ELECTRICOS;;
3671;TABLA MADEFLEX 21X28;HOGAR Y COCINA;;
3670;TABLA MDF 21X28;HOGAR Y COCINA;;
2327;TABLERO MONO 2 CIRCUITOS AVE;ELECTRICOS;;
2328;TABLERO MONO 3 CIRCUITOS AVE;ELECTRICOS;;
2329;TABLERO MONO 4 CIRCUITOS;ELECTRICOS;;
2331CA;TACHUELA TAPICERA 1/2 CAJA;HERRAJES Y SOPORTES;;
2331D;TACHUELA TAPICERA 1/2 1 DOC;HERRAJES Y SOPORTES;;
2333CA;TACHUELA TAPICERA 3/4 CAJA;HERRAJES Y SOPORTES;;
2333D;TACHUELA TAPICERA 3/4 1 DOC;HERRAJES Y SOPORTES;;
2335CA;TACHUELA TAPICERA 5/8 CAJA;HERRAJES Y SOPORTES;;
2335D;TACHUELA TAPICERA 5/8 DOC;HERRAJES Y SOPORTES;;
2337CA;TACHUELA TAPICERA 9/16 CAJA;HERRAJES Y SOPORTES;;
2337D;TACHUELA TAPICERA 9/16 DOC;HERRAJES Y SOPORTES;;
2338;TACO BREAKER 20 AMP LUMINEX;ELECTRICOS;;
2339;TACO BREAKER 40 AMP LUMINEX;ELECTRICOS;;
2340;TACO BREAKER 50 AMP LUMINEX;ELECTRICOS;;
2341;TACO BREAKER 1P 20A CILLES;ELECTRICOS;;
2342;TACO BREAKER 1P 32A CILLES;ELECTRICOS;;
2343;TACO BREAKER 1P 40A CILLES;ELECTRICOS;;
2344;TACO BREAKER 1P 50A CILLES;ELECTRICOS;;
2345;TALADRO 1/2 VV REV DWD024 DEWALT;HERRAMIENTA ELECTRICA;;
3215;TALADRO 3/8 PROFESIONAL 380W TRUPER;HERRAMIENTA ELECTRICA;;
2346;TALADRO PERCUTOR 1/2 LIV PRETUL;HERRAMIENTA ELECTRICA;;
;"TALADRO PERCUTOR 1/2"" PRO 600W TRUPER";HERRAMIENTA ELECTRICA;;
2348;TALADRO PERCUTOR ELECTRO NEUMATICO INDUSTRIAL TRUPER;HERRAMIENTA ELECTRICA;;
2349;"TALADRO PERCUTOR INDUSTRIAL 1/2"" 900 W TRUPER";HERRAMIENTA ELECTRICA;;
2350;TAPA CIEGA 2400 GALVANIZADA 4X4;ELECTRICOS;;
2351;TAPA CIEGA 2400 PLASTICA 4X4;ELECTRICOS;;
2352;TAPA CIEGA 5800 GALVANIZADA;ELECTRICOS;;
2353;TAPA CIEGA 5800 PLASTICA;ELECTRICOS;;
2354;"TAPA DE PRUEBA 11/2""";TUBERIAS Y ACCESORIOS;;
2355;"TAPA DE PRUEBA 2""";TUBERIAS Y ACCESORIOS;;
2356;"TAPA DE PRUEBA 3""";TUBERIAS Y ACCESORIOS;;
2357;"TAPA DE PRUEBA 4""";TUBERIAS Y ACCESORIOS;;
2358;TAPA HUECO CROMADO PAR;GRIFERIA;;
1316;TAPA HUECOS UND;ABRASIVOS Y CONSUMIBLES;;
2359;TAPA LICUADORA OSTER;HOGAR Y COCINA;;
2360;TAPA LICUADORA SAMURAI;HOGAR Y COCINA;;
2361;TAPA OIDOS COPA;DOTACION INDUSTRIAL;;
2362;TAPA REGISTRO 15X15 RIOPLAST;GRIFERIA;;
2363;TAPA REGISTRO 20X20 RIOPAST;GRIFERIA;;
2364;TAPA ROSETA GALVANIZADA;ELECTRICOS;;
2365;TAPA ROSETA PLASTICA;ELECTRICOS;;
2366;TAPABOCA ANTIFLUIDO LAVABLE MEDIA LUNA;DOTACION INDUSTRIAL;;
3175;TAPABOCAS QUIRURGICO AZUL UND;ELECTRICOS;;
2367;TAPABOCAS INDUSTRIAL;DOTACION INDUSTRIAL;;
2368;TAPAOIDOS COPA;DOTACION INDUSTRIAL;;
2369;TAPATORNILLO ADHESIVO UN;HERRAJES Y SOPORTES;;
2370;TAPATORNILLO BLANCO Y CAFE;HERRAJES Y SOPORTES;;
2371;"TAPON MACHO BRONCE 1/2""";PARTES Y REPUESTOS;;
2372;"TAPON MACHO BRONCE 1/4""";PARTES Y REPUESTOS;;
2373;"TAPON MACHO BRONCE 3/8""";PARTES Y REPUESTOS;;
2374;"TAPON COPA GALVANIZADO 1/2""";TUBERIAS Y ACCESORIOS;;
2375;"TAPON COPA GALVANIZADO 3/4""";TUBERIAS Y ACCESORIOS;;
2376;"TAPON COPA GALVANIZADO 3/8""";TUBERIAS Y ACCESORIOS;;
2377;"TAPON MACHO GALVANIZADO 1/2""";TUBERIAS Y ACCESORIOS;;
2378;"TAPON MACHO PVC ROSCA 1/2""";TUBERIAS Y ACCESORIOS;;
2379;TAPON DE OIDO ESPUMA POLIURETANO TRUPER;DOTACION INDUSTRIAL;;
2381;"TAPON HEMBRA ROSCADO PVC 11/2""";TUBERIAS Y ACCESORIOS;;
2382;"TAPON HEMBRA ROSCADO PVC 1""";TUBERIAS Y ACCESORIOS;;
2383;"TAPON HEMBRA ROSCADO PVC 1/2""";TUBERIAS Y ACCESORIOS;;
2384;"TAPON HEMBRA ROSCADO PVC 11/4""";TUBERIAS Y ACCESORIOS;;
2385;"TAPON HEMBRA ROSCADO PVC 2""";TUBERIAS Y ACCESORIOS;;
2386;"TAPON HEMBRA ROSCADO PVC 3/4""";TUBERIAS Y ACCESORIOS;;
2387;TAPON HEMBRA LISO CPVC 1/2;TUBERIAS Y ACCESORIOS;;
2388;"TAPON HEMBRA LISO PVC 1""";TUBERIAS Y ACCESORIOS;;
2389;"TAPON HEMBRA LISO PVC 1/2""";TUBERIAS Y ACCESORIOS;;
2390;"TAPON HEMBRA LISO PVC 11/4""";TUBERIAS Y ACCESORIOS;;
2391;"TAPON HEMBRA LISO PVC 2""";TUBERIAS Y ACCESORIOS;;
2392;"TAPON HEMBRA LISO PVC 3/4""";TUBERIAS Y ACCESORIOS;;
2393;"TAPON HEMBRA LISO PVC 11/2""";TUBERIAS Y ACCESORIOS;;
2394;TARUGO MADERA 8MM;HERRAJES Y SOPORTES;;
3534;DESTORNILLADOR TATAMACO EN JUEGO SEGURITY;HERRAMIENTA MANUAL;;
3685;TEE ELECTRICA BLANCA;HERRAMIENTA MANUAL;;
2395;TEE MANGUERA METALICA 1/2;PARTES Y REPUESTOS;;
2396;TEE MANGUERA METALICA 1/4;PARTES Y REPUESTOS;;
2397;TEE MANGUERA METALICA 3/8;PARTES Y REPUESTOS;;
2398;"TEE GALVANIZADA 1/2""";TUBERIAS Y ACCESORIOS;;
2400;TEE COAXIAL PARA ANTENA;ELECTRICOS;;
2399;TEE ELECRICA AEREA PARA EXTENSION 15A KONTIKI;ELECTRICOS;;
3616;TEE ELECRICA NEGRA FALSO POLO A TIERRA;ELECTRICOS;;
2403;TEE ELECTRICA 15 AMP KONTIKI;ELECTRICOS;;
2401;TEE ELECTRICA CON POLO BLISTER;ELECTRICOS;;
2402;TEE ELECTRICA CON POLO NARANJA CAUCHO;ELECTRICOS;;
2404;TEE MANGUERA POLIETILENO 1/2;TUBERIAS Y ACCESORIOS;;
2405;"TEE PVC 1""";TUBERIAS Y ACCESORIOS;;
2406;"TEE PVC 1/2""";TUBERIAS Y ACCESORIOS;;
2407;"TEE PVC 11/2""";TUBERIAS Y ACCESORIOS;;
2408;"TEE PVC 11/4""";TUBERIAS Y ACCESORIOS;;
2409;"TEE PVC 2""";TUBERIAS Y ACCESORIOS;;
2410;"TEE PVC 3/4""";TUBERIAS Y ACCESORIOS;;
2411;"TEE ROSCA PVC 1/2""";TUBERIAS Y ACCESORIOS;;
2412;"TEE SANITARIO 11/2""";TUBERIAS Y ACCESORIOS;;
2413;"TEE SANITARIO 2""";TUBERIAS Y ACCESORIOS;;
2414;"TEE SANITARIO 3""";TUBERIAS Y ACCESORIOS;;
2415;"TEE SANITARIO 4""";TUBERIAS Y ACCESORIOS;;
2416;"TEE SANITARIO REDUCIDA 3""X 2";TUBERIAS Y ACCESORIOS;;
228;TEJA PLASTICA MARFIL TIPO ETERNIT #5 152X92CM GERFOR;CONSTRUCCION;;
244;TEJA PLASTICA MARFIL TIPO ETERNIT #6 183X92CM GERFOR;CONSTRUCCION;;
3190;TEJANIT 1/32 PARA TEJA DE ETERNIT;CONSTRUCCION;;
2423;TELA POLIESTER IMPERMEABILIZANTE 1X 1MT;CONSTRUCCION;;
2424;TELA VERDE POLISOMBRA 2MT X1MT;CONSTRUCCION;;
2425;"TENAZA CARPINTERO 8""";HERRAMIENTA MANUAL;;
2426;TENSOR 3/16;TORNILLERIA;;
2427;TENSOR 3/8;TORNILLERIA;;
2428;TENSOR 5/16;TORNILLERIA;;
3238;TERMINAL ANILLO  3/8 10 MM CABLE 22-16 AWG ROJO MAX 19A;ELECTRICOS;;
3256;TERMINAL ANILLO  5/32 4 MM CABLE 16-14 AWG AZUL MAX 27A;ELECTRICOS;;
3244;TERMINAL ANILLO 1/2 12 MM CABLE 12-10 AWG AMARILLO MAX 48A;ELECTRICOS;;
3247;TERMINAL ANILLO 1/4 6 MM CABLE 12-10 AWG AMARILO MAX 48A;ELECTRICOS;;
3255;TERMINAL ANILLO 1/4 6 MM CABLE 16-14 AWG AZUL MAX 27A;ELECTRICOS;;
3234;TERMINAL ANILLO 1/4? 6 MM CABLE 22-16 AWG ROJO MAX 19A;ELECTRICOS;;
3235;"TERMINAL ANILLO 1/8"" 3.5 MM CABLE 22-16 AWG ROJO MAX 19A";ELECTRICOS;;
3249;TERMINAL ANILLO 1/8? 3.5 MM CABLE 12-10 AWG AMARILLO MAX 48A;ELECTRICOS;;
3236;TERMINAL ANILLO 1/8? 3.5 MM CABLE 16-14 AWG AZUL MAX 27A;ELECTRICOS;;
3253;TERMINAL ANILLO 3/16? 5 MM CABLE 12-10 AWG AMARILLO MAX 48A;ELECTRICOS;;
3248;TERMINAL ANILLO 3/8? 10 MM CABLE 12-10 AWG AMARILLO MAX 48A;ELECTRICOS;;
3242;TERMINAL ANILLO 3/8? 10 MM CABLE 16-14 AWG AZUL MAX 27A;ELECTRICOS;;
3245;TERMINAL ANILLO 5/16? 8 MM CABLE 16-14 AWG AZUL MAX 27A;ELECTRICOS;;
3239;TERMINAL ANILLO 5/16? 8 MM CABLE 22-16 AWG ROJO MAX 19A;ELECTRICOS;;
3259;TERMINAL ANILLO 5/32? 4 MM CABLE 12-10 AWG AMARILLO MAX 48A;ELECTRICOS;;
3237;TERMINAL ANILLO 5/32? 4 MM CABLE 22-16 AWG COLOR ROJO MAX 19A;ELECTRICOS;;
3651;"TERMINAL ANILLO COBRE 1/4"" 6 MM CABLE 8 AWG";ELECTRICOS;;
3650;"TERMINAL ANILLO COBRE 3/16"" 5 MM CABLE 8 AWG";ELECTRICOS;;
3652;"TERMINAL ANILLO COBRE 3/8"" 10 MM CABLE 8 AWG";ELECTRICOS;;
3653;"TERMINAL ANILLO COBRE 5/16"" 8 MM CABLE 8 AWG";ELECTRICOS;;
3405;TERMINAL COBRE 150 A;ELECTRICOS;;
3404;TERMINAL COBRE 250 A;ELECTRICOS;;
3654;TERMINAL COBRE BATERIA ABIERTO CABLE 4-2 AWG MAX 95A;ELECTRICOS;;
2429;TERMINAL CONDUIT 1 PAVCO;TUBERIAS Y ACCESORIOS;;
2430;"TERMINAL CONDUIT 1""";TUBERIAS Y ACCESORIOS;;
2431;"TERMINAL CONDUIT 1/2""";TUBERIAS Y ACCESORIOS;;
2432;TERMINAL CONDUIT 3/4 PVC PAVCO;TUBERIAS Y ACCESORIOS;;
2433;"TERMINAL CONDUIT 3/4""";TUBERIAS Y ACCESORIOS;;
2434;TERMINAL CORTINA 3/4 CAFE;HERRAJES Y SOPORTES;;
2435;TERMINAL CORTINA 3/4 DORADA;HERRAJES Y SOPORTES;;
2436;TERMINAL CORTINA 3/4 PLATEADA;HERRAJES Y SOPORTES;;
2437;TERMINAL CORTINA 5/8 CAFE;HERRAJES Y SOPORTES;;
2438;TERMINAL CORTINA 5/8 DORADO;HERRAJES Y SOPORTES;;
2439;TERMINAL CORTINA 5/8 PLATEADO;HERRAJES Y SOPORTES;;
3431;TERMINAL DE COBRE MACHO O HEMBRA;ELECTRICOS;;
3647;TERMINAL EMPALME TOPE, PARA CABLE 12-10 AWG, CON AISLANTE AMARILLO MAX 48A;ELECTRICOS;;
3634;"TERMINAL HEMBRA MACHO 250 1/4"" CABLE 16-14 AWG AZUL MAX 27A";ELECTRICOS;;
3620;"TERMINAL HEMBRA RECTA 110"" CABLE 22-16 AWG ROJO MAX 19A";ELECTRICOS;;
3622;TERMINAL HEMBRA RECTA 187 CABLE 16-14 AWG AZUL MAX 27A;ELECTRICOS;;
3621;TERMINAL HEMBRA RECTA 187 CABLE 22-16 AWG ROJO MAX 19A;ELECTRICOS;;
3636;"TERMINAL HEMBRA RECTA 250"" 1/4"" CABLE 16-14 AWG AMARILLO MAX 27A";ELECTRICOS;;
3635;"TERMINAL HEMBRA RECTA 250"" 1/4"" CABLE 22-16AWG ROJO MAX 19A";ELECTRICOS;;
3625;"TERMINAL HEMBRA RECTA 250 1/4"" CABLE 12-10 AWG AMARILLO MAX 48A";ELECTRICOS;;
3624;"TERMINAL HEMBRA RECTA 250 1/4"" CABLE 16-14 AWG AZUL MAX 27A";ELECTRICOS;;
3623;"TERMINAL HEMBRA RECTA 250 1/4"" CABLE 22-16 AWG ROJO MAX 19A";ELECTRICOS;;
3628;"TERMINAL HEMBRA RECTA 250 1/4"" CABLE 22-16 AWG ROJO MAX 19A";ELECTRICOS;;
3630;"TERMINAL HEMBRA RECTA 250 1/4""CABLE 12-10 AWG AMARILLO MAX 48A";ELECTRICOS;;
3629;"TERMINAL HEMBRA RECTA 250 o  1/4"" CABLE 16-14 AWG AZUL MAX 27A";ELECTRICOS;;
3626;TERMINAL HEMBRA RECTA 312 CABLE 16-14 AWG AZUL MAX 27A;ELECTRICOS;;
3627;TERMINAL HEMBRA RECTA 375 CABLE 12-10 AWG AMARILLO MAX 48A;ELECTRICOS;;
3642;"TERMINAL HEMBRA REDONDA 156"" 4 MM CABLE 22-16 AWG ROJO MAX 19A";ELECTRICOS;;
3643;TERMINAL HEMBRA REDONDA 156 4 MM CABLE 16-14 AWG AZUL MAX 27A;ELECTRICOS;;
3645;TERMINAL HEMBRA REDONDA 195 5 MM CABLE 12-10 AWG AMARILLO MAX 48A;ELECTRICOS;;
3644;TERMINAL HEMBRA REDONDA 195 5 MM CABLE 16-14 AWG AZUL MAX 27A;ELECTRICOS;;
3618;TERMINAL HORQUILLA 1/4 6 MM CABLE 12-10 AWG AMARILLO MAX 48A;ELECTRICOS;;
3254;TERMINAL HORQUILLA 1/4 6 MM CABLE 16-14 AWG AZUL MAX 27A;ELECTRICOS;;
3240;TERMINAL HORQUILLA 1/4 6 MM CABLE 22-16 AWG ROJO MAX 19A;ELECTRICOS;;
3241;"TERMINAL HORQUILLA 1/8"" 3.5 MM CABLE 22-16 AWG ROJO MAX 19A";ELECTRICOS;;
3258;TERMINAL HORQUILLA 1/8 3.5 MM CABLE 12-10 AWG AMARILLO MAX 48A;ELECTRICOS;;
3250;TERMINAL HORQUILLA 1/8 3.5 MM CABLE 16-14 AWG AZUL MAX 27A;ELECTRICOS;;
3252;TERMINAL HORQUILLA 3/16 5 MM CABLE 16-14 AWG AZUL MAX 27A;ELECTRICOS;;
3243;TERMINAL HORQUILLA 3/16 5 MM CABLE 22-16 AWG ROJO MAX 19A;ELECTRICOS;;
3257;TERMINAL HORQUILLA 5/16 8 MM CABLE 16-14 AWG AZUL MAX 27A;ELECTRICOS;;
3619;TERMINAL HORQUILLA 5/16 8 MM CABLE AWG AMARILLO MAX 48A;ELECTRICOS;;
3251;"TERMINAL HORQUILLA 5/32 "" 4 MM CABLE 22-16 AWG ROJO MAX 19A";ELECTRICOS;;
3246;TERMINAL HORQUILLA 5/32 4 MM CABLE 16-14 AWG AZUL MAX 27A;ELECTRICOS;;
3631;TERMINAL MACHO PLANO 187 CABLE 16-14 AWG AZUL MAX 27A;ELECTRICOS;;
3638;"TERMINAL MACHO PLANO 250"" 1/4"" CABLE 16-14 AWG AMARILLO MAX 27A";ELECTRICOS;;
3637;"TERMINAL MACHO PLANO 250"" 1/4"" CABLE 22-16 AWG ROJO MAX 19A";ELECTRICOS;;
3633;"TERMINAL MACHO PLANO 250 1/4 "" CABLE 12-10 AWG AMARILLO MAX 48A";ELECTRICOS;;
3632;"TERMINAL MACHO PLANO 250 1/4"" CABLE 16-14 AWG AZUL MAX 27A";ELECTRICOS;;
3639;TERMINAL MACHO REDONDO 156 4 MM CABLE 16-14 AWG AZUL MAX 27A;ELECTRICOS;;
3641;TERMINAL MACHO REDONDO 195 5 MM CABLE 12-10 AWG AMARILLO MAX 48A;ELECTRICOS;;
3640;TERMINAL MACHO REDONDO 195 5 MM CABLE 16-14 AWG AZUL CORRIENTE MAX 27A;ELECTRICOS;;
3692;TERMINAL OJO 1/8 - 5/32 - 3/16;ELECTRICOS;;
2440;TERMINAL ANTENA ROSCA RG 6 OCCI;ELECTRICOS;;
3646;TERMINAL PIN PUNTA DE CABLE 12-10 AWG AMARILLO MAX 48A;ELECTRICOS;;
2443;TERMINAL TELMEX ANTENA NEGRA TAURUS;ELECTRICOS;;
2444;TESTER 14 CM TIPO ESFERO TRUPER;ELECTRICOS;;
2445;TESTER 19 CM TRUPER;ELECTRICOS;;
2447;TESTER DIGITAL DE TENSION TRUPER;ELECTRICOS;;
2451;THINNER EXTRAFINO 1 GALON CON ENVASE;PINTURAS Y DISOLVENTES;;
2452;THINNER EXTRAFINO 1 GALON SIN ENVASE;PINTURAS Y DISOLVENTES;;
2448;THINNER EXTRAFINO 1/2 BOTELLA 375CC;PINTURAS Y DISOLVENTES;;
2449;THINNER EXTRAFINO 1/2 GALON;PINTURAS Y DISOLVENTES;;
2453;THINNER EXTRAFINO 5 GALONES CON ENVASE;PINTURAS Y DISOLVENTES;;
2454;THINNER EXTRAFINO 5 GALONES SIN ENVASE;PINTURAS Y DISOLVENTES;;
2455;"TIJERA CASA OFICINA 6"" PRETUL";HERRAMIENTA MANUAL;;
3463;TIJERA DE AVIACION CORTE RECTO;HERRAMIENTA MANUAL;;
2456;TIJERA ECO PARA PODA 48 CM PRETUL;HERRAMIENTA MANUAL;;
2457;"TIJERA ESCOLAR 4-1/2"" PRETUL";HERRAMIENTA MANUAL;;
3345;"TIJERA CASA Y  OFICINA 7"" PRETUL";DOTACION INDUSTRIAL;;
2459;"TIJERA OFICINA 8""PRETUL";HERRAMIENTA MANUAL;;
3593;"TIJERA PARA SASTRE 8"" TRUPER";HERRAMIENTA MANUAL;;
2460;TIJERA PODA CUCHILLA PASO PRETUL;HERRAMIENTA MANUAL;;
2461;TIMBRE CON PLACA 110/150 VERA;ELECTRICOS;;
2462;TIMBRE DING DONG BLANCO 110-150 VERA;ELECTRICOS;;
2463;TIMBRE INALAMBRICO 110V VERA;ELECTRICOS;;
2464;TIMBRE INALAMBRICO ECO;ELECTRICOS;;
2465;"TIMBRE INDUSTRIAL 110 -150  4"" VERA";ELECTRICOS;;
2466;TINTE CAOBA 200CC SUPER;PINTURAS Y DISOLVENTES;;
2467;TINTE CARAMELO 200CC SUPER;PINTURAS Y DISOLVENTES;;
2468;TINTE MIEL 200 CC SUPER;PINTURAS Y DISOLVENTES;;
2469;TINTE NEGRO 200 CC SUPER;PINTURAS Y DISOLVENTES;;
2471;MANIJA ZAMAK NIQUEL 88MM VERA;HERRAJES Y SOPORTES;;
3266;TIZA INDUSTRIAL;HERRAMIENTA MANUAL;;
3295;TOALLERO MULTIUSOS (GANCHO)PLASTGRIFOS;HOGAR Y COCINA;;
3305;TOALLERO REDONDO PLASTGRIFOS;GRIFERIA;;
3382;TOALLITAS PEQUEï¿½A;ASEO;;
3296;TOMA  AEREA CODELCA 2X20;ELECTRICOS;;
2472;TOMA AEREA DOMESTICA 15 AMP KONTIKI;ELECTRICOS;;
2474;TOMA AEREA INDUSTRIAL 15 AMP P/TIERRA KONTIKI;ELECTRICOS;;
2475;TOMA AEREA PLASTICA BLANCA AVE;ELECTRICOS;;
3199;TOMA DOBLE GFCI BLANCA MERCURY;ELECTRICOS;;
3523;TOMA DOBLE DE SOBREPONER MERCURY;ELECTRICOS;;
2479;TOMA DOBLE SOBREPONER P/T BLANCA DUOMO AVE;ELECTRICOS;;
2480;TOMA HUEVO SENCILLA DE SOBREPONER;ELECTRICOS;;
2481;TOMA INCRUSTAR BIFASICA 20 A KONTIKI;ELECTRICOS;;
2482;TOMA INCRUSTAR TRIFASICA 20 A CODELCA;ELECTRICOS;;
2485;TOMA TELEFONO RJ 11 + COAXIAL DUOMO AVE;ELECTRICOS;;
2484;TOMA TELEFONO RJ11 (4h) DUOMO AVE;ELECTRICOS;;
2486;TOMA TIPO LEVINTON BEIGE CON TAPA;ELECTRICOS;;
2487;TOMA TRIFASICA 50A CODELCA;ELECTRICOS;;
3608;TOMA TV COAXIAL DUOMO BLANCA;ELECTRICOS;;
2489;TOPE DE RESORTE ZINC;HERRAJES Y SOPORTES;;
2490;TOPE IMAN;HERRAJES Y SOPORTES;;
2491;TOPE RODILLO;HERRAJES Y SOPORTES;;
2492;TORNILLO AVELLANA PUNTA DE BROCA 8X1 UN;TORNILLERIA;;
2493;"TORNILLO CARRIAJE RO ZINC 1/4X1""UN";TORNILLERIA;;
2494;"TORNILLO CARRIAJE RO ZINC 1/4X1/2""UN";TORNILLERIA;;
2495;"TORNILLO CARRIAJE RO ZINC 1/4X11/2""UN";TORNILLERIA;;
2496;"TORNILLO CARRIAJE RO ZINC 1/4X11/4""UN";TORNILLERIA;;
2497;"TORNILLO CARRIAJE RO ZINC 1/4X2""UN";TORNILLERIA;;
2498;"TORNILLO CARRIAJE RO ZINC 1/4X21/2""UN";TORNILLERIA;;
2499;"TORNILLO CARRIAJE RO ZINC 1/4X3""UN";TORNILLERIA;;
2500;"TORNILLO CARRIAJE RO ZINC 1/4X3/4""UN";TORNILLERIA;;
2501;"TORNILLO CARRIAJE RO ZINC 5/16X1""UN";TORNILLERIA;;
2502;"TORNILLO CARRIAJE RO ZINC 5/16X11/2""UN";TORNILLERIA;;
3578;"TORNILLO CARRIAJE RO ZINC 5/16X11/4""UN";TORNILLERIA;;
2503;"TORNILLO CARRIAJE RO ZINC 5/16X2""UN";TORNILLERIA;;
2504;"TORNILLO CARRIAJE RO ZINC 5/16X21/2""UN";TORNILLERIA;;
2505;"TORNILLO CARRIAJE RO ZINC 5/16X3""UN";TORNILLERIA;;
2506;"TORNILLO CARRIAJE RO ZINC 5/16X3/4""UN";TORNILLERIA;;
2507;"TORNILLO CARRIAJE RO ZINC 5/16X31/2""UN";TORNILLERIA;;
2508;"TORNILLO CARRIAJE RO ZINC 5/16X4""UN";TORNILLERIA;;
2509;"TORNILLO CARRIAJE RO ZINC 5/16X41/2""UN";TORNILLERIA;;
2511;"TORNILLO CARRIAJE RO ZINC 5/16X5""UN";TORNILLERIA;;
2510;"TORNILLO CARRIAJE RO ZINC 5/16X51/2""UN";TORNILLERIA;;
2512;TORNILLO CR MM 4X25;TORNILLERIA;;
2513;TORNILLO CR MM 4X30;TORNILLERIA;;
2514;TORNILLO CR MM 4X40;TORNILLERIA;;
2515;TORNILLO CR MM 5X25;TORNILLERIA;;
2516;TORNILLO CR MM 5X30;TORNILLERIA;;
2517;TORNILLO CR MM 5X40;TORNILLERIA;;
2518;TORNILLO CR MM 6X25;TORNILLERIA;;
2519;TORNILLO CR MM 6X30;TORNILLERIA;;
2520;TORNILLO CR MM 6X40;TORNILLERIA;;
3579;TORNILLO CR MM 8X30;TORNILLERIA;;
3580;TORNILLO CR MM 8X40;TORNILLERIA;;
2521;"TORNILLO CR RO ZINC 1/4X1""UN";TORNILLERIA;;
2522;"TORNILLO CR RO ZINC 1/4X1/2""UN";TORNILLERIA;;
2523;"TORNILLO CR RO ZINC 1/4X11/2""UN";TORNILLERIA;;
2524;"TORNILLO CR RO ZINC 1/4X11/4""UN";TORNILLERIA;;
2525;"TORNILLO CR RO ZINC 1/4X2""UN";TORNILLERIA;;
2526;"TORNILLO CR RO ZINC 1/4X21/2""UN";TORNILLERIA;;
2527;"TORNILLO CR RO ZINC 1/4X3""UN";TORNILLERIA;;
2528;"TORNILLO CR RO ZINC 1/4X3/4""UN";TORNILLERIA;;
2529;"TORNILLO CR RO ZINC 1/8X1""UN";TORNILLERIA;;
2530;"TORNILLO CR RO ZINC 1/8X1/2""UN";TORNILLERIA;;
2531;"TORNILLO CR RO ZINC 1/8X11/2""UN";TORNILLERIA;;
2532;"TORNILLO CR RO ZINC 1/8X11/4""UN";TORNILLERIA;;
2533;"TORNILLO CR RO ZINC 1/8X2""UN";TORNILLERIA;;
2534;"TORNILLO CR RO ZINC 1/8X21/2""UN";TORNILLERIA;;
2535;"TORNILLO CR RO ZINC 1/8X3""UN";TORNILLERIA;;
2536;"TORNILLO CR RO ZINC 1/8X3/4""UN";TORNILLERIA;;
2537;"TORNILLO CR RO ZINC 3/16X1""UN";TORNILLERIA;;
2539;"TORNILLO CR RO ZINC 3/16X11/2""UN";TORNILLERIA;;
2540;"TORNILLO CR RO ZINC 3/16X11/4""UN";TORNILLERIA;;
2541;"TORNILLO CR RO ZINC 3/16X2""UN";TORNILLERIA;;
2542;"TORNILLO CR RO ZINC 3/16X21/2""UN";TORNILLERIA;;
2543;"TORNILLO CR RO ZINC 3/16X3""UN";TORNILLERIA;;
2544;"TORNILLO CR RO ZINC 3/16X3/4""UN";TORNILLERIA;;
2546;"TORNILLO CR RO ZINC 5/32X1/2""UN";TORNILLERIA;;
2547;"TORNILLO CR RO ZINC 5/32X11/2""UN";TORNILLERIA;;
2548;"TORNILLO CR RO ZINC 5/32X11/4""UN";TORNILLERIA;;
2549;"TORNILLO CR RO ZINC 5/32X2""UN";TORNILLERIA;;
2551;"TORNILLO CR RO ZINC 5/32X3""UN";TORNILLERIA;;
2552;"TORNILLO CR RO ZINC 5/32X3/4""UN";TORNILLERIA;;
2555C;"TORNILLO DRYWALL 10X1"" 50";TORNILLERIA;;
2555D;"TORNILLO DRYWALL 10X1"" DOC";TORNILLERIA;;
2555;"TORNILLO DRYWALL 10X1"" UN";TORNILLERIA;;
2558C;"TORNILLO DRYWALL 10X11/2"" 50";TORNILLERIA;;
2558D;"TORNILLO DRYWALL 10X11/2"" DOC";TORNILLERIA;;
2558;"TORNILLO DRYWALL 10X11/2"" UN";TORNILLERIA;;
2561C;"TORNILLO DRYWALL 10X11/4"" 50";TORNILLERIA;;
2561D;"TORNILLO DRYWALL 10X11/4"" DOC";TORNILLERIA;;
2561;"TORNILLO DRYWALL 10X11/4"" UN";TORNILLERIA;;
2564C;"TORNILLO DRYWALL 10X2"" 50";TORNILLERIA;;
2564D;"TORNILLO DRYWALL 10X2"" DOC";TORNILLERIA;;
2564;"TORNILLO DRYWALL 10X2"" UN";TORNILLERIA;;
2567C;"TORNILLO DRYWALL 10X21/2"" 50";TORNILLERIA;;
2567D;"TORNILLO DRYWALL 10X21/2"" DOC";TORNILLERIA;;
2567;"TORNILLO DRYWALL 10X21/2"" UN";TORNILLERIA;;
2570C;"TORNILLO DRYWALL 10X3"" 50";TORNILLERIA;;
2570D;"TORNILLO DRYWALL 10X3"" DOC";TORNILLERIA;;
2570;"TORNILLO DRYWALL 10X3"" UN";TORNILLERIA;;
2573C;"TORNILLO DRYWALL 6X1"" 50";TORNILLERIA;;
2573D;"TORNILLO DRYWALL 6X1"" DOC";TORNILLERIA;;
2573;"TORNILLO DRYWALL 6X1"" UN";TORNILLERIA;;
2576C;"TORNILLO DRYWALL 6X1/2"" 50";TORNILLERIA;;
2576D;"TORNILLO DRYWALL 6X1/2"" DOC";TORNILLERIA;;
2576;"TORNILLO DRYWALL 6X1/2"" UN";TORNILLERIA;;
2579C;"TORNILLO DRYWALL 6X11/2"" 50";TORNILLERIA;;
2579D;"TORNILLO DRYWALL 6X11/2"" DOC";TORNILLERIA;;
2579;"TORNILLO DRYWALL 6X11/2"" UN";TORNILLERIA;;
2582C;"TORNILLO DRYWALL 6X11/4"" 50";TORNILLERIA;;
2582D;"TORNILLO DRYWALL 6X11/4"" DOC";TORNILLERIA;;
2582;"TORNILLO DRYWALL 6X11/4"" UN";TORNILLERIA;;
2585C;"TORNILLO DRYWALL 6X2"" 50";TORNILLERIA;;
2585D;"TORNILLO DRYWALL 6X2"" DOC";TORNILLERIA;;
2588C;"TORNILLO DRYWALL 6X21/2"" 50";TORNILLERIA;;
2588D;"TORNILLO DRYWALL 6X21/2"" DOC";TORNILLERIA;;
2591C;"TORNILLO DRYWALL 6X3"" 50";TORNILLERIA;;
2591D;"TORNILLO DRYWALL 6X3"" DOC";TORNILLERIA;;
2591;"TORNILLO DRYWALL 6X3"" UN";TORNILLERIA;;
2594C;"TORNILLO DRYWALL 6X3/4"" 50";TORNILLERIA;;
2594D;"TORNILLO DRYWALL 6X3/4"" DOC";TORNILLERIA;;
2594;"TORNILLO DRYWALL 6X3/4"" UN";TORNILLERIA;;
2597C;"TORNILLO DRYWALL 8X1"" 50";TORNILLERIA;;
2597D;"TORNILLO DRYWALL 8X1"" DOC";TORNILLERIA;;
2597;"TORNILLO DRYWALL 8X1"" UN";TORNILLERIA;;
2602C;"TORNILLO DRYWALL 8X11/2"" 50";TORNILLERIA;;
2602D;"TORNILLO DRYWALL 8X11/2"" DOC";TORNILLERIA;;
2602;"TORNILLO DRYWALL 8X11/2"" UN";TORNILLERIA;;
2605C;"TORNILLO DRYWALL 8X11/4"" 50";TORNILLERIA;;
2605D;"TORNILLO DRYWALL 8X11/4"" DOC";TORNILLERIA;;
2605;"TORNILLO DRYWALL 8X11/4"" UN";TORNILLERIA;;
2608C;"TORNILLO DRYWALL 8X2"" 50";TORNILLERIA;;
2608D;"TORNILLO DRYWALL 8X2"" DOC";TORNILLERIA;;
2608;"TORNILLO DRYWALL 8X2"" UN";TORNILLERIA;;
2611C;"TORNILLO DRYWALL 8X21/2"" 50";TORNILLERIA;;
2611D;"TORNILLO DRYWALL 8X21/2"" DOC";TORNILLERIA;;
2611;"TORNILLO DRYWALL 8X21/2"" UN";TORNILLERIA;;
2614C;"TORNILLO DRYWALL 8X3"" 50";TORNILLERIA;;
2614D;"TORNILLO DRYWALL 8X3"" DOC";TORNILLERIA;;
2614;"TORNILLO DRYWALL 8X3"" UN";TORNILLERIA;;
2617C;"TORNILLO DRYWALL 8X3/4"" 50";TORNILLERIA;;
2617D;"TORNILLO DRYWALL 8X3/4"" DOC";TORNILLERIA;;
2617;"TORNILLO DRYWALL 8X3/4"" UN";TORNILLERIA;;
2620C;"TORNILLO FRAMING PUNTA AGUDA 7X7/16"" 50";TORNILLERIA;;
2620D;"TORNILLO FRAMING PUNTA AGUDA 7X7/16"" DOC";TORNILLERIA;;
2620;"TORNILLO FRAMING PUNTA AGUDA 7X7/16"" UN";TORNILLERIA;;
2621;"TORNILLO HEX LAMINA 1/4X 1""";TORNILLERIA;;
2622;"TORNILLO HEX LAMINA 1/4X 1/2""";TORNILLERIA;;
2623;"TORNILLO HEX LAMINA 1/4X 11/2""";TORNILLERIA;;
2624;"TORNILLO HEX LAMINA 1/4X 2""";TORNILLERIA;;
2625;"TORNILLO HEX LAMINA 1/4X 3""";TORNILLERIA;;
2626;"TORNILLO HEX LAMINA 1/4X 3/4""";TORNILLERIA;;
3507;"TORNILLO HEX LAMINA 1/4X11/4""";TORNILLERIA;;
2627;"TORNILLO HEX LAMINA 5/16X 1""";TORNILLERIA;;
2628;"TORNILLO HEX LAMINA 5/16X 11/2""";TORNILLERIA;;
2629;"TORNILLO HEX LAMINA 5/16X 3/4""";TORNILLERIA;;
3506;"TORNILLO HEX LAMINA 5/16X2""";TORNILLERIA;;
2630;TORNILLO HEX MM IRIZADO 8X30;TORNILLERIA;;
2631;TORNILLO HEX MM IRIZADO 8X35;TORNILLERIA;;
2632;TORNILLO HEX MM IRIZADO 8X40;TORNILLERIA;;
2633;"TORNILLO HEX RO ZINC 1/2X1""UN";TORNILLERIA;;
2634;"TORNILLO HEX RO ZINC 1/2X11/2""UN";TORNILLERIA;;
2635;"TORNILLO HEX RO ZINC 1/2X11/4""UN";TORNILLERIA;;
2637;"TORNILLO HEX RO ZINC 1/2X3""UN";TORNILLERIA;;
2638;"TORNILLO HEX RO ZINC 1/2X4""UN";TORNILLERIA;;
2640;"TORNILLO HEX RO ZINC 1/4X1/2""UN";TORNILLERIA;;
2642;"TORNILLO HEX RO ZINC 1/4X11/4""UN";TORNILLERIA;;
2643;"TORNILLO HEX RO ZINC 1/4X2""UN";TORNILLERIA;;
2644;"TORNILLO HEX RO ZINC 1/4X21/2""UN";TORNILLERIA;;
2645;"TORNILLO HEX RO ZINC 1/4X3""UN";TORNILLERIA;;
2646;"TORNILLO HEX RO ZINC 1/4X3/4""UN";TORNILLERIA;;
2648;"TORNILLO HEX RO ZINC 3/8X11/2""UN";TORNILLERIA;;
2649;"TORNILLO HEX RO ZINC 3/8X11/4""UN";TORNILLERIA;;
2650;"TORNILLO HEX RO ZINC 3/8X2""UN";TORNILLERIA;;
2651;"TORNILLO HEX RO ZINC 3/8X21/2""UN";TORNILLERIA;;
2652;"TORNILLO HEX RO ZINC 3/8X3""UN";TORNILLERIA;;
2653;"TORNILLO HEX RO ZINC 3/8X3/4""UN";TORNILLERIA;;
2654;"TORNILLO HEX RO ZINC 3/8X31/2""UN";TORNILLERIA;;
2655;"TORNILLO HEX RO ZINC 3/8X4""UN";TORNILLERIA;;
2656;"TORNILLO HEX RO ZINC 3/8X41/2""UN";TORNILLERIA;;
2657;"TORNILLO HEX RO ZINC 3/8X5""UN";TORNILLERIA;;
2658;"TORNILLO HEX RO ZINC 3/8X6""UN";TORNILLERIA;;
2659;"TORNILLO HEX RO ZINC 5/16X1""UN";TORNILLERIA;;
2660;"TORNILLO HEX RO ZINC 5/16X11/2""UN";TORNILLERIA;;
2662;"TORNILLO HEX RO ZINC 5/16X2""UN";TORNILLERIA;;
2663;"TORNILLO HEX RO ZINC 5/16X21/2""UN";TORNILLERIA;;
2664;"TORNILLO HEX RO ZINC 5/16X3""UN";TORNILLERIA;;
2665;"TORNILLO HEX RO ZINC 5/16X3/4""UN";TORNILLERIA;;
2667;"TORNILLO HEX RO ZINC 5/16X4""UN";TORNILLERIA;;
2668;"TORNILLO HEX RO ZINC 5/16X41/2""UN";TORNILLERIA;;
2669;"TORNILLO HEX RO ZINC 5/16X5""UN";TORNILLERIA;;
2670;"TORNILLO HEX RO ZINC 5/16X51/2""UN";TORNILLERIA;;
2671;"TORNILLO HEX RO ZINC 5/16X6""UN";TORNILLERIA;;
2672;"TORNILLO HEX RO ZINC 7/16X1""UN";TORNILLERIA;;
2675;"TORNILLO HEX RO ZINC 7/16X3""UN";TORNILLERIA;;
2676;"TORNILLO HEX RO ZINC 7/16X4""UN";TORNILLERIA;;
3567;TORNILLO CR MM 4X15;TORNILLERIA;;
3568;TORNILLO CR MM 5X15;TORNILLERIA;;
3566;TORNILLO CR MM 6X15;TORNILLERIA;;
2677;TORNILLO HEX FLANGE IRIZ 6X10;TORNILLERIA;;
2678;TORNILLO HEX FLANGE IRIZ 6X15;TORNILLERIA;;
2679;TORNILLO HEX FLANGE IRIZ 6X20;TORNILLERIA;;
2680;TORNILLO HEX FLANGE IRIZ 6X25;TORNILLERIA;;
3581;TORNILLO HEX MM IRIZ 8X25;TORNILLERIA;;
2681;TORNILLO HEX FLANGE IRIZ 6X30;TORNILLERIA;;
2682;TORNILLO HEX FLANGE IRIZ 6X40;TORNILLERIA;;
3582;"TORNILLO HEXAGONAL LAMINA PUNTA BROCA ANP 10 X11/4""";TORNILLERIA;;
3583;TORNILLO HEXAGONAL LAMINA PUNTA BROCA 10X3/4;TORNILLERIA;;
2683;"TORNILLO KLATH P/AGUDA 8X1/2"" UN";TORNILLERIA;;
3217;"TORNILLO KLATH P/AGUDA 8X1/2""DOC";TORNILLERIA;;
2684;"TORNILLO KLATH P/BROCA 8X1"" UN";TORNILLERIA;;
2684C;"TORNILLO KLATH P/BROCA 8X1""50";TORNILLERIA;;
2684D;"TORNILLO KLATH P/BROCA 8X1""DOC";TORNILLERIA;;
2685;"TORNILLO KLATH P/BROCA 8X1/2"" UN";TORNILLERIA;;
2685C;"TORNILLO KLATH P/BROCA 8X1/2""50";TORNILLERIA;;
2686;"TORNILLO KLATH P/BROCA 8X11/2"" UN";TORNILLERIA;;
2686C;"TORNILLO KLATH P/BROCA 8X11/2""50";TORNILLERIA;;
2686D;"TORNILLO KLATH P/BROCA 8X11/2""DOC";TORNILLERIA;;
2687;"TORNILLO KLATH P/BROCA 8X11/4"" UN";TORNILLERIA;;
2687C;"TORNILLO KLATH P/BROCA 8X11/4""50";TORNILLERIA;;
2687D;"TORNILLO KLATH P/BROCA 8X11/4""DOC";TORNILLERIA;;
2688;"TORNILLO KLATH P/BROCA 8X2"" UN";TORNILLERIA;;
2688C;"TORNILLO KLATH P/BROCA 8X2""50";TORNILLERIA;;
2688D;"TORNILLO KLATH P/BROCA 8X2""DOC";TORNILLERIA;;
2689;"TORNILLO KLATH P/BROCA 8X3/4"" UN";TORNILLERIA;;
2689C;"TORNILLO KLATH P/BROCA 8X3/4""50";TORNILLERIA;;
2689D;"TORNILLO KLATH P/BROCA 8X3/4""DOC";TORNILLERIA;;
2692C;"TORNILLO LAMINA 10X1"" 50";TORNILLERIA;;
2692D;"TORNILLO LAMINA 10X1"" DOC";TORNILLERIA;;
2692;"TORNILLO LAMINA 10X1"" UN";TORNILLERIA;;
2695C;"TORNILLO LAMINA 10X1/2"" 50";TORNILLERIA;;
2695D;"TORNILLO LAMINA 10X1/2"" DOC";TORNILLERIA;;
2695;"TORNILLO LAMINA 10X1/2"" UN";TORNILLERIA;;
2698C;"TORNILLO LAMINA 10X11/2"" 50";TORNILLERIA;;
2698D;"TORNILLO LAMINA 10X11/2"" DOC";TORNILLERIA;;
2698;"TORNILLO LAMINA 10X11/2"" UN";TORNILLERIA;;
2701C;"TORNILLO LAMINA 10X11/4"" 50";TORNILLERIA;;
2701D;"TORNILLO LAMINA 10X11/4"" DOC";TORNILLERIA;;
2701;"TORNILLO LAMINA 10X11/4"" UN";TORNILLERIA;;
2704C;"TORNILLO LAMINA 10X2"" 50";TORNILLERIA;;
2704D;"TORNILLO LAMINA 10X2"" DOC";TORNILLERIA;;
2704;"TORNILLO LAMINA 10X2"" UN";TORNILLERIA;;
2706D;"TORNILLO LAMINA 10X21/2"" DOC";TORNILLERIA;;
2706;"TORNILLO LAMINA 10X21/2"" UN";TORNILLERIA;;
2708D;"TORNILLO LAMINA 10X3"" DOC";TORNILLERIA;;
2708;"TORNILLO LAMINA 10X3"" UN";TORNILLERIA;;
2711C;"TORNILLO LAMINA 10X3/4"" 50";TORNILLERIA;;
2711D;"TORNILLO LAMINA 10X3/4"" DOC";TORNILLERIA;;
2711;"TORNILLO LAMINA 10X3/4"" UN";TORNILLERIA;;
2714C;"TORNILLO LAMINA 12X1"" 50";TORNILLERIA;;
2714D;"TORNILLO LAMINA 12X1"" DOC";TORNILLERIA;;
2714;"TORNILLO LAMINA 12X1"" UN";TORNILLERIA;;
2717C;"TORNILLO LAMINA 12X1/2"" 50";TORNILLERIA;;
2717D;"TORNILLO LAMINA 12X1/2"" DOC";TORNILLERIA;;
2717;"TORNILLO LAMINA 12X1/2"" UN";TORNILLERIA;;
2720C;"TORNILLO LAMINA 12X11/2"" 50";TORNILLERIA;;
2720D;"TORNILLO LAMINA 12X11/2"" DOC";TORNILLERIA;;
2720;"TORNILLO LAMINA 12X11/2"" UN";TORNILLERIA;;
2723C;"TORNILLO LAMINA 12X11/4"" 50";TORNILLERIA;;
2723D;"TORNILLO LAMINA 12X11/4"" DOC";TORNILLERIA;;
2723;"TORNILLO LAMINA 12X11/4"" UN";TORNILLERIA;;
2726C;"TORNILLO LAMINA 12X2"" 50";TORNILLERIA;;
2726D;"TORNILLO LAMINA 12X2"" DOC";TORNILLERIA;;
2726;"TORNILLO LAMINA 12X2"" UN";TORNILLERIA;;
2728D;"TORNILLO LAMINA 12X21/2"" DOC";TORNILLERIA;;
2728;"TORNILLO LAMINA 12X21/2"" UN";TORNILLERIA;;
2730D;"TORNILLO LAMINA 12X3"" DOC";TORNILLERIA;;
2730;"TORNILLO LAMINA 12X3"" UN";TORNILLERIA;;
2733C;"TORNILLO LAMINA 12X3/4"" 50";TORNILLERIA;;
2733D;"TORNILLO LAMINA 12X3/4"" DOC";TORNILLERIA;;
2733;"TORNILLO LAMINA 12X3/4"" UN";TORNILLERIA;;
2736C;"TORNILLO LAMINA 14X1"" 50";TORNILLERIA;;
2736D;"TORNILLO LAMINA 14X1"" DOC";TORNILLERIA;;
2736;"TORNILLO LAMINA 14X1"" UN";TORNILLERIA;;
2739C;"TORNILLO LAMINA 14X1/2"" 50";TORNILLERIA;;
2739D;"TORNILLO LAMINA 14X1/2"" DOC";TORNILLERIA;;
2739;"TORNILLO LAMINA 14X1/2"" UN";TORNILLERIA;;
2742C;"TORNILLO LAMINA 14X11/2"" 50";TORNILLERIA;;
2742D;"TORNILLO LAMINA 14X11/2"" DOC";TORNILLERIA;;
2742;"TORNILLO LAMINA 14X11/2"" UN";TORNILLERIA;;
2745C;"TORNILLO LAMINA 14X11/4"" 50";TORNILLERIA;;
2745D;"TORNILLO LAMINA 14X11/4"" DOC";TORNILLERIA;;
2748C;"TORNILLO LAMINA 14X2"" 50";TORNILLERIA;;
2748D;"TORNILLO LAMINA 14X2"" DOC";TORNILLERIA;;
2748;"TORNILLO LAMINA 14X2"" UN";TORNILLERIA;;
2750D;"TORNILLO LAMINA 14X21/2"" DOC";TORNILLERIA;;
2750;"TORNILLO LAMINA 14X21/2"" UN";TORNILLERIA;;
2752D;"TORNILLO LAMINA 14X3"" DOC";TORNILLERIA;;
2752;"TORNILLO LAMINA 14X3"" UN";TORNILLERIA;;
2755C;"TORNILLO LAMINA 14X3/4"" 50";TORNILLERIA;;
2755D;"TORNILLO LAMINA 14X3/4"" DOC";TORNILLERIA;;
2755;"TORNILLO LAMINA 14X3/4"" UN";TORNILLERIA;;
2758C;"TORNILLO LAMINA 4X1"" 50";TORNILLERIA;;
2758D;"TORNILLO LAMINA 4X1"" DOC";TORNILLERIA;;
2758;"TORNILLO LAMINA 4X1""UN";TORNILLERIA;;
2761C;"TORNILLO LAMINA 4X1/2"" 50";TORNILLERIA;;
2761D;"TORNILLO LAMINA 4X1/2"" DOC";TORNILLERIA;;
2761;"TORNILLO LAMINA 4X1/2""UN";TORNILLERIA;;
2764C;"TORNILLO LAMINA 4X3/4"" 50";TORNILLERIA;;
2764D;"TORNILLO LAMINA 4X3/4"" DOC";TORNILLERIA;;
2764;"TORNILLO LAMINA 4X3/4""UN";TORNILLERIA;;
2767D;"TORNILLO LAMINA 6X1"" DOC";TORNILLERIA;;
2770C;"TORNILLO LAMINA 6X1/2"" 50";TORNILLERIA;;
2770D;"TORNILLO LAMINA 6X1/2"" DOC";TORNILLERIA;;
2770;"TORNILLO LAMINA 6X1/2"" UN";TORNILLERIA;;
2773C;"TORNILLO LAMINA 6X11/2"" 50";TORNILLERIA;;
2773D;"TORNILLO LAMINA 6X11/2"" DOC";TORNILLERIA;;
2773;"TORNILLO LAMINA 6X11/2"" UN";TORNILLERIA;;
2776C;"TORNILLO LAMINA 6X2"" 50";TORNILLERIA;;
2776D;"TORNILLO LAMINA 6X2"" DOC";TORNILLERIA;;
2776;"TORNILLO LAMINA 6X2"" UN";TORNILLERIA;;
2779C;"TORNILLO LAMINA 6X3/4"" 50";TORNILLERIA;;
2779D;"TORNILLO LAMINA 6X3/4"" DOC";TORNILLERIA;;
2779;"TORNILLO LAMINA 6X3/4"" UN";TORNILLERIA;;
2782C;"TORNILLO LAMINA 8X1"" 50";TORNILLERIA;;
2782D;"TORNILLO LAMINA 8X1"" DOC";TORNILLERIA;;
2782;"TORNILLO LAMINA 8X1"" UN";TORNILLERIA;;
2785C;"TORNILLO LAMINA 8X1/2"" 50";TORNILLERIA;;
2785D;"TORNILLO LAMINA 8X1/2"" DOC";TORNILLERIA;;
2785;"TORNILLO LAMINA 8X1/2"" UN";TORNILLERIA;;
2788C;"TORNILLO LAMINA 8X11/2"" 50";TORNILLERIA;;
2788D;"TORNILLO LAMINA 8X11/2"" DOC";TORNILLERIA;;
2788;"TORNILLO LAMINA 8X11/2"" UN";TORNILLERIA;;
2791C;"TORNILLO LAMINA 8X11/4"" 50";TORNILLERIA;;
2791D;"TORNILLO LAMINA 8X11/4"" DOC";TORNILLERIA;;
2794C;"TORNILLO LAMINA 8X2"" 50";TORNILLERIA;;
2794D;"TORNILLO LAMINA 8X2"" DOC";TORNILLERIA;;
2794;"TORNILLO LAMINA 8X2"" UN";TORNILLERIA;;
2796D;"TORNILLO LAMINA 8X21/2"" DOC";TORNILLERIA;;
2796;"TORNILLO LAMINA 8X21/2"" UN";TORNILLERIA;;
2798D;"TORNILLO LAMINA 8X3"" DOC";TORNILLERIA;;
2798;"TORNILLO LAMINA 8X3"" UN";TORNILLERIA;;
2801C;"TORNILLO LAMINA 8X3/4"" 50";TORNILLERIA;;
2801D;"TORNILLO LAMINA 8X3/4"" DOC";TORNILLERIA;;
2801;"TORNILLO LAMINA 8X3/4"" UN";TORNILLERIA;;
2802;TORNILLO CISTERNA;GRIFERIA;;
2803;TRANCA PUERTA CAUCHO;HERRAJES Y SOPORTES;;
3168;TRAPOS X 1 KILO;PINTURAS Y DISOLVENTES;;
2806;TUBO ABOCINADO CANASTILLA;GRIFERIA;;
2804;TUBO COBRE 1/2 TIPO L 1M;TUBERIAS Y ACCESORIOS;;
2804T;TUBO COBRE 1/2 TIPO L 6M;TUBERIAS Y ACCESORIOS;;
2807;"TUBO CONDUIT PESADO 1""GERFOR";TUBERIAS Y ACCESORIOS;;
2808;"TUBO CONDUIT PESADO 1/2""GERFOR";TUBERIAS Y ACCESORIOS;;
2809;"TUBO CONDUIT PESADO 3/4""GERFOR";TUBERIAS Y ACCESORIOS;;
2810;"TUBO CONDUIT SEMIPESADO 1""";TUBERIAS Y ACCESORIOS;;
2812;"TUBO CONDUIT SEMIPESADO 3/4""";TUBERIAS Y ACCESORIOS;;
2814;"TUBO LISO DE ALUMINIO CRUDO 1"" X 1M";PERFILES Y WINES;;
2814T;"TUBO LISO DE ALUMINIO CRUDO 1"" X 6MT";PERFILES Y WINES;;
2816;"TUBO LISO DE ALUMINIO CRUDO 3/4"" X 1M";PERFILES Y WINES;;
2816T;"TUBO LISO DE ALUMINIO CRUDO 3/4"" X 3MT";PERFILES Y WINES;;
2818;TUBO CORTINA DORADO 3/4 1M;PERFILES Y WINES;;
2818T;TUBO CORTINA DORADO 3/4 6MT;PERFILES Y WINES;;
2820;TUBO CORTINA PLATEADO 3/4 1M;PERFILES Y WINES;;
2820T;TUBO CORTINA PLATEADO 3/4 6MT;PERFILES Y WINES;;
2822;TUBO LISO DE ALUMINIO CRUDO 5/16 X 1MT;PERFILES Y WINES;;
2823;TUBO LISO DE ALUMINIO CRUDO 5/16 X 6MT;PERFILES Y WINES;;
2824;"TUBO LISO DE ALUMINIO CRUDO 5/8"" X 1MT";PERFILES Y WINES;;
2824T;TUBO LISO DE ALUMINIO CRUDO 5/8 X 6MT;PERFILES Y WINES;;
2826;TUBO CORTINA DORADO 5/8 1MT;PERFILES Y WINES;;
2826T;TUBO CORTINA DORADO 5/8 6MT;PERFILES Y WINES;;
2828;TUBO CORTINA PLATEADO 5/8 1M;PERFILES Y WINES;;
2828T;TUBO CORTINA PLATEADO 5/8 6MT;PERFILES Y WINES;;
3491;TUBO CORTINA CAFE 5/8 1MT;TUBERIAS Y ACCESORIOS;;
3491T;TUBO CORTINA CAFE 5/8 6MT;TUBERIAS Y ACCESORIOS;;
2830;TUBO ALUMINIO CUADRADO CROMADO 3/4 1MT;PERFILES Y WINES;;
2831;TUBO ALUMINIO CUADRADO CROMADO 3/4 6MT;TUBERIAS Y ACCESORIOS;;
2832;"TUBO CPVC 1/2"" X 1 MT PAVCO";TUBERIAS Y ACCESORIOS;;
2832T;"TUBO CPVC 1/2"" X 3 MT PAVCO";TUBERIAS Y ACCESORIOS;;
2834;TUBO REGADERA DE 1/2 EN ACERO INOX 37CM;GRIFERIA;;
2835;TUBO LED T8 18W 6500K;ELECTRICOS;;
2836;"TUBO PVC RD 13.5 PRESION 1"" 1MT GERFOR";TUBERIAS Y ACCESORIOS;;
2836T;"TUBO PVC RD 13.5 PRESION 1"" 6MT GERFOR";TUBERIAS Y ACCESORIOS;;
2838;"TUBO PVC RD 9 PRESION 1/2"" 1MT GERFOR";TUBERIAS Y ACCESORIOS;;
2838T;"TUBO PVC RD 9 PRESION 1/2"" 6MT GERFOR";TUBERIAS Y ACCESORIOS;;
2840;"TUBO PVC RD11 PRESION 3/4"" 1MT GERFOR";TUBERIAS Y ACCESORIOS;;
2840T;"TUBO PVC RD11 PRESION 3/4"" 6MT GERFOR";TUBERIAS Y ACCESORIOS;;
2850;"TUBO PVC RD 13.5 PRESION 1/2"" 1M INDEXCOL";TUBERIAS Y ACCESORIOS;;
2851;"TUBO PVC RD 13.5 PRESION 1/2""6MT INDEXCOL";TUBERIAS Y ACCESORIOS;;
2842;"TUBO PVC RD11 PRESION 3/4"" 1MT INDEXCOL";TUBERIAS Y ACCESORIOS;;
2843;"TUBO PVC RD11 PRESION 3/4"" 1MT CELTA";TUBERIAS Y ACCESORIOS;;
2842T;"TUBO PVC RD11 PRESION 3/4"" 6MT INDEXCOL";TUBERIAS Y ACCESORIOS;;
2843T;"TUBO PVC RD11 PRESION 3/4"" 6MT CELTA";TUBERIAS Y ACCESORIOS;;
2846;"TUBO PVC RD13.5 PRESION 1"" 1MT INDEXCOL";TUBERIAS Y ACCESORIOS;;
2860;"TUBO PVC RD13.5 PRESION 1"" 1MT CELTA";TUBERIAS Y ACCESORIOS;;
2846T;"TUBO PVC RD13.5 PRESION 1"" 6MT INDEXCOL";TUBERIAS Y ACCESORIOS;;
2860T;"TUBO PVC RD13.5 PRESION 1"" 6MT CELTA";TUBERIAS Y ACCESORIOS;;
2848;"TUBO PVC RD21 PRESION 1"" 1MT INDEXCOL";TUBERIAS Y ACCESORIOS;;
2848T;"TUBO PVC RD21 PRESION 1"" 6MT INDEXCOL";TUBERIAS Y ACCESORIOS;;
2852;"TUBO PVC RD21 PRESION 11/2"" 1MT CELTA";TUBERIAS Y ACCESORIOS;;
2852T;"TUBO PVC RD21 PRESION 11/2"" 6MT  CELTA";TUBERIAS Y ACCESORIOS;;
2854;"TUBO PVC RD21 PRESION 11/4"" 1MT CELTA";TUBERIAS Y ACCESORIOS;;
2854T;"TUBO PVC RD21 PRESION 11/4"" 6MT CELTA";TUBERIAS Y ACCESORIOS;;
2856;"TUBO PVC RD21 PRESION 2"" 1MT CELTA";TUBERIAS Y ACCESORIOS;;
2856T;"TUBO PVC RD21 PRESION 2"" 6MT CELTA";TUBERIAS Y ACCESORIOS;;
2858;"TUBO PVC RD21 PRESION 3/4"" 1MT INDEXCOL";TUBERIAS Y ACCESORIOS;;
2858T;"TUBO PVC RD21 PRESION 3/4"" 6MT INDEXCOL";TUBERIAS Y ACCESORIOS;;
2862;"TUBO PVC RD9 PRESION 1/2"" 1MT INDEXCOL";TUBERIAS Y ACCESORIOS;;
2863;"TUBO PVC RD9 PRESION 1/2"" 1MT CELTA";TUBERIAS Y ACCESORIOS;;
2862T;"TUBO PVC RD9 PRESION 1/2"" 6MT INDEXCOL";TUBERIAS Y ACCESORIOS;;
2863T;"TUBO PVC RD9 PRESION 1/2"" 6MT CELTA";TUBERIAS Y ACCESORIOS;;
2866;TUBO REGADERA CURVO ABS CROMADO;GRIFERIA;;
2867;"TUBO SANITARIO LIVIANO 11/2"" 1MT INDEXCOL";TUBERIAS Y ACCESORIOS;;
2868;"TUBO SANITARIO LIVIANO 11/2"" 6MT INDEXCOL";TUBERIAS Y ACCESORIOS;;
2869;"TUBO SANITARIO LIVIANO 2"" 1MT INDEXCOL";TUBERIAS Y ACCESORIOS;;
2870;"TUBO SANITARIO LIVIANO 2"" 6MT INDEXCOL";TUBERIAS Y ACCESORIOS;;
2871;"TUBO SANITARIO LIVIANO 3"" 1MT INDEXCOL";TUBERIAS Y ACCESORIOS;;
2872;"TUBO SANITARIO LIVIANO 3"" 6MT INDEXCOL";TUBERIAS Y ACCESORIOS;;
2873;"TUBO SANITARIO LIVIANO 4"" 1MT INDEXCOL";TUBERIAS Y ACCESORIOS;;
2874;"TUBO SANITARIO LIVIANO 4"" X6MT INDEXCOL";TUBERIAS Y ACCESORIOS;;
2875;"TUBO SANITARIO PESADO 11/2"" 1MT INDEXCOL";TUBERIAS Y ACCESORIOS;;
2876;"TUBO SANITARIO PESADO 11/2"" 1MT TIGRE";TUBERIAS Y ACCESORIOS;;
2877;"TUBO SANITARIO PESADO 11/2"" 6MT INDEXCOL";TUBERIAS Y ACCESORIOS;;
2878;"TUBO SANITARIO PESADO 11/2"" 6MT TIGRE";TUBERIAS Y ACCESORIOS;;
2879;"TUBO SANITARIO PESADO 2"" 1MT INDEXCOL";TUBERIAS Y ACCESORIOS;;
2880;"TUBO SANITARIO PESADO 2"" 6MT INDEXCOL";TUBERIAS Y ACCESORIOS;;
2881;"TUBO SANITARIO PESADO 3"" 1MT INDEXCOL";TUBERIAS Y ACCESORIOS;;
2882;"TUBO SANITARIO PESADO 3"" 6MT INDEXCOL";TUBERIAS Y ACCESORIOS;;
2883;"TUBO SANITARIO PESADO 4"" 1MT INDEXCOL";TUBERIAS Y ACCESORIOS;;
2884;"TUBO SANITARIO PESADO 4"" 6MT INDEXCOL";TUBERIAS Y ACCESORIOS;;
2885;"TUBO SANITARIO SEMIPESADO 11/2"" 1MT INDEXCOL";TUBERIAS Y ACCESORIOS;;
2885T;"TUBO SANITARIO SEMIPESADO 11/2"" 6MT INDEXCOL";TUBERIAS Y ACCESORIOS;;
2887;"TUBO SANITARIO SEMIPESADO 2"" 1MT INDEXCOL";TUBERIAS Y ACCESORIOS;;
2887T;"TUBO SANITARIO SEMIPESADO 2"" 6MT INDEXCOL";TUBERIAS Y ACCESORIOS;;
2889;"TUBO SANITARIO SEMIPESADO 3"" 1MT INDEXCOL";TUBERIAS Y ACCESORIOS;;
2889T;"TUBO SANITARIO SEMIPESADO 3"" 6MT INDEXCOL";TUBERIAS Y ACCESORIOS;;
2891;"TUBO SANITARIO SEMIPESADO 4"" 1MT INDEXCOL";TUBERIAS Y ACCESORIOS;;
2891T;"TUBO SANITARIO SEMIPESADO 4"" 6MT INDEXCOL";TUBERIAS Y ACCESORIOS;;
2893;"TUBO VENTILACION 11/2"" 1MT";TUBERIAS Y ACCESORIOS;;
2894;"TUBO VENTILACION 11/2"" 1MT INDEXCOL";TUBERIAS Y ACCESORIOS;;
2895;"TUBO VENTILACION 11/2"" 6MT GERFOR";TUBERIAS Y ACCESORIOS;;
2896;"TUBO VENTILACION 11/2"" 6MT INDEXCOL";TUBERIAS Y ACCESORIOS;;
2897;"TUBO VENTILACION 2"" 1MT GERFOR";TUBERIAS Y ACCESORIOS;;
2898;"TUBO VENTILACION 2"" 1MT INDEXCOL";TUBERIAS Y ACCESORIOS;;
2899;"TUBO VENTILACION 2"" 6MT GERFOR";TUBERIAS Y ACCESORIOS;;
2900;"TUBO VENTILACION 2"" 6MT INDEXCOL";TUBERIAS Y ACCESORIOS;;
2901;"TUBO VENTILACION 3"" 1MT GERFOR";TUBERIAS Y ACCESORIOS;;
2902;"TUBO VENTILACION 3"" 1MT INDEXCOL";TUBERIAS Y ACCESORIOS;;
2903;"TUBO VENTILACION 3"" 6MT GERFOR";TUBERIAS Y ACCESORIOS;;
2904;"TUBO VENTILACION 3"" 6MT INDEXCOL";TUBERIAS Y ACCESORIOS;;
2909;TUERCA 10MM UN;TORNILLERIA;;
2910;TUERCA 4MM UN;TORNILLERIA;;
2911;TUERCA 5MM UN;TORNILLERIA;;
2912;TUERCA 6MM UN;TORNILLERIA;;
2913;TUERCA 8MM UN;TORNILLERIA;;
2914;"TUERCA CIEGA 3/8""";TORNILLERIA;;
2915;"TUERCA CIEGA 5/16""";TORNILLERIA;;
2916;"TUERCA HEX RF 1/4""";TORNILLERIA;;
2917;"TUERCA HEX RF 3/16""";TORNILLERIA;;
2918;"TUERCA HEX RF 5/16""";TORNILLERIA;;
2923D;"TUERCA HEX RO 1/8"" DOC";TORNILLERIA;;
2923;"TUERCA HEX RO 1/8"" UN";TORNILLERIA;;
2924;"TUERCA HEX RO 3/16"" 50";TORNILLERIA;;
2926D;"TUERCA HEX RO 3/16"" DOC";TORNILLERIA;;
2930;"TUERCA HEX RO 5/16"" 50";TORNILLERIA;;
2932D;"TUERCA HEX RO 5/16"" DOC";TORNILLERIA;;
2932;"TUERCA HEX RO 5/16"" UN";TORNILLERIA;;
2934D;"TUERCA HEX RO 5/32"" DOC";TORNILLERIA;;
3263;TUERCA INTEGRAL CANASTILLA;GRIFERIA;;
2937;TUERCA LAVAMANOS;GRIFERIA;;
2905;"TUERCA MARIPOSA 1/4"" UN";TORNILLERIA;;
2906;"TUERCA MARIPOSA 3/16"" UN";TORNILLERIA;;
2907;"TUERCA MARIPOSA 3/8"" UN";TORNILLERIA;;
2908;"TUERCA MARIPOSA 5/16"" UN";TORNILLERIA;;
2938;TUERCA 5MM IRIZ UN;TORNILLERIA;;
2939;TUERCA 6MM IRIZ;TORNILLERIA;;
2940;TUERCA 6MM IRIZ FLANGE;TORNILLERIA;;
2941;"TUERCA SEGURIDAD 1/2"" UN";TORNILLERIA;;
2942;"TUERCA SEGURIDAD 1/4"" UN";TORNILLERIA;;
2943;"TUERCA SEGURIDAD 3/16"" UN";TORNILLERIA;;
2944;"TUERCA SEGURIDAD 3/8"" UN";TORNILLERIA;;
2945;"TUERCA SEGURIDAD 5/16"" UN";TORNILLERIA;;
2946;"TUERCA SEGURIDAD 7/16"" UN";TORNILLERIA;;
2948;UNION CPVC 1/2;TUBERIAS Y ACCESORIOS;;
2949;UNION GALVANIZADA 1/2;TUBERIAS Y ACCESORIOS;;
2950;UNION GALVANIZADA 3/4;TUBERIAS Y ACCESORIOS;;
2951;UNION GALVANIZADA 3/8;TUBERIAS Y ACCESORIOS;;
2952;"UNION BRONCE 3/8"" X 1/2""";PARTES Y REPUESTOS;;
2953;UNION ANTENA COAXIAL;ELECTRICOS;;
2954;"UNION DE REPARACION PVC 1/2"" PCP";TUBERIAS Y ACCESORIOS;;
2955;"UNION DE REPARACION SOLDAR 1""";TUBERIAS Y ACCESORIOS;;
2956;"UNION DE REPARACION SOLDAR 1/2""";TUBERIAS Y ACCESORIOS;;
2957;"UNION DE REPARACION SOLDAR 3/4""";TUBERIAS Y ACCESORIOS;;
2958;"UNION DRESSER MANGUERA 1/2""";TUBERIAS Y ACCESORIOS;;
2959;"UNION HEMBRA BRONCE 1/2""";PARTES Y REPUESTOS;;
2960;"UNION HEMBRA BRONCE 1/4""";PARTES Y REPUESTOS;;
2961;"UNION HEMBRA BRONCE 3/8""";PARTES Y REPUESTOS;;
2962;"UNION HEMBRA ROSCA PVC 1/2""";TUBERIAS Y ACCESORIOS;;
2963;"UNION MACHO BRONCE 1/2""";PARTES Y REPUESTOS;;
2964;"UNION MACHO BRONCE 1/4""";PARTES Y REPUESTOS;;
2965;"UNION MACHO BRONCE 3/8""";PARTES Y REPUESTOS;;
2966;"UNION MACHO ROSCA PVC 1/2""";TUBERIAS Y ACCESORIOS;;
2967;"UNION MANGUERA POLIETILENO 1/2""";TUBERIAS Y ACCESORIOS;;
2968;"UNION PVC 1""";TUBERIAS Y ACCESORIOS;;
2969;"UNION PVC 1/2""";TUBERIAS Y ACCESORIOS;;
2970;"UNION PVC 11/2""";TUBERIAS Y ACCESORIOS;;
2971;"UNION PVC 11/4""";TUBERIAS Y ACCESORIOS;;
2972;"UNION PVC 2""";TUBERIAS Y ACCESORIOS;;
2973;"UNION PVC 3/4""";TUBERIAS Y ACCESORIOS;;
2974;UNION RED PLUG TERMINAL RJ45;ELECTRICOS;;
2976;"UNION SANITARIO 2""";TUBERIAS Y ACCESORIOS;;
2977;"UNION SANITARIO 3""";TUBERIAS Y ACCESORIOS;;
2978;"UNION SANITARIO 4""";TUBERIAS Y ACCESORIOS;;
2980;UNION TELEFONICA TERMINAL RJ11;ELECTRICOS;;
2981;"UNION UNIVERSAL GALVANIZADA 3/4""";TUBERIAS Y ACCESORIOS;;
2982;"UNION UNIVERSAL LISA PVC 1""";TUBERIAS Y ACCESORIOS;;
2983;"UNION UNIVERSAL LISA PVC 1/2""";TUBERIAS Y ACCESORIOS;;
2984;"UNION UNIVERSAL LISA PVC 3/4""";TUBERIAS Y ACCESORIOS;;
2985;"UNION UNIVERSAL ROSCA PVC 1""";TUBERIAS Y ACCESORIOS;;
2986;"UNION UNIVERSAL ROSCA PVC 1/2""";TUBERIAS Y ACCESORIOS;;
2987;"UNION UNIVERSAL ROSCA PVC 3/4""";TUBERIAS Y ACCESORIOS;;
2979;UNION Y TEE PLUG TERMINAL RJ11;ELECTRICOS;;
2988;UNION UNIVERSAL GALVANIZADA 1/2;TUBERIAS Y ACCESORIOS;;
2990;"UNION BRONCE MANGUERA 1/2""";PARTES Y REPUESTOS;;
2989;"UNION BRONCE MANGUERA 1/4""";PARTES Y REPUESTOS;;
2991;"UNION BRONCE MANGUERA 3/8""";PARTES Y REPUESTOS;;
3439;VALLETILLA;PINTURAS Y DISOLVENTES;;
2993;VALVULA  DESCARGA NUKI ADVANCE 26 CM;TUBERIAS Y ACCESORIOS;;
3681;"VALVULA BOLA LATON 1"" VERONI";TUBERIAS Y ACCESORIOS;;
3679;"VALVULA BOLA BRONCE 1/2"" GRINACA";TUBERIAS Y ACCESORIOS;;
3680;"VALVULA BOLA LATON 1/2"" GRIVAL";TUBERIAS Y ACCESORIOS;;
2994;"VALVULA BOLA LATON 11/4"" VERONI";TUBERIAS Y ACCESORIOS;;
2995;VALVULA TANQUE FLOTADOR KAUDAL;TUBERIAS Y ACCESORIOS;;
2996;"VALVULA BOLA LATON ROSCA 1/2"" PRESION";TUBERIAS Y ACCESORIOS;;
2997;ESCOBA SUAVE ITALIANA 1A;TUBERIAS Y ACCESORIOS;;
2998;"VALVULA BOLA LATON 2"" VERONI";TUBERIAS Y ACCESORIOS;;
2999;"VALVULA BOLA MACHO 1/2"" PCP";TUBERIAS Y ACCESORIOS;;
3000;"VALVULA BOLA PVC 1"" ROSCA GRIVAL";TUBERIAS Y ACCESORIOS;;
3002;"VALVULA BOLA PVC 1/2"" ROSCA GRIVAL";TUBERIAS Y ACCESORIOS;;
3003;"VALVULA BOLA PVC 1/2"" SOLDAR GRIVAL";TUBERIAS Y ACCESORIOS;;
3015;"VALVULA BOLA PVC 3/4"" ROSCA GRIVAL";GRIFERIA;;
3016;"VALVULA BOLA PVC 3/4"" SOLDAR GRIVAL";GRIFERIA;;
2992;VALVULA BOLA TRO GAS 1/2 GRIVAL;TUBERIAS Y ACCESORIOS;;
3004;VALVULA BOLA LATON 1/4 SAS PN 40;TUBERIAS Y ACCESORIOS;;
3005;"VALVULA BOLA LATON 11/2"" VERONI";TUBERIAS Y ACCESORIOS;;
3006;ARBOL VALVULA DE DESCARGA 26CM NUKI GRIVAL;GRIFERIA;;
3007;ARBOL VALVULA DE ENTRADA UNIVERSAL PLUS;TUBERIAS Y ACCESORIOS;;
3008;ARBOL VALVULA DE ENTRADA 26CM ATLAS GRIVAL;GRIFERIA;;
3010;ARBOL VALVULA DE ENTRADA SANITARIA FLUIDMASTER;GRIFERIA;;
3011;VALVULA DE REGULACION DOBLE RIOPLAST;GRIFERIA;;
3012;VALVULA DE REGULACION SENCILLA RIOPLAST;GRIFERIA;;
3013;ARBOL VALVULA DE SALIDA RIOPLAST;GRIFERIA;;
3014;ARBOL VALVULA DE ENTRADA MASTER UNIVERSAL GRIVAL;GRIFERIA;;
3017;ARBOL VALVULA DE ENTRADA TANQUE ALTO FLUIDMASTER;GRIFERIA;;
3018;ARBOL VALVULA DE ENTRADA TANQUE AEREO BOCCHERINI;GRIFERIA;;
3019;VALVULA POZUELO BRONCE 11/2;GRIFERIA;;
2202;VALVULA POZUELO CON SOSCO;HERRAJES Y SOPORTES;;
3020;"VALVULA POZUELO PVC 2"" SIN SOSCO";GRIFERIA;;
3022;VALVULA TANQUE HIDRO 26 GRIVAL;GRIFERIA;;
3021;VALVULA TANQUE KAUDAL;GRIFERIA;;
3686;VARILLA CORRUGADA G- 60 12MM X 6M;GRIFERIA;;
3687;VARILLA CORRUGADA G-60 12MM X 1M;GRIFERIA;;
3023;VARILLA FLOTADOR METALICA ECO;GRIFERIA;;
3024;VARILLA FLOTADOR PLASTICA 13CM;GRIFERIA;;
3025;VARILLA FLOTADOR PLASTICA 17CM;GRIFERIA;;
3026;VARILLA FLOTADOR PLASTICA 21CM;GRIFERIA;;
3584;"VARILLA ROSCADA XMT 1/2""";TORNILLERIA;;
3027;"VARILLA ROSCADA XMT 1/4""";TORNILLERIA;;
3028;"VARILLA ROSCADA XMT 3/8""";TORNILLERIA;;
3029;"VARILLA ROSCADA XMT 5/16""";TORNILLERIA;;
3032;VARSOL 1 BOTELLA 750CC;PINTURAS Y DISOLVENTES;;
3033;VARSOL 1 GALON CON ENVASE;PINTURAS Y DISOLVENTES;;
3034;VARSOL 1 GALON SIN ENVASE;PINTURAS Y DISOLVENTES;;
3030;VARSOL 1/2 BOTELLA 375CC;PINTURAS Y DISOLVENTES;;
3031;VARSOL 1/2 GALON;PINTURAS Y DISOLVENTES;;
3035;VARSOL 5 GALONES 1 CUï¿½ETE CON ENVASE;PINTURAS Y DISOLVENTES;;
3036;VARSOL 5 GALONES 1 CUï¿½ETE SIN ENVASE;PINTURAS Y DISOLVENTES;;
3662;VASELINA 50g;PINTURAS Y DISOLVENTES;;
3037;VASO OSTER;HOGAR Y COCINA;;
3521;VASTAGO EN BRONCE;GRIFERIA;;
3044;VIDRIO CARETA TRANSPARENTE;ABRASIVOS Y CONSUMIBLES;;
3048;VIGUETAS;PERFILES Y WINES;;
3053;VINILO TIPO 1 VINILICO AZUL OCEANICO 1 GALON PINTUCO;PINTURAS Y DISOLVENTES;;
3049;VINILO TIPO 1 VINILICO AZUL OCEANICO 1/2 G PINTUCO;PINTURAS Y DISOLVENTES;;
3050;VINILO TIPO 1 VINILICO AZUL OCEANICO 1/32 G PINTUCO;PINTURAS Y DISOLVENTES;;
3051;VINILO TIPO 1 VINILICO AZUL OCEANICO 1/4 G PINTUCO;PINTURAS Y DISOLVENTES;;
3052;VINILO TIPO 1 VINILICO AZUL OCEANICO 1/8 G PINTUCO;PINTURAS Y DISOLVENTES;;
3058;VINILO T1 VINILICO BLANCO 1 GALON G PINTUCO;PINTURAS Y DISOLVENTES;;
3054;VINILO T1 VINILICO BLANCO 1/2 G PINTUCO;PINTURAS Y DISOLVENTES;;
3055;VINILO T1 VINILICO BLANCO 1/32 G PINTUCO;PINTURAS Y DISOLVENTES;;
3056;VINILO T1 VINILICO BLANCO 1/4 G PINTUCO;PINTURAS Y DISOLVENTES;;
3057;VINILO T1 VINILICO BLANCO 1/8 G PINTUCO;PINTURAS Y DISOLVENTES;;
3059;VINILO T1 VINILICO BLANCO BALDE 2.5 GALONES PINTUCO;PINTURAS Y DISOLVENTES;;
3060;VINILO T1 VINILICO BLANCO CANECA 5 GALONES PINTUCO;PINTURAS Y DISOLVENTES;;
3061;VINILO TIPO 1 VINILICO BLANCO HUESO 1 GALON PINTUCO;PINTURAS Y DISOLVENTES;;
3066;VINILO TIPO 1 VINILICO CURUBA 1 GALON PINTUCO;PINTURAS Y DISOLVENTES;;
3062;VINILO TIPO 1 VINILICO CURUBA 1/2 G PINTUCO;PINTURAS Y DISOLVENTES;;
3063;VINILO TIPO 1 VINILICO CURUBA 1/32 G PINTUCO;PINTURAS Y DISOLVENTES;;
3064;VINILO TIPO 1 VINILICO CURUBA 1/4 G PINTUCO;PINTURAS Y DISOLVENTES;;
3065;VINILO TIPO 1 VINILICO CURUBA 1/8 G PINTUCO;PINTURAS Y DISOLVENTES;;
3071;VINILO TIPO 1 VINILICO MANDARINA 1 GALON PINTUCO;PINTURAS Y DISOLVENTES;;
3067;VINILO TIPO 1 VINILICO MANDARINA 1/2 G PINTUCO;PINTURAS Y DISOLVENTES;;
3068;VINILO TIPO 1 VINILICO MANDARINA 1/32 G PINTUCO;PINTURAS Y DISOLVENTES;;
3069;VINILO TIPO 1 VINILICO MANDARINA 1/4 G PINTUCO;PINTURAS Y DISOLVENTES;;
3070;VINILO TIPO 1 VINILICO MANDARINA 1/8 G PINTUCO;PINTURAS Y DISOLVENTES;;
3076;VINILO TIPO 1 VINILICO ROJO COLONIAL 1 GALON PINTUCO;PINTURAS Y DISOLVENTES;;
3072;VINILO TIPO 1 VINILICO ROJO COLONIAL 1/2 G PINTUCO;PINTURAS Y DISOLVENTES;;
3073;VINILO TIPO 1 VINILICO ROJO COLONIAL 1/32 G PINTUCO;PINTURAS Y DISOLVENTES;;
3074;VINILO TIPO 1 VINILICO ROJO COLONIAL 1/4 G PINTUCO;PINTURAS Y DISOLVENTES;;
3075;VINILO TIPO 1 VINILICO ROJO COLONIAL 1/8 G PINTUCO;PINTURAS Y DISOLVENTES;;
3081;VINILO TIPO 1 VINILICO TERRACOTA 1 GALON PINTUCO;PINTURAS Y DISOLVENTES;;
3077;VINILO TIPO 1 VINILICO TERRACOTA 1/2 G PINTUCO;PINTURAS Y DISOLVENTES;;
3078;VINILO TIPO 1 VINILICO TERRACOTA 1/32 G PINTUCO;PINTURAS Y DISOLVENTES;;
3079;VINILO TIPO 1 VINILICO TERRACOTA 1/4 G PINTUCO;PINTURAS Y DISOLVENTES;;
3080;VINILO TIPO 1 VINILICO TERRACOTA 1/8 G PINTUCO;PINTURAS Y DISOLVENTES;;
3043;VINILO TIPO 1 VINILICO VERDE PRIMAVERAL 1 GALON PINTUCO;PINTURAS Y DISOLVENTES;;
3039;VINILO TIPO 1 VINILICO VERDE PRIMAVERAL 1/2 G PINTUCO;PINTURAS Y DISOLVENTES;;
3040;VINILO TIPO 1 VINILICO VERDE PRIMAVERAL 1/32 G PINTUCO;PINTURAS Y DISOLVENTES;;
3041;VINILO TIPO 1 VINILICO VERDE PRIMAVERAL 1/4 G PINTUCO;PINTURAS Y DISOLVENTES;;
3042;VINILO TIPO 1 VINILICO VERDE PRIMAVERAL 1/8 G PINTUCO;PINTURAS Y DISOLVENTES;;
3435;VINILO T1 BASICO BALDE TITO PABON;PINTURAS Y DISOLVENTES;;
3436;VINILO T1 BASICO CANECA TITO PABON;PINTURAS Y DISOLVENTES;;
3434;VINILO T1 BASICO GALON TITO PABON;PINTURAS Y DISOLVENTES;;
3432;VINILO T2 BASICO CANECA TITO PABON;PINTURAS Y DISOLVENTES;;
3086;VINILO CONCEN TIPOII AMARILLO 1 G SUPER;PINTURAS Y DISOLVENTES;;
3082;VINILO CONCEN TIPOII AMARILLO 1/2 G SUPER;PINTURAS Y DISOLVENTES;;
3083;VINILO CONCEN TIPOII AMARILLO 1/32 G SUPER;PINTURAS Y DISOLVENTES;;
3084;VINILO CONCEN TIPOII AMARILLO 1/4 G SUPER;PINTURAS Y DISOLVENTES;;
3085;VINILO CONCEN TIPOII AMARILLO 1/8 G SUPER;PINTURAS Y DISOLVENTES;;
3092;VINILO CONCEN TIPOII AZUL 1 GALON SUPER;PINTURAS Y DISOLVENTES;;
3087;VINILO CONCEN TIPOII AZUL 1/2 G SUPER;PINTURAS Y DISOLVENTES;;
3088;VINILO CONCEN TIPOII AZUL 1/32 G SUPER;PINTURAS Y DISOLVENTES;;
3090;VINILO CONCEN TIPOII AZUL 1/4 G SUPER;PINTURAS Y DISOLVENTES;;
3091;VINILO CONCEN TIPOII AZUL 1/8 G SUPER;PINTURAS Y DISOLVENTES;;
3097;VINILO CONCEN TIPOII NARANJA 1 GALON SUPER;PINTURAS Y DISOLVENTES;;
3093;VINILO CONCEN TIPOII NARANJA 1/2 G SUPER;PINTURAS Y DISOLVENTES;;
3094;VINILO CONCEN TIPOII NARANJA 1/32 G SUPER;PINTURAS Y DISOLVENTES;;
3095;VINILO CONCEN TIPOII NARANJA 1/4 G SUPER;PINTURAS Y DISOLVENTES;;
3096;VINILO CONCEN TIPOII NARANJA 1/8 G SUPER;PINTURAS Y DISOLVENTES;;
3102;VINILO CONCEN TIPOII NEGRO 1 GALON SUPER;PINTURAS Y DISOLVENTES;;
3098;VINILO CONCEN TIPOII NEGRO 1/2 G SUPER;PINTURAS Y DISOLVENTES;;
3099;VINILO CONCEN TIPOII NEGRO 1/32 G SUPER;PINTURAS Y DISOLVENTES;;
3100;VINILO CONCEN TIPOII NEGRO 1/4 G SUPER;PINTURAS Y DISOLVENTES;;
3101;VINILO CONCEN TIPOII NEGRO 1/8 G SUPER;PINTURAS Y DISOLVENTES;;
3107;VINILO CONCEN TIPOII OCRE 1 GALON SUPER;PINTURAS Y DISOLVENTES;;
3103;VINILO CONCEN TIPOII OCRE 1/2 G SUPER;PINTURAS Y DISOLVENTES;;
3104;VINILO CONCEN TIPOII OCRE 1/32 G SUPER;PINTURAS Y DISOLVENTES;;
3105;VINILO CONCEN TIPOII OCRE 1/4 G SUPER;PINTURAS Y DISOLVENTES;;
3106;VINILO CONCEN TIPOII OCRE 1/8 G SUPER;PINTURAS Y DISOLVENTES;;
3112;VINILO CONCEN TIPOII ROJO 1 GALON SUPER;PINTURAS Y DISOLVENTES;;
3108;VINILO CONCEN TIPOII ROJO 1/2 G SUPER;PINTURAS Y DISOLVENTES;;
3109;VINILO CONCEN TIPOII ROJO 1/32 G SUPER;PINTURAS Y DISOLVENTES;;
3110;VINILO CONCEN TIPOII ROJO 1/4 G SUPER;PINTURAS Y DISOLVENTES;;
3111;VINILO CONCEN TIPOII ROJO 1/8 G SUPER;PINTURAS Y DISOLVENTES;;
3117;VINILO CONCEN TIPOII ROJO COLONIAL 1 GALON SUPER;PINTURAS Y DISOLVENTES;;
3113;VINILO CONCEN TIPOII ROJO COLONIAL 1/2 G SUPER;PINTURAS Y DISOLVENTES;;
3114;VINILO CONCEN TIPOII ROJO COLONIAL 1/32 G SUPER;PINTURAS Y DISOLVENTES;;
3115;VINILO CONCEN TIPOII ROJO COLONIAL 1/4 G SUPER;PINTURAS Y DISOLVENTES;;
3116;VINILO CONCEN TIPOII ROJO COLONIAL 1/8 G SUPER;PINTURAS Y DISOLVENTES;;
3122;VINILO CONCEN TIPOII VERDE 1 GALON SUPER;PINTURAS Y DISOLVENTES;;
3118;VINILO CONCEN TIPOII VERDE 1/2 G SUPER;PINTURAS Y DISOLVENTES;;
3119;VINILO CONCEN TIPOII VERDE 1/32 G SUPER;PINTURAS Y DISOLVENTES;;
3120;VINILO CONCEN TIPOII VERDE 1/4 G SUPER;PINTURAS Y DISOLVENTES;;
3121;VINILO CONCEN TIPOII VERDE 1/8 G SUPER;PINTURAS Y DISOLVENTES;;
3711;"GRATA COPA 4"" ALAMBRE TRENZADO MULTI-ROSCA TRUPER";ABRASIVOS Y CONSUMIBLES;;
3712;MULTIHERRAMIENTA 6 FUNCIONES TIPO LLAVERO TRUPER;HOGAR Y COCINA;;
3713;"FALSA ESCUADRA 8"" DE ACERO INOX MANGO ABS TRUPER";HERRAMIENTA MANUAL;;
3714;"SIERRA COPA BIMETALICA 31/2"" TRUPER";ABRASIVOS Y CONSUMIBLES;;
3715;ACEITE SEMI-SINTETICO MOTOS 4 TIEMPOS 470ML(16OZ)TRUPER;LUBRICANTES;;
3716;ACEITE SEMI-SINTETICO MOTOS 4 TIEMPOS 946ML(32OZ)TRUPER;LUBRICANTES;;
3717;"SIERRA COPA BIMETALICA 21/4"" TRUPER";ABRASIVOS Y CONSUMIBLES;;
3718;"SIERRA COPA BIMETALICA 23/4"" TRUPER";ABRASIVOS Y CONSUMIBLES;;
3719;VENTOSA TIPO CHUPA DE ABS PRETUL;HERRAMIENTA MANUAL;;
3720;"CUCHILLO CHEF 5"" MANGO MADERA PRETUL";HERRAMIENTA MANUAL;;
3721;MULTIHERRAMIENTA 12 FUNCIONES PRETUL;HERRAMIENTA MANUAL;;
3722;JUEGO DE 4 RASPADORES CON MANGO PLASTICO PRETUL;HERRAMIENTA MANUAL;;
3723;JUEGO DE 12 SIERRA COPA 2 MANDRIL Y LLAVE ALLEN PRETUL;ABRASIVOS Y CONSUMIBLES;;
3724;LINTERNA RECARGABLE LED 120 LUMENES PRETUL;HOGAR Y COCINA;;
3725;BOMBA DE PEDAL PARA INFLAR 58 PSI PRETUL;HOGAR Y COCINA;;
3726;"PLATINA DE 4""";HERRAJES Y SOPORTES;;
3727;"PLATINA DE 3""";HERRAJES Y SOPORTES;;
3728;"PLATINA DE 2""";HERRAJES Y SOPORTES;;
3729;"PLATINA DE 1""";HERRAJES Y SOPORTES;;
3730;JUEGO DESTORNILLADOR CELULAR ECO;HERRAJES Y SOPORTES;;
3731;"CODO CPVC 3/4""";TUBERIAS Y ACCESORIOS;;
3732;"TEE CPVC 3/4""";TUBERIAS Y ACCESORIOS;;
3733;"UNION CPVC 3/4""";TUBERIAS Y ACCESORIOS;;
3734;KIT PARA DESPINCHAR;PEGANTES;;
262;VINILO T2 BASICO BALDE TITO PABON;PINTURAS Y DISOLVENTES;;
3124;VINILO T2 BASICO GALON TITO PABON;CONSTRUCCION;;
3125;VINILTEX ADVANCE 1 GALON PINTUCO;PINTURAS Y DISOLVENTES;;
3130;VINILO T2 VINILUX BLANCO 1 GALON PINTUCO;PINTURAS Y DISOLVENTES;;
3126;VINILO T2 VINILUX BLANCO 1/2 G PINTUCO;PINTURAS Y DISOLVENTES;;
3127;VINILO T2 VINILUX BLANCO 1/32 G PINTUCO;PINTURAS Y DISOLVENTES;;
3128;VINILO T2 VINILUX BLANCO 1/4 G PINTUCO;PINTURAS Y DISOLVENTES;;
3129;VINILO T2 VINILUX BLANCO 1/8 G PINTUCO;PINTURAS Y DISOLVENTES;;
3131;VINILO T2 VINILUX BLANCO BALDE 2.5 GALONES PINTUCO;PINTURAS Y DISOLVENTES;;
3132;VINILO T2 VINILUX BLANCO CANECA 5 GALONES PINTUCO;PINTURAS Y DISOLVENTES;;
3133;VINIPEL REF 100;DOTACION INDUSTRIAL;;
3134;VINIPEL REF 50;DOTACION INDUSTRIAL;;
3138;VIRUTA EN ACERO 200 GR;ASEO;;
3139;VOLVEDOR EN T MACHO HASTA 1/4;HERRAMIENTA MANUAL;;
3140;WIN ESPAï¿½OL ALUMINIO 1MT;PERFILES Y WINES;;
3140T;WIN ESPAï¿½OL ALUMINIO TIRA X 6MT;PERFILES Y WINES;;
3144;WIN MARMOL BLANCO 2.4MT DALAMO;PERFILES Y WINES;;
3145;WIN MARMOL CRUDO 2.4MT DALAMO;PERFILES Y WINES;;
3146;WIN MARMOL ALMENDRA 2.4 DALAMO;PERFILES Y WINES;;
3148;WIN PLASTICO TRADICIONAL BLANCO 2.4MT;PERFILES Y WINES;;
3142;WIN TRADICIONAL ALUMINIO 1MT;PERFILES Y WINES;;
3142T;WIN TRADICIONAL ALUMINIO TIRA X6M;PERFILES Y WINES;;
3155;"YEE SANITARIO 11/2""";TUBERIAS Y ACCESORIOS;;
3156;"YEE SANITARIO 2""";TUBERIAS Y ACCESORIOS;;
3157;"YEE SANITARIO 3""";TUBERIAS Y ACCESORIOS;;
3158;"YEE SANITARIO 4""";TUBERIAS Y ACCESORIOS;;
3159;"YEE SANITARIO REDUCIDA 3""X2";TUBERIAS Y ACCESORIOS;;
3160;YESO BLANCO 12k ECOYESO;CONSTRUCCION;;
3161;YESO BLANCO 1k ECOYESO;CONSTRUCCION;;
3162;YESO BLANCO 25k ECOYESO;CONSTRUCCION;;
3164;"ZAPAPICO MADERA 5 LB 36"" TRUPER";HERRAMIENTA MANUAL;;
3427;ZAPAPIKO 5 LIBRAS SIN CABO HERRAGRO;HERRAMIENTA MANUAL;;
3165;ZUNCHO PLASTICO REF 500;SOGAS Y CADENAS;;
2090;MANTENIMIENTO CERRADURA / CHAPA;SERVICIOS;;
697;ALQUILER DE CIZALLA 1 HORA;SERVICIOS;;
2181;ALQUILER DE ESCALERA 1 HORA;SERVICIOS;;
3170;ALQUILER DE HERRAMIENTA / FRACCION;SERVICIOS;;
490;ALQUILER DE TALADRO 1 HORA;SERVICIOS;;
1441;ALQUILER DE ZORRA 1 HORA;SERVICIOS;;
776;CAMBIO DE FUSIBLE OLLA;SERVICIOS;;
919;CAMBIO DE GUARDAS CERRADURA / CHAPA;SERVICIOS;;
3398;INFLAR BALON;SERVICIOS;;
3399;INFLAR BICICLETA 1 O 2 RUEDAS;SERVICIOS;;
766;PUNTO DE SOLDADURA;SERVICIOS;;
3735;BOMBILLO VEHICULO W5W NARVA;ELECTRICOS;;
3736;SILICONA GRIS T 50ML LOCTITE;PEGANTES;;
4292T;"TUBO CPVC 3/4"" X 3 MT PAVCO";TUBERIAS Y ACCESORIOS;;
3738;JUEGO DE 4 SIERRA COPAS BIMETALICA CON MANDRIL TRUPER;ABRASIVOS Y CONSUMIBLES;;
3739;PIN CHAVETA 3/16 X 3/4, 1, 11/4;TORNILLERIA;;
3740;TUBO CINTA TERMOENCOGIBLE 5MM 1MT;PEGANTES;;
3741;TUBO CINTA TERMOENCOGIBLE 25MM 1MT;PEGANTES;;
3742;ESMALTE PINTULUX TEU GRIS PLATA 1G PINTUCO;PINTURAS Y DISOLVENTES;;
3743;ESMALTE PINTULUX TEU NEGRO 1G PINTUCO;PINTURAS Y DISOLVENTES;;
3744;PISTOLA DE SOLDAR 140W 2Tï¿½ TRUPER;HERRAMIENTA ELECTRICA;;
3745;TALADRO PERCUTOR 1/2 350W BOSCH;HERRAMIENTA ELECTRICA;;
3746;PULIDORA ANGULAR 41/2 670W BOSCH;HERRAMIENTA ELECTRICA;;
3747;"DISCO CORTE METAL 41/2"" 3M";ABRASIVOS Y CONSUMIBLES;;
3748;"DISCO CORTE METAL 7"" 3M";ABRASIVOS Y CONSUMIBLES;;
3749;POLISOMBRA NEGRA ECLIPSE 4MT X1MT;CONSTRUCCION;;
3750;WIN MARMOL GRIS CLARO 2.4MT DALAMO;CONSTRUCCION;;
3751;WIN MARMOL ALMENDRA 2.4MT DALAMO;CONSTRUCCION;;
3752;WIN BLANCO NEVADO BRILLANTE 2.4MT DALAMO;CONSTRUCCION;;
3753;WIN NEGRO BRILLANTE 2.4MT DALAMO;CONSTRUCCION;;
3754;WIN NEGRO PLANO 2.4MT DALAMO;CONSTRUCCION;;
3755;WIN MARMOL NOGAL OSCURO 2.4MT DALAMO;CONSTRUCCION;;
3756;WIN MARMOL NEGRO 2.4MT DALAMO;CONSTRUCCION;;
3757;WIN NOGAL BRILLANTE 2.4MT DALAMO;CONSTRUCCION;;
3758;WIN BLANCO NEVADO PLANO 2.4MT DALAMO;CONSTRUCCION;;
3759;WIN CHAMPAï¿½A BRILLANTE 2.4MT DALAMO;CONSTRUCCION;;
3760;WIN BEIGE PLANO 2.4MT DALAMO;CONSTRUCCION;;
3761;WIN MARMOL ALMENDRA 2.4MT DALAMO;CONSTRUCCION;;
3762;WIN MARMOL TURRON 2.4MT DALAMO;CONSTRUCCION;;
3763;WIN MARMOL TERRAZO 2.4MT DALAMO;CONSTRUCCION;;
3764;WIN MARMOL TRAVERTINO 2.4MT DALAMO;CONSTRUCCION;;
3765;WIN MARMOL BROWN 2.4MT DALAMO;CONSTRUCCION;;
3766;WIN MARMOL ARENA 2.4MT DALAMO;CONSTRUCCION;;
3767;WIN MARMOL GRIS 2.4MT DALAMO;CONSTRUCCION;;
3768;WIN WENGUE 2.4MT DALAMO;CONSTRUCCION;;
3769;WIN CERAMICO MARMOL GRIS OSCURO 2.4MT DALAMO;CONSTRUCCION;;
3770;ESQUINERO BLANCO NEVADO INTRAPLAST;CONSTRUCCION;;
3771;ESQUINERO BLANCO GLACIAL INTRAPLAST;CONSTRUCCION;;
3772;ESQUINERO GRIS INTRAPLAST;CONSTRUCCION;;
3773;ESQUINERO HAYA INTRAPLAST;CONSTRUCCION;;
3774;ESQUINERO CEDRO INTRAPLAST;CONSTRUCCION;;
3775;ESQUINERO SALVAJE INTRAPLAST;CONSTRUCCION;;
3776;ESQUINERO WENGUE INTRAPLAST;CONSTRUCCION;;
3777;PINTURA EN SPRAY  AMARILLO COLOMBIA BRILLANTE 400ML PINTE;CONSTRUCCION;;
3778;PINTURA EN SPRAY AZUL ESPAï¿½OL BRILLANTE 400ML PINTE;CONSTRUCCION;;
3779;PINTURA EN SPRAY BLANCO BRILLANTE 400ML PINTE;CONSTRUCCION;;
3780;PINTURA EN SPRAY BLANCO MATE 400ML PINTE;CONSTRUCCION;;
3781;PINTURA EN SPRAY GRIS CLARO BRILLANTE  400ML PINTE;CONSTRUCCION;;
3782;PINTURA EN SPRAY METALIZADO ORO 400ML PINTE;CONSTRUCCION;;
3783;PINTURA EN SPRAY ROJO CLARO BRILLANTE 400ML PINTE;CONSTRUCCION;;
3784;PINTURA EN SPRAY ROJO OSCURO BRILLANTE 400ML PINTE;CONSTRUCCION;;
3785;PINTURA EN SPRAY TRANSPARENTE MATE 400ML PINTE;CONSTRUCCION;;
3786;PINTURA EN SPRAY METALIZADO PLATA 400ML PINTE;CONSTRUCCION;;
3787;PINTURA EN SPRAY GRIS MATE ANTICORROSIVO 400ML PINTE;CONSTRUCCION;;
3788;PINTURA EN SPRAY CREMA BRILLANTE 400ML PINTE;CONSTRUCCION;;
3789;PINTURA EN SPRAY ROJO FUEGO BRILLANTE  400ML PINTE;CONSTRUCCION;;
3790;PINTURA EN SPRAY CAFE OSCURO BRILLANTE 400ML PINTE;CONSTRUCCION;;
3791;PINTURA EN SPRAY GRIS OSCURO BRILLANTE 400ML PINTE;CONSTRUCCION;;
3792;PINTURA EN SPRAY GRIS BRILLANTE 400ML PINTE;CONSTRUCCION;;
3793;PINTURA EN SPRAY AZUL CLARO BRILLANTE 400ML PINTE;CONSTRUCCION;;
3794;PINTURA EN SPRAY AMARILLO CATERPILLAR BRILLANTE 400ML PINTE;CONSTRUCCION;;
3795;PINTURA EN SPRAY VERDE BRILLANTE 400ML PINTE;CONSTRUCCION;;
3796;PINTURA EN SPRAY VERDE JADE BRILLANTE 400ML PINTE;CONSTRUCCION;;
3797;PINTURA EN SPRAY VERDE CLARO BRILLANTE 400ML PINTE;CONSTRUCCION;;
3798;PINTURA EN SPRAY VINOTINTO BRILLANTE 400ML PINTE;CONSTRUCCION;;
3799;PINTURA EN SPRAY NARANJA BRILLANTE 400ML PINTE;CONSTRUCCION;;
3800;PINTURA EN SPRAY ALUMINIO CLARO BRILLANTE 400ML PINTE;CONSTRUCCION;;
3801;PINTURA EN SPRAY METALIZADO ALUMINIO OSCURO 400ML PINTE;CONSTRUCCION;;
3802;PINTURA EN SPRAY ROJO MATE ANTICORROSIVO 400ML PINTE;CONSTRUCCION;;
3803;PINTURA EN SPRAY NEGRO ALTA TEMPERATURA 400ML PINTE;CONSTRUCCION;;
3804;PINTURA EN SPRAY ALUMINIO ALTA TEMPERATURA 400ML PINTE;CONSTRUCCION;;
3805;PINTURA EN SPRAY VERDE FLUORESCENTE 400ML PINTE;CONSTRUCCION;;
3806;PINTURA EN SPRAY NARANJA FLUORESCENTE 400ML PINTE;CONSTRUCCION;;
3807;PINTURA EN SPRAY AMARILLO FLUORESCENTE 400ML PINTE;CONSTRUCCION;;
3808;PINTURA EN SPRAY ROJO FLUORESCENTE 400ML PINTE;CONSTRUCCION;;
3811;PINTURA EN SPRAY METALIZADO CROMO PINTE;CONSTRUCCION;;
3812;CAUTIN TIPO LAPIZ TRABAJO PESADO 60W PRETUL;ELECTRICOS;;
3813;DUCHA HORIZONTAL LUSSO BLANCA A110V BOCCHERINI;ELECTRICOS;;
3814;CINTA AMARILLA LA ORIGINAL 24 MM X 50MT 3M;PEGANTES;;
3815;CANDADO GOLD WALL BLISS 60 MM ORIGINAL;CERRAJERIA Y SEGURIDAD;;
3816;MARTILLO MINI TATAMACO ECO;HERRAMIENTA MANUAL;;
3817;CANCAMO CERRADO N 16 RANGER;TORNILLERIA;;
3818;CANCAMO CERRADO N 18 RANGER;TORNILLERIA;;
3819;CANCAMO CERRADO N 14 RANGER;TORNILLERIA;;
;LAMPARA ANTIPOLVO 1.20 MT MERCURY;ELECTRICOS;;
3822;CARGA DE BATERIA 3 HORAS;SERVICIOS;;
3823;ARENA DE RIO 1/2 MT;CONSTRUCCION;;
3824;ARENA DE RIO 1 MT;CONSTRUCCION;;
3825;LLAVE BRISTOL CORTA L 5/64pg IW10549;HERRAMIENTA MANUAL;;
3826;LLAVE BRISTOL CORTA L 3/32pg IW10550;HERRAMIENTA MANUAL;;
3827;LLAVE BRISTOL CORTA L 1/8pg IW10552;HERRAMIENTA MANUAL;;
3828;LLAVE BRISTOL CORTA L 5/32pg IW10554;HERRAMIENTA MANUAL;;
3829;LLAVE BRISTOL CORTA L 3/16pg IW10555;HERRAMIENTA MANUAL;;
3830;LLAVE BRISTOL CORTA L 7/32pg IW10556;HERRAMIENTA MANUAL;;
3831;LLAVE BRISTOL CORTA L 1/4pg IW10557;HERRAMIENTA MANUAL;;
3832;LLAVE BRISTOL  CORTA L 5/16pg IW10558;HERRAMIENTA MANUAL;;
3833;LLAVE BRISTOL CORTA L 3/8pg IW10559;HERRAMIENTA MANUAL;;
3834;LLAVE BRISTOL CORTA L 1.5mm IW10567;HERRAMIENTA MANUAL;;
3835;LLAVE BRISTOL CORTA L 2.5mm IW10569;HERRAMIENTA MANUAL;;
3836;LLAVE BRISTOL CORTA L 3mm IW10570;HERRAMIENTA MANUAL;;
3838;LLAVE BRISTOL CORTA L 5mm IW10572;HERRAMIENTA MANUAL;;
3839;LLAVE BRISTOL CORTA L 6mm IW10573;HERRAMIENTA MANUAL;;
3840;LLAVE BRISTOL CORTA L 7mm IW10574;HERRAMIENTA MANUAL;;
3841;LLAVE BRISTOL CORTA L 8mm IW10575;HERRAMIENTA MANUAL;;
3842;LLAVE BRISTOL CORTA L 10mm IW10577;HERRAMIENTA MANUAL;;
3843;SILICONA AROMA FRESA UV 350ML SIMONIZ;PEGANTES;;
3844;SILICONA ULTRA RAPIDA AEROSOL 300ML SIMONIZ;PEGANTES;;
3845;SILICONA CAR NUEVO UV 300ML SIMONIZ;PEGANTES;;
;BOMBILLO LED 30W SILVANIA;ELECTRICOS;;
3847;BOMBILLO LED 20W SILVANIA;ELECTRICOS;;
3848;NIVEL TORPEDO ECONOMICO;HERRAMIENTA MANUAL;;
3849;KIT GRIFERIA SANITARIA BOTON LAGUNA GRIVAL;GRIFERIA;;
3850;TRAPERO REF 800;HOGAR Y COCINA;;
3851;LUBRICANTE MULTIUSOS 450ML DTURIN;LUBRICANTES;;
3852;ESPONJILLA BOMBRIL BRILLO;HOGAR Y COCINA;;
3853;CABLE ENCAUCHETADO 3X14;ELECTRICOS;;
3854;TAPON MACHO GALVANIZADO 3/4;TUBERIAS Y ACCESORIOS;;
3855;TAPON MACHO GALVANIZADO 3/8;TUBERIAS Y ACCESORIOS;;
3856;TEE COBRE 1/2;TUBERIAS Y ACCESORIOS;;
3857;CADENA MULTIUSO TRENZADA DE ZINC;CERRAJERIA Y SEGURIDAD;;
3858;"GRATA TRENZADA PARA PULIDORA 6"" TRUPER";HERRAMIENTA MANUAL;;
3865;CAJA CHAPA CHISMOSA SENCILLA;CERRAJERIA Y SEGURIDAD;;
3866;MANIJA DECO ARCO N3;HERRAJES Y SOPORTES;;
3867;MANIJA TUBULAR NIQUELADA N 1;HERRAJES Y SOPORTES;;
3868;MANIJA TUBULAR NIQUELADA N 2;HERRAJES Y SOPORTES;;
3869;MANIJA TUBULAR NIQUELADA N 3;HERRAJES Y SOPORTES;;
3870;MANIJA TIRADERA ALUMINIO N 1;HERRAJES Y SOPORTES;;
3871;MANIJA TIRADERA ALUMINIO N 2;HERRAJES Y SOPORTES;;
3872;MANIJA TIRADERA ALUMINIO N 3;HERRAJES Y SOPORTES;;
3873;MANIJA TIRADERA ALUMINIO N 4;HERRAJES Y SOPORTES;;
3874;MANIJA TIRADERA ALUMINIO N 5;HERRAJES Y SOPORTES;;
3875;MANIJA PLASTICA CONCHA CAFE;HERRAJES Y SOPORTES;;
3876;PERCHERO NIQUELADO TORO PEQUEï¿½O;HERRAJES Y SOPORTES;;
3877;PERCHERO NIQUELADO TORO GRANDE;HERRAJES Y SOPORTES;;
3878;PERCHERO NIQUELADO SENCILLO;HERRAJES Y SOPORTES;;
3879;PERCHERO NIQUELADO DOBLE;HERRAJES Y SOPORTES;;
3880;RODACHINA RPL N 10 NYLON;HERRAJES Y SOPORTES;;
3881;RODACHINA PISO RPL N 20 METALICA;HERRAJES Y SOPORTES;;
3882;RODACHINA COLGANTE RP 10 METALICA Y NYLON;HERRAJES Y SOPORTES;;
3883;RODACHINA COLGANTE RP 11 NYLON;HERRAJES Y SOPORTES;;
3884;RODACHINA COLGANTE RP 12 NYLON;HERRAJES Y SOPORTES;;
3885;RODACHINA COLGANTE RP 5 NYLON;HERRAJES Y SOPORTES;;
3887;"RODACHINA GIRATORIA PLATAFORMA 11/4"" CAUCHO";HERRAJES Y SOPORTES;;
3888;"RODACHINA GIRATORIA PLATAFORMA 11/2"" CAUCHO";HERRAJES Y SOPORTES;;
3889;"RODACHINA GIRATORIA PLATAFORMA 2"" CAUCHO";HERRAJES Y SOPORTES;;
3890;"RODACHINA GIRATORIA PLATAFORMA 11/2""PASTA MUEBLE";HERRAJES Y SOPORTES;;
3891;"RODACHINA GIRATORIA PLATAFORMA 2"" PASTA MUEBLE";HERRAJES Y SOPORTES;;
3892;RODACHINA COLGANTE 4 RUEDAS METALICA P814 FUERTE UNIDAD;HERRAJES Y SOPORTES;;
3862;ESPUMA EXPANSIVA 750ML TRUPER;CONSTRUCCION;;
3863;ESPUMA EXPANSIVA 300ML TRUPER;CONSTRUCCION;;
3864;"CUCHILLO CON SIERRA 5"" MANGO MADERA PRETUL";HOGAR Y COCINA;;
3893;"PIE DE AMIGO FLEXIBLE 10"" BLANCO PAR";HERRAJES Y SOPORTES;;
3894;SOPORTE REPISA FIJO INVISIBLE 3/8 X 17CM UN;HERRAJES Y SOPORTES;;
3895;SOPORTE REPISA FIJO INVISIBLE 3/8 X 24CM UN;HERRAJES Y SOPORTES;;
3899;REJILLA DE VENTILACION PANAL PLASTICA 20X40;GRIFERIA;;
3900;BISAGRA DE PIVOTE FUERTE BP 60 PAR;HERRAJES Y SOPORTES;;
3903;PRENSAESTOPA;TUBERIAS Y ACCESORIOS;;
3901;KIT EMPAQUE CERAMICO UNIVERSAL LOZA;GRIFERIA;;
3902;SOPORTE PARA EXTINTOR;HERRAJES Y SOPORTES;;
3904;CHUPA CON GANCHO MEGA;HERRAJES Y SOPORTES;;
3896;"ABRAZADERA INDUSTRIAL 11/4"" TITAN";HERRAJES Y SOPORTES;;
3897;"ABRAZADERA INDUSTRIAL 11/2"" TITAN";HERRAJES Y SOPORTES;;
3898;"ABRAZADERA INDUSTRIAL 2""  TITAN";HERRAJES Y SOPORTES;;
3905;BOLILLERO ROMANO N 2;HERRAJES Y SOPORTES;;
3906;GRAPA COLGANTE PARA CUADRO;HERRAJES Y SOPORTES;;
3907;TAPATORNILLO MADERA;HERRAJES Y SOPORTES;;
3908;BRIDA N1 METALICA NEGRA;HERRAJES Y SOPORTES;;
3909;SOPORTE ENTREPAï¿½O PUNTILLA BLANCO;HERRAJES Y SOPORTES;;
3910;GANCHO CORTINA BAï¿½O PLASTICO BLANCO;HERRAJES Y SOPORTES;;
3911;GUAYA DE ACERO 7H 1/16 RECUBIERTA 1 MT;HERRAJES Y SOPORTES;;
3912;MANGUERA COMPRESOR 1/4 300 PSI TRUPER;TUBERIAS Y ACCESORIOS;;
3913;"TORNILLO HEXAGONAL LAMINA PUNTA BROCA ANP 10 X1""";TORNILLERIA;;
3914;TORNILLO HEXAGONAL LAMINA PUNTA BROCA ANP 10X11/2;TORNILLERIA;;
3915;"TORNILLO HEXAGONAL LAMINA PUNTA BROCA ANP 12 X 2""";TORNILLERIA;;
3916;TORNILLO HEXAGONAL LAMINA PUNTA BROCA ANP 12 X 21/2;TORNILLERIA;;
3917;"TORNILLO HEXAGONAL LAMINA PUNTA BROCA CAPUCHON 14 X 2""";TORNILLERIA;;
3918;"TORNILLO HEXAGONAL LAMINA PUNTA BROCA CAPUCHON 14 X 21/2""";TORNILLERIA;;
3919;"MANGUERA DE GAS FLEXOMETALICA 11/2""MT";TUBERIAS Y ACCESORIOS;;
3920;CANDADO AMARILLO ECONOMICO 30;CERRAJERIA Y SEGURIDAD;;
3921;CANDADO AMARILLO ECONOMICO 40;CERRAJERIA Y SEGURIDAD;;
3922;CANDADO AMARILLO ECONOMICO 50;CERRAJERIA Y SEGURIDAD;;
3923;CANDADO AMARILLO ECONOMICO 60;CERRAJERIA Y SEGURIDAD;;
3820;CANDADO CLAVE ECO;CERRAJERIA Y SEGURIDAD;;
3924;CAJA DE CARTON GRANDE Y MEDIANA;HOGAR Y COCINA;;
3925;RESISTENCIA ESCOLAR PROYECTOS;ELECTRICOS;;
3926;LLANA LISA MANGO DE MADERA 6 REMACHES TRUPER;HERRAMIENTA MANUAL;;
3927;LLANA DENTADA MANGO DE MADERA 6 REMACHES TRUPER;HERRAMIENTA MANUAL;;
3928;ALAMBRE TELEFONICO NEGRO-AZUL 1MT;ELECTRICOS;;
3929;SUPER BONDER 5 GRAMOS LOCTITE;PEGANTES;;
3930;RASTRILLO JARDINERO 12 DIENTES PRETUL;HERRAMIENTA MANUAL;;
3931;CRAYONES EN BLISTER X 2 12CM INDUSTRIALES TRUPER;HERRAMIENTA MANUAL;;
3932;QUITA MANCHAS GOTERO 60CC;ASEO;;
3933;QUITA TINTAS GOTERO 60CC;ASEO;;
3934;QUITA OXIDO GOTERO 60CC;ASEO;;
3935;CARETA PARA SOLDAR ELCTRONICA TRUPER;DOTACION INDUSTRIAL;;
3939;BREAKER TACO 40 A LUMINEX;ELECTRICOS;;
3940;PITA COMETA ECO;SOGAS Y CADENAS;;
3941;PLUG CONVERTIDOR DE RCA A 1/4;ELECTRICOS;;
3942;PLUG CONVERTIDOR DE RCA A JACK;ELECTRICOS;;
3943;PLUG CONVERTIDOR DE 1/4 A JACK;ELECTRICOS;;
3944;PLUG UNION ESTEREO 3.5 HEMBRA A3.5 HEMBRA;ELECTRICOS;;
3945;PULPO MALLA NEGRO;SOGAS Y CADENAS;;
3946;ENCENDEDOR DE GAS FLOPY;ELECTRICOS;;
3947;CARGADOR DE BATERIA BESTON MIXTO AA Y AAA;ELECTRICOS;;
3948;BOMBILLO PERFUME;ELECTRICOS;;
3949;ADAPTADOR 500 AMP OSBLAK;ELECTRICOS;;
3950;MULTITOMA ALFA LINEAL;ELECTRICOS;;
3951;"MACHETE 14"" ECO";HERRAMIENTA MANUAL;;
3952;MULTITOMA SUPRESOR DE PICOS;ELECTRICOS;;
3953;ESTABILIZADOR REGULADOR DE VOLTAJE 1000WTS;ELECTRICOS;;
3954;CORAZA NEGRA 1/4 1M;ELECTRICOS;;
3955;ESPIRAL NEGRO 1/2 1MT;ELECTRICOS;;
3956;BREAKER TACO DE RIEL EXTERIOR 50 AMP;ELECTRICOS;;
3957;PRENSA ESTOPA PARA CABLE PEQUEï¿½A;ELECTRICOS;;
3958;PRENSA ESTOPA PARA CABLE GRANDE;ELECTRICOS;;
3936;SWITCHE ROJO TRES PATAS;ELECTRICOS;;
3937;SWITCHE ROJO REDONDO;ELECTRICOS;;
3938;SWITCHE ROJO PULSADOR REDONDO PEQUEï¿½O;ELECTRICOS;;
3959;GRASA BLANCA DE LITIO AEROSOL 295ML TRUPER;LUBRICANTES;;
3960;LUBRICANTE DE CADENAS AEROSOL 400ML TRUPER;LUBRICANTES;;
3961;JUEGO DE PINCELES CON BLISTER 5 PIEZAS PRETUL;PINTURAS Y DISOLVENTES;;
3962;"JUEGO DE 7 PUNTAS TORX COMBINADAS 1"" TRUPER";HERRAMIENTA MANUAL;;
3963;"JUEGO DE 7 PUNTAS TORX CON SEGURO 2"" TRUPER";HERRAMIENTA MANUAL;;
3964;JUEGO DE 3 ADAPTADORES EXTENSION COPAS 1/4, 3/8, 1/2 TRUPER;HERRAMIENTA MANUAL;;
3859;"DISCO CORTE DIAMANTADO SEGMENTADO 41/2"" TOOLS";ABRASIVOS Y CONSUMIBLES;;
3860;"DISCO CORTE DIAMANTADO CONTINUO 7"" TOOLS";ABRASIVOS Y CONSUMIBLES;;
3861;"DISCO CORTE DIAMANTADO CONTINUO 9"" TOOLS";ABRASIVOS Y CONSUMIBLES;;
;CABLE 1X1 3MT;ELECTRICOS;;
3966;ARANDELA 5MM;TORNILLERIA;;
3967;ARANDELA 6MM;TORNILLERIA;;
3968;ARANDELA 8MM;TORNILLERIA;;
3969;ARANDELA 10MM;TORNILLERIA;;
3970;ARANDELA 12MM;TORNILLERIA;;
3971;TEE ELECTRICA BLANCA 1x2 ECA80;ELECTRICOS;;
3972;"PANEL LED 18W CUADRADO SOBREPONER 8"" BLANCO";ELECTRICOS;;
3973;"PANEL LED 12W CUADRADO SOBREPONER 6"" BLANCO";ELECTRICOS;;
3974;CONECTOR PLASTICO AMARILLO UNIDAD;ELECTRICOS;;
3975;LUBRICANTE MULTIUSOS MERCURY 200ML MR-40;LUBRICANTES;;
3976;LIMPIADOR ELECTRï¿½NICO 200ML MERCURY;LUBRICANTES;;
3977;ADAPTADOR 12V 2A PARA CINTA LED;ELECTRICOS;;
3978;GUANTE POLIESTER RECUBIERTO LATEX ELEMENT;DOTACION INDUSTRIAL;;
3979;GUANTE POLIESTER RECUBIERTO NITRILO T8;DOTACION INDUSTRIAL;;
3980;CONECTOR UNION LATON PEALPE 1216 x ï¿½?NPT;TUBERIAS Y ACCESORIOS;;
3981;CONECTOR UNION LATON PEALPE 1216X1216;TUBERIAS Y ACCESORIOS;;
3982;CONECTOR UNION LATON PEALPE 1216xï¿½?NPT;TUBERIAS Y ACCESORIOS;;
3983;VALVULA CIERRE MARIPOSA LATON 1216 PEALP;GRIFERIA;;
3984;DISCO CORTE METAL 41/2 X 1/8 x 7/8 DEWALT;ABRASIVOS Y CONSUMIBLES;;
3985;"DISCO FLAP 4.1/2 X 7/8"" Z80 DEWALT";ABRASIVOS Y CONSUMIBLES;;
3986;LIGANTE ACRIL 530 BOL 750 GR INVERCRYL;LUBRICANTES;;
3988;AMARRE REUTILIZABLE 4,6X200mm PAQ FORTE;SOGAS Y CADENAS;;
3989;FLEXOMETRO PRO 5m 30085 STANLEY;HERRAMIENTA MANUAL;;
3990;REGULADOR GAS P R-20 M/N 1.50 MT HUMCAR;TUBERIAS Y ACCESORIOS;;
3991;LUBRICANTE SECO PTFE SPRAY 240 ML TRUPER;LUBRICANTES;;
3704;BROCA ACERO HSS 1/4 NICHOLSON;ABRASIVOS Y CONSUMIBLES;;
3992;"ESPIRAL NEGRO 1/2"" PAQUETE X 5MT";ELECTRICOS;;
3993;"DISCO FLAP 80 7"" AZUL VIGOR";ABRASIVOS Y CONSUMIBLES;;
3994;"TORNILLO HEX RO ZINC 3/8X1/2""UN";TORNILLERIA;;
3995;GUANTE POLIESTER RECUBIERTO DE NITRILO T9;DOTACION INDUSTRIAL;;
3998;VARILLA CORRUGADA G-60 3/8 MM X MT;CONSTRUCCION;;
3999;VARILLA CORRUGADA G-60 3/8 MM X 1MT;CONSTRUCCION;;
3996;"DISCO DIAMANTADO SEGMENTADO 7"" ABRACOL";ABRASIVOS Y CONSUMIBLES;;
3997;"DISCO DIAMANTADO SEGMENTADO 9"" ABRACOL";ABRASIVOS Y CONSUMIBLES;;
4000;"DISCO DIAMANTADO CONTINUO 41/2"" ABRACOL";ABRASIVOS Y CONSUMIBLES;;
4001;"DISCO DIAMANTADO SEGMENTADO 41/2"" ABRACOL";ABRASIVOS Y CONSUMIBLES;;
4002;"TORNILLO HEX RO ZINC 7/16X11/4"" UN";TORNILLERIA;;
4003;"TORNILLO HEX RO ZINC 7/16X31/2"" UN";TORNILLERIA;;
4004;"TORNILLO HEX RO ZINC 7/16X41/2"" UN";TORNILLERIA;;
4005;"TORNILLO HEX RO ZINC 5/16X1/2"" UN";TORNILLERIA;;
4006;GAVETA APILABLE DE PLASTICO N2 17X11X8CM TRUPER;HERRAJES Y SOPORTES;;
4007;GAVETA APILABLE DE PLASTICO N3 25X17X11CM TRUPER;HERRAJES Y SOPORTES;;
4008;ORGANIZADOR CON 64 GAVETAS TRUPER;HERRAJES Y SOPORTES;;
3809;"VARILLA ROSCADA XMT 7/16""";CONSTRUCCION;;
4009;"MANDRIL ZANCO 3/8"" PARA SIERRA COPA BIMETALICA TRUPER";HERRAMIENTA MANUAL;;
4010;"MANDRIL ZANCO 7/16"" PARA SIERRA COPA BIMETALICA TRUPER";HERRAMIENTA MANUAL;;
4011;"SIERRA COPA BIMETALICA 1 3/4"" TRUPER";ABRASIVOS Y CONSUMIBLES;;
4012;"TORNILLO HEX RO ZINC 1/4X5"" UN";TORNILLERIA;;
4013;"TORNILLO HEX RO ZINC 1/4X4"" UN";TORNILLERIA;;
4014;CHAZO PLASTICO COLPASIBLE 5/16;TORNILLERIA;;
4015;CHAZO PLASTICO MARIPOSA 3/8;TORNILLERIA;;
4016;VARILLA ROSCADA 7/16;;;
4017;PUNTAS PARA CAUTIN TIPO PISTOLA X2 TRUPER;ABRASIVOS Y CONSUMIBLES;;
4018;ARENA BOLSA DE KILO APROX;CONSTRUCCION;;
4019;LLAVERO APUNTADOR LASER;CERRAJERIA Y SEGURIDAD;;
4020;SOLDADURA AL FRIO PEGATANKE ACERO NEGRO;PEGANTES;;
3701;BROCA ACERO HSS 1/8 NICHOLSON;ABRASIVOS Y CONSUMIBLES;;
4021;"PIEDRA PARA ESMERIL 5 X 3/4"" GRANO 36 TRUPER";ABRASIVOS Y CONSUMIBLES;;
4022;TOALLITA COCINA MICROFIBRA;HOGAR Y COCINA;;
4023;SWITCHE 4 PATAS;ELECTRICOS;;
4024;CAIMAN ROJO NEGRO 300A GRANDE NACIONAL;ELECTRICOS;;
4025;PILA A27;ELECTRICOS;;
4745;PILA A23;ELECTRICOS;;
4027;TERMINAL OJO 5/16;ELECTRICOS;;
4028;LLAVE CRUCETA PEQUEï¿½A;HERRAMIENTA MANUAL;;
4029;JUEGO DE MACHOS MILIMETRICOS;HERRAMIENTA MANUAL;;
4030;CUCHILLO PARA FRUTA PEQUEï¿½O EXCALIBUR;HERRAMIENTA MANUAL;;
4031;"DESTORNILLADOR ESTRELLA 1/8 X 4"" MCGRIP PRETUL";HERRAMIENTA MANUAL;;
4032;CARETA FACIAL PRETUL;HERRAMIENTA MANUAL;;
4033;AROS PARA LLAVES;CERRAJERIA Y SEGURIDAD;;
4034;CANDADO DE HIERRO 63MM GANCHO LARGO HERMEX;CERRAJERIA Y SEGURIDAD;;
4035;"BROCA PARA MADERA 3/16"" TRUPER";ABRASIVOS Y CONSUMIBLES;;
4036;"BROCA PARA MADERA 1/4"" TRUPER";ABRASIVOS Y CONSUMIBLES;;
4037;"TALADRO PERCUTOR INALAMBRICO 1/2"" 20V PRETUL";HERRAMIENTA ELECTRICA;;
4038;JUEGO DE COPAS TAG 1/4 X 6 PUNTAS 13 PIEZAS SATA;HERRAMIENTA MANUAL;;
4039;CERA ABRILLANTADOR MANUAL 240ML 3M;LUBRICANTES;;
4040;SPRAY LACA AZUL ESPAï¿½OL 300ML TERINSA;PINTURAS Y DISOLVENTES;;
4041;SPRAY LACA NEGRO EXTRAFINO 300ML TERINSA;PINTURAS Y DISOLVENTES;;
4042;CERRADURA POMO BAï¿½O FANAL;CERRAJERIA Y SEGURIDAD;;
4044;CERRADURA DE SEGURIDAD LLAVE MARIPOSA FANAL;CERRAJERIA Y SEGURIDAD;;
4045;HILO GANAFULL O SOGA MARINA 6 1MT;SOGAS Y CADENAS;;
4046;"ALICATE UNIVERSAL 8"" SATA";HERRAMIENTA MANUAL;;
4048;COPA 1/2 6 PUNTAS 17MM SATA;HERRAMIENTA MANUAL;;
4047;"ALICATE HOMBRESOLO DE PRESION RECTO 10"" SATA";HERRAMIENTA MANUAL;;
4049;COPA 1/2 6 PUNTAS 19 MM SATA;HERRAMIENTA MANUAL;;
4050;COPA 1/2 6 PUNTAS 14 MM SATA;HERRAMIENTA MANUAL;;
4051;COPA 1/2 6 PUNTAS 12 MM SATA;HERRAMIENTA MANUAL;;
4052;"COPA 1/2 6 PUNTAS 1/2"" SATA";HERRAMIENTA MANUAL;;
4053;"COPA 1/2 6 PUNTAS 9/16"" SATA";HERRAMIENTA MANUAL;;
4054;"COPA 1/2 6 PUNTAS 3/4"" SATA";HERRAMIENTA MANUAL;;
4055;"DESTORNILLADOR ESTRELLA 1/4 X 4"" SATA";HERRAMIENTA MANUAL;;
4056;"DESTORNILLADOR PALA 1/4 X 4"" SATA";HERRAMIENTA MANUAL;;
4057;LLAVE DE COMBINACION WRENCH 8MM SATA;HERRAMIENTA MANUAL;;
4058;LLAVE DE COMBINACION WRENCH 10 MM SATA;HERRAMIENTA MANUAL;;
4059;LLAVE DE COMBINACION WRENCH 12 MM SATA;HERRAMIENTA MANUAL;;
4060;LLAVE DE COMBINACION WRENCH 13 MM SATA;HERRAMIENTA MANUAL;;
4061;LLAVE DE COMBINACION WRENCH 14 MM SATA;HERRAMIENTA MANUAL;;
4062;LLAVE COMBINADA ESPEJO 17MM SATA;HERRAMIENTA MANUAL;;
4063;"LLAVE COMBINADA ESPEJO 3/8"" MM SATA";HERRAMIENTA MANUAL;;
4065;"LLAVE COMBINADA ESPEJO 9/16"" MM SATA";HERRAMIENTA MANUAL;;
4066;"RATCHET 1/2"" DESACOPLE RAPIDO CABEZA REDONDA SATA";HERRAMIENTA MANUAL;;
4067;LLAVE TIPO T CON COPA 8MM SATA;HERRAMIENTA MANUAL;;
4068;LLAVE TIPO T CON COPA 10MM SATA;HERRAMIENTA MANUAL;;
4069;"PUNTA PHILLIPS 1/4"" X 50MM N2 SATA";HERRAMIENTA MANUAL;;
4070;JUEGO DE LLAVE HEX PLEGABLE 8P 1.5 -8MM SATA;HERRAMIENTA MANUAL;;
4071;"DISCO DESBASTE METAL 41/2"" X 1/4"" X 7/8"" PREMIER";ABRASIVOS Y CONSUMIBLES;;
4072;SELLADOR DE POLIURETANO 280ML GRIS TRUPER;PINTURAS Y DISOLVENTES;;
4073;"PRENSA EN C DE HIERRO 4"" PRETUL";HERRAMIENTA MANUAL;;
4074;"PRENSA EN C DE HIERRO 6"" PRETUL";HERRAMIENTA MANUAL;;
4075;JUEGO DE 10 LLAVES MIXTAS PULGADAS Y METRICAS PULIDAS TRUPER EXP;HERRAMIENTA MANUAL;;
4076;LLAVE MIXTA CON RATCHET 11MM TRUPER EXP;HERRAMIENTA MANUAL;;
4077;LLAVE MIXTA CON RATCHET 12MM TRUPER EXP;HERRAMIENTA MANUAL;;
4078;LLAVE MIXTA CON RATCHET 13MM TRUPER EXP;HERRAMIENTA MANUAL;;
4079;LLAVE DE BANDA METALICA 31/4-33/4 PARA FILTRO DE ACEITE;HERRAMIENTA MANUAL;;
4080;LIJADORA MANUAL DE BASE ALUMINIO 8X24 CM TRUPER;HERRAMIENTA MANUAL;;
4081;JUEGO DE 70 HERRAMIENTAS 1/4 Y 3/8 MECANICO PRETUL;HERRAMIENTA MANUAL;;
4082;LLAVE JARDIN DE BOLA DE 1/2 ZINC PRETUL;GRIFERIA;;
4083;GUAYA FLEXIBLE 3/16 ACERO 7X19 RECUBIERTO 1MT FIERO;SOGAS Y CADENAS;;
4084;"HOMBRESOLO DE CAENA 8"" TRUPER";HERRAMIENTA MANUAL;;
4085;"HOMBRESOLO GIRATORIO TIPO C 9"" TRUPER";HERRAMIENTA MANUAL;;
4086;"HOMBRESOLO DE SOLDADOR 9"" TRUPER";HERRAMIENTA MANUAL;;
4087;"HOMBRESOLO HOJALATERO 8"" TRUPER";HERRAMIENTA MANUAL;;
4088;"HOMBRESOLO DE PUNTA LARGA 9"" TRUPER";HERRAMIENTA MANUAL;;
;CERRADURA POMO ALCOBA FANAL;CERRAJERIA Y SEGURIDAD;;
4089;PISTOLA PARA LIMPIEZA DE MAQUINAS TOSCA 1/4 TRUPER;HERRAMIENTA MANUAL;;
4090;BORNES DE LATON PARA BATERIA 2 PIEZAS TRUPER;PARTES Y REPUESTOS;;
4091;SILICONA TRANSPARENTE 50 ML UDUKE;PEGANTES;;
4092;PIEDRA DE AFILAR GRANDE;HERRAMIENTA MANUAL;;
4093;PIEDRA DE AFILAR PEQUEï¿½A;HERRAMIENTA MANUAL;;
4094;TOALLITA GRANDE;HOGAR Y COCINA;;
4095;BANDAS DE CAUCHO CAJA;HERRAJES Y SOPORTES;;
4096;BANDAS DE CAUCHO UNIDAD;HERRAJES Y SOPORTES;;
4097;LAPIZ DE CERA VIDIOGRAF PARA VIDRIO METAL CERAMICA;PAPELERIA Y ESCOLAR;;
4098CA;"PUNTILLA 1"" SIN CABEZA 400G";TORNILLERIA;;
4099;JUEGO DE 2 ESLINGAS REATA CON RATCHET 1500 KG TRUPER;HERRAMIENTA MANUAL;;
4100;"ESMERIL DE BANCO 5"" DE 1/4 HP TRUPER";HERRAMIENTA ELECTRICA;;
4101;TAPA BOCA RESPIRADOR SIN CARTUCHO 1 FILTRO PRETUL;DOTACION INDUSTRIAL;;
4102;TAPA BOCA RESPIRADOR SIN CARTUCHO 2 FILTROS PRETUL;DOTACION INDUSTRIAL;;
4103;FILTRO CARTUCHO DE REPUESTO PINTURA EN SPRAY PRETUL;DOTACION INDUSTRIAL;;
4104;FILTRO CARTUCHO DE REPUESTO VAPORES INORGANICOS PRETUL;DOTACION INDUSTRIAL;;
4105;FILTRO CARTUCHO DE REPUESTO VAPORES ORGANICOS PRETUL;DOTACION INDUSTRIAL;;
4106;FILTRO CARTUCHO DE REPUESTO GASES ACIDOS PRETUL;DOTACION INDUSTRIAL;;
4107;FILTRO DE REPUESTO POLVOS Y PARTICULAS PRETUL;DOTACION INDUSTRIAL;;
4108;INTEGRADO ESCOLAR;ELECTRICOS;;
4109;LIMADURA DE HIERRO ESCOLAR;ELECTRICOS;;
4110;ESFERA DE HIERRO;ELECTRICOS;;
4111;JUMPERS ESCOLAR UNIDAD X COLOR;ELECTRICOS;;
4112;TUBO CINTA TERMOENCOGIBLE 15MM 1MT;ELECTRICOS;;
4113;"VALVULA BOLA PVC 1/2"" ROSCA LIVIANA";GRIFERIA;;
4114;"VALVULA BOLA PVC 3/4"" ROSCA LIVIANA";GRIFERIA;;
4115;"VALVULA BOLA PVC 1"" ROSCA LIVIANA";GRIFERIA;;
4116;"VALVULA BOLA PVC 1/2"" SOLDAR LIVIANA";GRIFERIA;;
4117;"VALVULA BOLA PVC 3/4"" SOLDAR LIVIANA";GRIFERIA;;
4118;"VALVULA BOLA PVC 1"" SOLDAR LIVIANA";GRIFERIA;;
4119;CABEZA DUCHA CROMADA BOCCHERINI;GRIFERIA;;
4120;TUBO DE 1/2 PARA REGADERA 42CM BOCCHEIRNI;GRIFERIA;;
4121;ACOPLE METALICO TUERCA BRONCE 1/2 X 1/2 60CM UNIDAD  BOCCHERINI;GRIFERIA;;
4122;SOLDADURA 6010 1/8 1 K WEST ARCO;ABRASIVOS Y CONSUMIBLES;;
4123;SOLDADURA 6010 1/8 1/2 K WEST ARCO;ABRASIVOS Y CONSUMIBLES;;
4124;SOLDADURA 6010 1/8 5 K WEST ARCO;ABRASIVOS Y CONSUMIBLES;;
4125;SOLDADURA 6010 1/8 1 VARITA WEST ARCO;ABRASIVOS Y CONSUMIBLES;;
4126;MASILLA POLIESTER ULTRA BLANCO 19167 PINTUCO;PINTURAS Y DISOLVENTES;;
4127;VASO DE LICUADORA PLASTICO OSTER;HOGAR Y COCINA;;
4128;VASO DE LICUADORA PLASTICO SAMURAI;HOGAR Y COCINA;;
4129;LLAVERO DESTAPADOR EN ALUMINIO FIGURAS;CERRAJERIA Y SEGURIDAD;;
4130;MULTITOMA ALFA LINEAL 6SL X 1MT;ELECTRICOS;;
4131;DECODIFICADOR TDT DXG2223 AUDIOPI;ELECTRICOS;;
4132;PROTOBOARD WB 102;ELECTRICOS;;
4133;CABLE VEHICULO N 12 VERDE O NEGRO;ELECTRICOS;;
4134;RECOGEDOR CON CAUCHO;HOGAR Y COCINA;;
4135;TACO BREAKER TRIPOLAR 40A EXE;ELECTRICOS;;
4136;TACO BREAKER TRIPOLAR 50A EXE;ELECTRICOS;;
4138;VIDRIO TRANSPARENTE REDONDO 50MM TRUPER;ABRASIVOS Y CONSUMIBLES;;
4137;TAPA  PROTECTOR PARA TOMA;ELECTRICOS;;
4139;CIMBRA CON COLORANTE 15 MT PRETUL;HERRAMIENTA MANUAL;;
4141;"CUCHILLO CHEF 6"" MANGO MADERA PRETUL";HOGAR Y COCINA;;
4142;"CUCHILLO CHEF 7"" MANGO MADERA PRETUL";HOGAR Y COCINA;;
4143;"CUCHILLO CHEF 8"" MANGO MADERA PRETUL";HOGAR Y COCINA;;
;CANDADO CROMADO/ DORADO LLAVE CRUZ;CERRAJERIA Y SEGURIDAD;;
4144;LUBRICANTE PENETRANTE 378 ML FORMULA MECANICA;LUBRICANTES;;
4145;"GRATA COPA  ALAMBRE TRENZADO 3"" MULTI-ROSCA TRUPER";HERRAMIENTA MANUAL;;
4146;"GRATA COPA  ALAMBRE ONDULADO 3"" MULTI-ROSCA TRUPER";HERRAMIENTA MANUAL;;
4147;CINTA METRICA 30M METALICA TRUPER;HERRAMIENTA MANUAL;;
4148;ACOPLE RAPIDO MANGUERA-ACC TRUPER;GRIFERIA;;
4149;ACOPLE RAPIDO MACHO ABS TRUPER;GRIFERIA;;
4150;ACOPLE RAPIDO HEMBRA ABS TRUPER;GRIFERIA;;
4151;COPA MANDO 1/2 6 PUNTAS 10 MM TRUPER;HERRAMIENTA MANUAL;;
4152;"LLAVE MIXTA CON RATCHET 1/2"" TRUPER EXP";HERRAMIENTA MANUAL;;
4153;"LLAVE MIXTA CON RATCHET 9/16"" TRUPER EXP";HERRAMIENTA MANUAL;;
4154;"GRAPADORA TIPO PISTOLA 5/16"" TRUPER";HERRAMIENTA MANUAL;;
4155;ALAMBRE 12 X ROLLO 100MT PROCABLES;ELECTRICOS;;
4163;"PORTACANDADO 3"" INDUMA";HERRAJES Y SOPORTES;;
4164;CHURRUSCO PARA BAï¿½O CON BASE;HOGAR Y COCINA;;
4157;COPA MANDO 3/8 6 PUNTAS 6 MM TRUPER;HERRAMIENTA MANUAL;;
4158;COPA MANDO 3/8 6 PUNTAS 7 MM TRUPER;HERRAMIENTA MANUAL;;
4159;COPA MANDO 3/8 6 PUNTAS 8 MM TRUPER;HERRAMIENTA MANUAL;;
4160;COPA MANDO 3/8 6 PUNTAS 9 MM TRUPER;HERRAMIENTA MANUAL;;
4161;"LIMA PLANA BASTARDA 4"" TRUPER";HERRAMIENTA MANUAL;;
4162;"LIMA REDONDA BASTARDA 4"" TRUPER";HERRAMIENTA MANUAL;;
4165;PUNTAS PARA MULTIMETRO;ELECTRICOS;;
4166;LUCES DE NAVIDAD LED LINEAL X30 FIGURAS;ELECTRICOS;;
4167;LUCES DE NAVIDAD LED LINEAL X100 MULTICOLOR;ELECTRICOS;;
4168;LUCES DE NAVIDAD LED LINEAL BOMBILLO GRANDE HUMO X100;ELECTRICOS;;
4169;LUCES DE NAVIDAD LED LLUVIA DE 3X 0.60CM;ELECTRICOS;;
4170;LUCES DE NAVIDAD MALLA 1.50 X 1.50;ELECTRICOS;;
4171;SECUENCIADOR DE LUCES MANGUERA LED;ELECTRICOS;;
4172;TAPABOCAS QUIRURGICO NEGRO U;DOTACION INDUSTRIAL;;
4173;"RODILLO PITUFO VERDE 1"" JR";PINTURAS Y DISOLVENTES;;
4174;"RODILLO PITUFO VERDE 2"" JR";PINTURAS Y DISOLVENTES;;
4175;"RODILLO PITUFO VERDE 4"" JR";PINTURAS Y DISOLVENTES;;
4176;"RODILLO PITUFO VERDE 5"" JR";PINTURAS Y DISOLVENTES;;
4177;ANTICORROSIVO PROTECCION ICO BLANCO 1 GALON PINTUCO;PINTURAS Y DISOLVENTES;;
;ANTICORROSIVO PROTECCION ICO BLANCO 1/2 GALON PINTUCO;PINTURAS Y DISOLVENTES;;
4179;ANTICORROSIVO PROTECCION ICO BLANCO 1 GALON 1/4 PINTUCO;PINTURAS Y DISOLVENTES;;
4180;ANTICORROSIVO PROTECCION ICO BLANCO 1/8 GALON PINTUCO;PINTURAS Y DISOLVENTES;;
4181;ANTICORROSIVO PROTECCION ICO BLANCO 1/32 GALON PINTUCO;PINTURAS Y DISOLVENTES;;
4182;JUEGO DE 5 EXTRACTOR DE TORNILLOS;HERRAMIENTA MANUAL;;
4183;PISTOLA DE CALEFATEO AZUL ECO;HERRAMIENTA MANUAL;;
4184;MEZCLADOR FLEXIBLE PALANCA UNIFER;GRIFERIA;;
4185;EXTENSION ADAPTADOR ARTICULADO 1/4 MAGNETICO TRUPER;HERRAMIENTA MANUAL;;
4186;SOLDADURA 95/5 PARA TUBERIA DE GAS 45G 1MT TRUPER;PEGANTES;;
4187;SOLDADURA 95/5 PARA TUBERIA DE GAS 45G ROLLO X8MT TRUPER;PEGANTES;;
4188;JUEGO DE 7 LLAVES TORX TIPO NAVAJA PRETUL;HERRAMIENTA MANUAL;;
4189;DISCO CORTE DIAMANTADO SEG /CONTINUO 4 1/2 UNITEC;ABRASIVOS Y CONSUMIBLES;;
4190;DISCO CORTE DIAMANTADO SEG /CONTINUO 7 UNITEC;ABRASIVOS Y CONSUMIBLES;;
4191;"DISCO CORTE SIERRA 7"" UNITEC";ABRASIVOS Y CONSUMIBLES;;
4196;VINILO T1 VINILICO NEGRO 1/8 G PINTUCO;PINTURAS Y DISOLVENTES;;
4192;LLAVE LAVAPLATOS MANIJA TIPO PALANCA;PINTURAS Y DISOLVENTES;;
4193;VINILO T1 VINILICO NEGRO 1 G PINTUCO;PINTURAS Y DISOLVENTES;;
4194;VINILO T1 VINILICO NEGRO 1/2 G PINTUCO;PINTURAS Y DISOLVENTES;;
4195;VINILO T1 VINILICO NEGRO 1/4 G PINTUCO;PINTURAS Y DISOLVENTES;;
4197;VINILO T1 VINILICO NEGRO 1/32 G PINTUCO;PINTURAS Y DISOLVENTES;;
4198;"BUJE PVC SOLDADO 11/4X1""";TUBERIAS Y ACCESORIOS;;
4199;CARETA PARA SOLDAR INDUSTRIAL ECO;DOTACION INDUSTRIAL;;
4200;LUCES NAVIDAD MALLA 1.20X 1.20;ELECTRICOS;;
;Yoyo Para Guadaï¿½adora Manual Th109-10 Bellota;HERRAMIENTA MANUAL;;
4201;RODAJA CORTA BALDOSA 18MM HOPEX;ABRASIVOS Y CONSUMIBLES;;
4202;RODAJA CORTA BALDOSA 8 - 10MM HOPEX;ABRASIVOS Y CONSUMIBLES;;
4203;SILICONA TRANSPARENTE 85G DTURIN;PEGANTES;;
4204;"DUCHA REGADERA CUADRADA 4"" ACERO INOXIDABLE BOCHERINNI";GRIFERIA;;
4205;SOPORTE PASTICO BLANCO PLATERO;HERRAJES Y SOPORTES;;
4206;SOLDADURA CPVC 56 GR 1/65 GAL PAVCO;PEGANTES;;
4207;BOMBILLO LED 9W SYLVANIA;;;
4208;BOMBILLO LED 5W SYLVANIA;;;
4212;TEE ELECTRICA GRIS MERCURY;ELECTRICOS;;
4209;CINTA LED COLORES LUZ RGB + CONTROL 12 V ROLLO X 5MT MERCURY;ELECTRICOS;;
4210;MULTITOMA REGULADOR DE VOLTAJE 8SALIDA 1000W MERCURY;ELECTRICOS;;
4211;EXTENSION 2MT 6FT DUPLEX OSBLACK/TITANIUM;ELECTRICOS;;
4213;BOMBILLO LED 3W LUZ CALIDA/BLANCA MERCURY;ELECTRICOS;;
4214;BOMBILLO LED 5W LUZ CALIDA MERCURY;ELECTRICOS;;
4215;BOMBILLO LED 9W LUZ CALIDA MERCURY;ELECTRICOS;;
4216;BOMBILLO LED 12W LUZ CALIDA MERCURY;ELECTRICOS;;
4217;BOMBILLO LED 15W LUZ CALIDA MERCURY;ELECTRICOS;;
4218;BOMBILLO LED 1W PINPON MERCURY;ELECTRICOS;;
4219;"PANEL LED 24W 10"" REDONDO SOBREPONER MERCURY";ELECTRICOS;;
4220;TEE ELECTRICA ESCUALIZABLE GRIS P/TIERRA MERCURY;ELECTRICOS;;
4221;CERRADURA CIL POMO ENTRADA PRINCIPAL INOX VERA;ELECTRICOS;;
4222;LAMPARA LED T5 10W 60CM LUC BLANCA MERCURY;ELECTRICOS;;
4223;LIMPIADOR DE CARBURADOR Y VALVULAS SOO ML MERCURY;LUBRICANTES;;
3310;NYLON MULTIUSOS 10L FORTE;SOGAS Y CADENAS;;
3837;LLAVE BRISTOL CORTA L 4MM;HERRAMIENTA MANUAL;;
4224;VARILLA CORRUGADA G-60 W 1/4 X 6MT;CONSTRUCCION;;
4225;VARILLA CORRUGADA G-60 W 1/4 X 1MT;CONSTRUCCION;;
4226;PONCHAR TERMINAL TELMEX 1 LADO;ELECTRICOS;;
4227;LUBRICANTE MULTIUSOS 450ML MERCURY;LUBRICANTES;;
4228;ASIENTO SANITARIO RIOPLAST;GRIFERIA;;
4230;"NIPLE GALVANIZADO KAUDAL 1"" X 3""";TUBERIAS Y ACCESORIOS;;
4231;"NIPLE GALVANIZADO KAUDAL 1"" X 2""";TUBERIAS Y ACCESORIOS;;
4232;SIFON FLEXIBLE CROMADO LAVAMANOS  CON CANASTILLA;GRIFERIA;;
4233;FONDO EXPERTO GRIS 1 G SUPER;PINTURAS Y DISOLVENTES;;
4234;FONDO EXPERTO GRIS 1/2 G SUPER;PINTURAS Y DISOLVENTES;;
4235;FONDO EXPERTO GRIS 1/4 G SUPER;PINTURAS Y DISOLVENTES;;
4236;FONDO EXPERTO GRIS 1/8 G SUPER;PINTURAS Y DISOLVENTES;;
4237;FONDO EXPERTO GRIS 1/32 G SUPER;PINTURAS Y DISOLVENTES;;
4240CA;PUNTILLA SIN CABEZA  3/4 X 400 GM;TORNILLERIA;;
4240D;PUNTILLA SIN CABEZA  3/4 X DOCENA;TORNILLERIA;;
4240;PUNTILLA SIN CABEZA  3/4 X U;TORNILLERIA;;
4243CA;PUNTILLA SIN CABEZA  3/4 X 400 GM;TORNILLERIA;;
4243D;PUNTILLA SIN CABEZA  3/4 X DOCENA;TORNILLERIA;;
4243;PUNTILLA SIN CABEZA  3/4 X U;TORNILLERIA;;
4244;"CINCEL DE CORTE FRIO 3/4 x 10"" TRUPER";HERRAMIENTA MANUAL;;
4245;GUANTE DE CARNAZA LARGO;DOTACION INDUSTRIAL;;
4246;TUBO EMT 1/2;TUBERIAS Y ACCESORIOS;;
4247;CURVA EMT 1/2;TUBERIAS Y ACCESORIOS;;
4248;TERMINAL EMT 1/2;TUBERIAS Y ACCESORIOS;;
4249;UNION EMT 1/2;TUBERIAS Y ACCESORIOS;;
4257;"UNION GALVANIZADA 1""";TUBERIAS Y ACCESORIOS;;
4250;PERRO 1/8;TORNILLERIA;;
4251;VIRUTA PEQUEï¿½A 75GM;HOGAR Y COCINA;;
4252;TERMINAL COBRE 100 A;ELECTRICOS;;
4253;NYLON X 1 MT;SOGAS Y CADENAS;;
4254;CEPILLO GRATA TRUPER X UND;HERRAMIENTA MANUAL;;
4255;GANCHO CORTINA EN S;HERRAJES Y SOPORTES;;
4256;"DESTORNILLADOR PALA 3/16 X 8"" PRETUL";HERRAMIENTA MANUAL;;
4258;GRAPA CAMA GALVANIZADA X UNIDAD;HERRAJES Y SOPORTES;;
4259;TERMINAL OJO 3/18;ELECTRICOS;;
4260;TRANCA PUERTA PIE COLORES;HERRAJES Y SOPORTES;;
4261;"DESTORNILLADOR PALA 1/4"" X 4"" PRETUL";HERRAMIENTA MANUAL;;
4262;"DESTORNILLADOR PALA 3/16"" X8"" PRETUL";;;
4263;MANGUERA PEALPE BLANCA 1/2 1MT;TUBERIAS Y ACCESORIOS;;
4265;"CINTA ENMASCARAR 1/2"" X 50M TRUPER";PEGANTES;;
4266;"CINTA ENMASCARAR 11/2"" X 50M TRUPER";PEGANTES;;
4267;"CINTA ENMASCARAR AZUL PARA PINTORES 1/2"" TRUPER";PEGANTES;;
4268;CINTA TAPAGOTERAS 20 CM X 10 MT ALUMBAND;CONSTRUCCION;;
4269;GUANTE CAUCHO INDUSTRIAL PREMIUM GOYA T 8;DOTACION INDUSTRIAL;;
4270;GUANTE CAUCHO INDUSTRIAL PREMIUM GOYA T 81/2;DOTACION INDUSTRIAL;;
4271;GUANTE CAUCHO INDUSTRIAL PREMIUM GOYA T 9;DOTACION INDUSTRIAL;;
4264;TOMA DOBLE USB PLATA MERCURY;ELECTRICOS;;
4272;SELLADOR DE BLOQUE DE CULATA 473CC SINTESOLDA;LUBRICANTES;;
4273;CANDADO DE BAYONETA LATï¿½N Sï¿½LIDO 70MM;CERRAJERIA Y SEGURIDAD;;
4274;"EXTENSION PARA RACHET 2 1/2"" MANDO 1/2 TRUPER";HERRAMIENTA MANUAL;;
4275;"EXTENSION PARA RACHET 3"" MANDO 3/8 TRUPER";HERRAMIENTA MANUAL;;
4276;"EXTENSION PARA RACHET 6"" MANDO 3/8 TRUPER";HERRAMIENTA MANUAL;;
4277;VASTAGO PARA GRIFERIA YW008-YW009 BOCHERINI;GRIFERIA;;
4278;VASTAGO PARA REGISTRO DE DUCHA BOCHERINI;GRIFERIA;;
4279;VASTAGO PARA LLAVE REF AG-S8003 DERECHO BOCHERINI;GRIFERIA;;
  4279;VASTAGO DUCHA  GRIVAL;;;
4280;VASTAGO DUCHA GRIVAL;GRIFERIA;;
4281;VASTAGO CARTUCHO CERAMICO IZQUIERDO LARGO GRIVAL;GRIFERIA;;
3366P;AMARRE PLASTICO BLANCO 4.8 X 30cm FORTE PAQ;SOGAS Y CADENAS;;
4283;GASTOP FUERZA ALTA 10G UNIFIX;PEGANTES;;
4284;"NIPLE GALVANIZADO KAUDAL 3/4X6""";TUBERIAS Y ACCESORIOS;;
4285;"NIPLE GALVANIZADO KAUDAL 3/4X1""";TUBERIAS Y ACCESORIOS;;
4286;PINCEL N 1 PLANO;PINTURAS Y DISOLVENTES;;
4287;PINCEL N 2 PLANO;PINTURAS Y DISOLVENTES;;
4288;DISCO CORTE SIERRA 41/2 UNITEC;ABRASIVOS Y CONSUMIBLES;;
4290;GALON ENVASE RECICLADO;HOGAR Y COCINA;;
4289;"ADAPTADOR RATCHET 3/8"" X 1/2""";HERRAMIENTA MANUAL;;
4291;"TEE CPVC 1/2""";TUBERIAS Y ACCESORIOS;;
4292;"TUBO CPVC 3/4"" X 1 MT PAVCO";TUBERIAS Y ACCESORIOS;;
4293;"TAPON HEMBRA LISO CPVC 3/4""";TUBERIAS Y ACCESORIOS;;
4294;CUCHILLA PARA BISTURI 25 MM 10 PIEZAS TRUPER;HERRAMIENTA MANUAL;;
4295;VALVULA BOLA BRONCE 1/4;GRIFERIA;;
4296;TOMA INDUSTRIAL 15 AMP CODELCA;ELECTRICOS;;
4297;BISTURI 25 MM REFORZADO PLASTICO CON ALMA METALICA TRUPER;HERRAMIENTA MANUAL;;
4298;CUCHILLA PARA BISTURI SK4 5 PIEZAS TRUPER;HERRAMIENTA MANUAL;;
4299;"NAVAJA RETRACTIL 6"" CUERPO DE ALUMINIO PRETUL";HERRAMIENTA MANUAL;;
4300;"CINTA ENMASCARAR 2"" X 50M TRUPER";PEGANTES;;
4301;CLAVIJA INDUSTRIAL 15A P/TIERRA CODELCA;ELECTRICOS;;
4302;JUEGO DE LLAVES BRISTOL EXTRALARGAS METRICAS 7 PIEZAS TRUPER;HERRAMIENTA MANUAL;;
4303;"ADAPTADOR HEMBRA CPVC 3/4""";HERRAMIENTA MANUAL;;
4304;"ADAPTADOR MACHO CPVC 3/4""";GRIFERIA;;
4305;REGISTRO DUCHA BALTA GRIVAL;GRIFERIA;;
4307;BOMBA EXTRACTORA DE LIQUIDOS;HERRAMIENTA MANUAL;;
4306;"GRATA COPA 4"" ALAMBRE ONDULADO MULTI-ROSCA TRUPER";ABRASIVOS Y CONSUMIBLES;;
4308;"DISCO VELCRO 4 1/2"" N600";ABRASIVOS Y CONSUMIBLES;;
4309;VIDRIO PARA CARETA NO 10;ABRASIVOS Y CONSUMIBLES;;
4310;CANDADO 20MM LATON GATO;CERRAJERIA Y SEGURIDAD;;
4311;TOMA AEREA INDUSTRIAL TRIFASICA 50A KONTIKI;ELECTRICOS;;
4312;TEE ELECTRICA 15A ESCULIZABLE BLANCA MERCURY;ELECTRICOS;;
4313;"LIJA RED 9""X11"" #1200 PREMIER";ABRASIVOS Y CONSUMIBLES;;
4314;"LIJA RED 9""X11"" #1500 PREMIER";ABRASIVOS Y CONSUMIBLES;;
4316;CEPILLO PARA BETUNAR GRANDE N 6;HERRAMIENTA MANUAL;;
4317;CLAVIJA INDUSTRIAL 15A CODELCA;ELECTRICOS;;
4318;PULPO 1MT;SOGAS Y CADENAS;;
4319;DUPLICADO LLAVE 1500 COLOR;CERRAJERIA Y SEGURIDAD;;
4320;ANTENA TDT 1MT;ELECTRICOS;;
4321;CANDADO LAMINADO RECUBIERTO 40 MM HERMEX;CERRAJERIA Y SEGURIDAD;;
4322;DUCHA CALENTADOR AUTOMATICA TRADICIONAL 120V KONTIKI;ELECTRICOS;;
4326;MASILLA POLIESTER EXTRA  1/8 SUPER;PINTURAS Y DISOLVENTES;;
4325;EMPAQUE CONICO ARBOL ENTRADA;GRIFERIA;;
4323;"TORNILLO CARRIAJE RO ZINC 5/16X1/2""UN";TORNILLERIA;;
4327;ESMALTE EXPERTO VERDE ESMERALDA 1 GALON SUPER;PINTURAS Y DISOLVENTES;;
4328;ESMALTE EXPERTO VERDE ESMERALDA 1/2 G SUPER;PINTURAS Y DISOLVENTES;;
4329;ESMALTE EXPERTO VERDE ESMERALDA  1/4 G SUPER;PINTURAS Y DISOLVENTES;;
4330;ESMALTE VERDE ESMERALDA EXPERTO 1/8 G SUPER;PINTURAS Y DISOLVENTES;;
4331;ESMALTE VERDE ESMERALDA EXPERTO 1/32 G SUPER;PINTURAS Y DISOLVENTES;;
4332;"CAJA PARA HERRAMIENTA 13"" CON COMPARTIMIENTOS PRETUL";HERRAMIENTA MANUAL;;
4333;"CAJA PARA HERRAMIENTA 16"" CON COMPARTIMIENTOS PRETUL";HERRAMIENTA MANUAL;;
4334;BOMBILLO LED 9W E27 LUZ BLANCA MERCURY;ELECTRICOS;;
4335;RODACHINA COLGANTE 2 RUEDAS METALICA FUERTE UNIDAD;HERRAJES Y SOPORTES;;
4324;"""EMPAQUE ADAPTADOR DE 1/2""";GRIFERIA;;
4336;"TERMINAL HEMBRA MACHO 250 1/4"" CABLE 12-10 AWG AMARILLA MAX 27A";ELECTRICOS;;
4337;TERMINAL EMPALME TOPE PARA CABLE 22-16 AWG, CON AISLANTE ROJO MAX 48A;ELECTRICOS;;
4338;CAPUCHON CON RESORTE DE NYLON 16X2 AWG COLOR GRIS;ELECTRICOS;;
4339;CAPUCHON CON RESORTE DE NYLON 16X3 AWG COLOR AZUL;ELECTRICOS;;
4340;TERMINAL ANILLO 5/16 AMARILLO CABLE 12-10;ELECTRICOS;;
4341;"TORNILLO DRYWALL 14X11/2"" UN";TORNILLERIA;;
4341D;"TORNILLO DRYWALL 14X11/2"" DOC";TORNILLERIA;;
4409;BOTA VEREDA TALLA 38;DOTACION INDUSTRIAL;;
4414;JUEGO DE PUNTAS MONTADAS PIEDRA 5 PIEZAS;HERRAMIENTA MANUAL;;
4415;"LLAVE MIXTA 1"" 290MM PRETUL";HERRAMIENTA MANUAL;;
4416;"LLAVE MIXTA 15/16"" X 280MM PRETUL";HERRAMIENTA MANUAL;;
4417;MASILLA MADERA POROSIL BLANCO 350 GRAMOS CORONA;PINTURAS Y DISOLVENTES;;
4418;MASILLA MADERA POROSIL ABARCO CLARO  350 GRAMOS CORONA;PINTURAS Y DISOLVENTES;;
4419;MASILLA MADERA POROSIL ABARCO OSCURO 350 GRAMOS CORONA;PINTURAS Y DISOLVENTES;;
4420;VINILO T1 PROFESSIONAL 1A BLANCO CANECA 5 GL CORONA;PINTURAS Y DISOLVENTES;;
4421;MASILLA DRYWALL PANEL TEC PROFESSIONAL 1 GALON 5.6KG CORONA;PINTURAS Y DISOLVENTES;;
4422;IMPERMEABILIZANTE PARAGUAS MULTIPROPOSITO BLANCO 1G CORONA;PINTURAS Y DISOLVENTES;;
4423;IMAN CERAMICO CUADRADO 6;ELECTRICOS;;
4424;IMAN CERAMICO CUADRADO 7;ELECTRICOS;;
4425;IMAN MONEDA 00;ELECTRICOS;;
4426;IMAN MONEDA 5;ELECTRICOS;;
4427;IMPERMEABILIZANTE PARAGUAS MULTIPROPOSITO GRIS 1G CORONA;PINTURAS Y DISOLVENTES;;
4428;"ALICATE PONCHADORA 8"" PARA RJ45 8 HILOS TRUPER";HERRAMIENTA MANUAL;;
4429;ALDABILLA CROMADA DERECHA - IZQUIERDA;HERRAJES Y SOPORTES;;
4343;ESCOBILLA Nï¿½1  MOTOR SINGER;ELECTRICOS;;
4345;ESCOBILLA Nï¿½3;ELECTRICOS;;
4348;ESCOBILLA Nï¿½6 BRILLANTADORA ELECTROLUZ;ELECTRICOS;;
4347;ESCOBILLA Nï¿½5 VARIOS;ELECTRICOS;;
4349;ESCOBILLA Nï¿½7 BRILLADORA GENERAL;ELECTRICOS;;
4350;ESCOBILLA Nï¿½8 TALADRO B/D 1/4;ELECTRICOS;;
4351;ESCOBILLA Nï¿½9 TALADRO B/D SKILL 1/2;ELECTRICOS;;
4352;ESCOBILLA Nï¿½10 TALADRO PULIDORA B/D 3/8;ELECTRICOS;;
4353;ESCOBILLA Nï¿½11 TALADRO BOSH DE 1/4;ELECTRICOS;;
4354;ESCOBILLA Nï¿½12 PULIDORA B/D ESPECIAL;ELECTRICOS;;
4355;ESCOBILLA Nï¿½13 TALADRO MAKITA;ELECTRICOS;;
4356;ESCOBILLA Nï¿½14;ELECTRICOS;;
4357;ESCOBILLA Nï¿½15 TALADRO ISKRAPERLES MOTOR TOOL M317;ELECTRICOS;;
4358;ESCOBILLA Nï¿½16 SIERRA B/D;ELECTRICOS;;
4359;ESCOBILLA Nï¿½17 RUTEADOR B/D;ELECTRICOS;;
4360;ESCOBILLA Nï¿½18 PULIDORA Y TRONSADORA HITACH;ELECTRICOS;;
4361;ESCOBILLA Nï¿½19 PULIDORA B/D 1/2;ELECTRICOS;;
4362;ESCOBILLA Nï¿½20 PULIDORA B/D TIPO PESADO;ELECTRICOS;;
4363;ESCOBILLA Nï¿½21 PULIDORA B/D PULIDORA B/D ESPECIAL;ELECTRICOS;;
4364;ESCOBILLA Nï¿½22 SKILL DE 1/2 MILLER THOR 1/2;ELECTRICOS;;
4365;ESCOBILLA Nï¿½23 MAKINA 1/2;ELECTRICOS;;
4366;ESCOBILLA Nï¿½24 PULIDORA BOSH 1/2;ELECTRICOS;;
4367;ESCOBILLA Nï¿½24A PULIDORA BOSH;ELECTRICOS;;
4368;ESCOBILLA Nï¿½30A;ELECTRICOS;;
4369;ESCOBILLA Nï¿½25 ISKA PERLES DE 1/2;ELECTRICOS;;
4370;ESCOBILLA Nï¿½26;ELECTRICOS;;
4371;ESCOBILLA Nï¿½27 PULIDORA ISKRA PERLES PEQUEï¿½A;ELECTRICOS;;
4372;ESCOBILLA Nï¿½28 PULIDORA SKILL;ELECTRICOS;;
4373;ESCOBILLA Nï¿½29 MINIPULIDOR DEWALD B/D;ELECTRICOS;;
4374;ESCOBILLA Nï¿½30 TRONSADORA DYWAL 50;ELECTRICOS;;
4375;ESCOBILLA Nï¿½31;ELECTRICOS;;
4376;ESCOBILLA Nï¿½32;ELECTRICOS;;
4432;TACO BREAKER 2P BIPOLAR X 40 A CILLES;ELECTRICOS;;
4433;CONECTOR ELECTRICO 60A;ELECTRICOS;;
4434;"VALVULA BOLA LATON 1"" GRIVAL";GRIFERIA;;
4435;BOMBILLO LED 7W E27 LUZ BLANCA MERCURY;ELECTRICOS;;
4436;TEE GALVANIZADA 3/4;TUBERIAS Y ACCESORIOS;;
4437;TOMA TIPO LEVINTON BLANCA AVE;ELECTRICOS;;
4438;MASILLA EPOXICA EPOXIBONDER 30 G LOCTITE;PINTURAS Y DISOLVENTES;;
4440;SELLADOR MULTIPROPOSITO GALON CORONA;PINTURAS Y DISOLVENTES;;
4441;SUPERFACHADA BASE AGUA GALON CORONA;PINTURAS Y DISOLVENTES;;
4439;EPOXIBONDER TRANSPARENTE 25 GRAMOS LOCTITE;PEGANTES;;
4442;TAPA TOMA LEVINTON  BLANCA;ELECTRICOS;;
3314CA;PUNTILLA CON CABEZA 3/4 400G;TORNILLERIA;;
4445;DESAGUE LAVAMANOS CROMADO RIOPLAST;GRIFERIA;;
4446;ENVASE NEGRO 1/2 G PLASTICO;PINTURAS Y DISOLVENTES;;
4447;"DISCO CORTE METAL 41/2"" X 1/16"" X 7/8"" NORTON";ABRASIVOS Y CONSUMIBLES;;
4448;"TORNILLO AVELLANA PUNTA DE BROCA  8 X 11/2"" UN";TORNILLERIA;;
4448D;"TORNILLO AVELLANA PUNTA DE BROCA  8 X 11/2"" DOC";TORNILLERIA;;
4448C;"TORNILLO AVELLANA PUNTA DE BROCA  8 X 11/2"" 50U";TORNILLERIA;;
4451;"TORNILLO AVELLANA PUNTA DE BROCA 6 X 3/4"" UN";TORNILLERIA;;
4451D;"TORNILLO AVELLANA PUNTA DE BROCA 6 X 3/4"" DOC";TORNILLERIA;;
4451C;"TORNILLO AVELLANA PUNTA DE BROCA 6 X 3/4"" 50U";TORNILLERIA;;
2492D;TORNILLO AVELLANA PUNTA DE BROCA 8X1 DOC;TORNILLERIA;;
2492C;TORNILLO AVELLANA PUNTA DE BROCA 8X1 50;TORNILLERIA;;
4456;"BROCA MURO 1/4 X 4""  BOSH";ABRASIVOS Y CONSUMIBLES;;
4457;BROCA LAMINA HSS 1/8 BOSH;ABRASIVOS Y CONSUMIBLES;;
4458;BROCA LAMINA HSS 3/16 BOSH;ABRASIVOS Y CONSUMIBLES;;
4459;ESMALTE SECADO RAPIDO BASE AGUA BLANCO 1G CORONA;PINTURAS Y DISOLVENTES;;
4460;BOTA VEREDA TALLA 39;DOTACION INDUSTRIAL;;
4461;GUANTE CAUCHO INDUSTRIAL PREMIUM GOYA T 71/2;DOTACION INDUSTRIAL;;
4462;GUANTE CAUCHO INDUSTRIAL PREMIUM GOYA T 7;DOTACION INDUSTRIAL;;
4463;TOMA AEREA BIFILAR PATA CRUZADA 2O AMP CODELCA;ELECTRICOS;;
4465;"MACETA TIPO NEVADA MANGO FIBRA DE VIDRIO 6"" PRETUL";HERRAMIENTA MANUAL;;
4466;SIFON FLEXIBLE CROMADO LAVAPLATOS CON CANASTILLA;GRIFERIA;;
4467;CANECA 52 GLONES DE SEGUNDA;PINTURAS Y DISOLVENTES;;
4468;SENSOR DE PARED SOBREPONER MERCURY;ELECTRICOS;;
4469;SILICONA AROMA CHICLE UV 300ML SIMONIZ;LUBRICANTES;;
4464;TORNILLO HEXAGONAL PUNTA BROCA 10X1/2;TORNILLERIA;;
4470;"BUSHING GALVANIZADO 3/4 X 1""";TUBERIAS Y ACCESORIOS;;
4471;ACEITE 3-EN- 1 AEROSOL 135ML 4,5 Oz;LUBRICANTES;;
4472;RODACHINA PESADA 1.5 SIN FRENO NARANJA;HERRAJES Y SOPORTES;;
4473;"RODACHINA PESADA 2"" CON FRENO NARANJA";HERRAJES Y SOPORTES;;
4474;"RODACHINA GIRATORIA LIVIANA 1"" NYLON BLANCA";HERRAJES Y SOPORTES;;
4475;"RODACHINA GIRATORIA LIVIANA 11/2"" NYLON BLANCA";HERRAJES Y SOPORTES;;
4476;"RODACHINA GIRATORIA  LIVIANA 2"" NYLON BLANCA";HERRAJES Y SOPORTES;;
4477;"RODACHINA GIRATORIA ESPIGO 2"" PARA SILLA";HERRAJES Y SOPORTES;;
4481;FUSIBLE PARA OLLA METALICO;HOGAR Y COCINA;;
;MANTENIMIENTO DE EQUIPO;HERRAMIENTA MANUAL;;
4482;CARRETILLA 5.5 FT GRIS ANTIPINCHAZO PRETUL;HERRAMIENTA MANUAL;;
4478;LUBRICANTE MULTIUSOS 200ML DTURIN;LUBRICANTES;;
4479;BROCA ACERO HSS 15/32 INCOLMA;ABRASIVOS Y CONSUMIBLES;;
4480;BROCA ACERO HSS 23/64 INCOLMA;ABRASIVOS Y CONSUMIBLES;;
4483;ESCALERA TIPO TIJERA 7 PELDAï¿½OS BANDEJA TRUPER;HERRAMIENTA MANUAL;;
4484;CAIMAN ROJO NEGRO 200A MEDIANO NACIONAL;ELECTRICOS;;
4485;CAIMAN ROJO NEGRO PEQUEï¿½O NACIONAL;ELECTRICOS;;
4486;MOTOR REDUCTOR PROYECTOS ESCOLARES;ELECTRICOS;;
4489;BOTA VEREDA TALLA 40;DOTACION INDUSTRIAL;;
4487;CERRADURA SOBREPONER DERECHA C-999 INAFER;CERRAJERIA Y SEGURIDAD;;
4488;CERRADURA SOBREPONER IZQUIERDA C-999 INAFER;CERRAJERIA Y SEGURIDAD;;
;PALUSTRE MANGO PLASTICO NO 5 UDUKE;HERRAMIENTA MANUAL;;
4491;TUBO EMT 3/4;ELECTRICOS;;
4492;CURVA EMT  3/4;ELECTRICOS;;
4493;UNION EMT 3/4;ELECTRICOS;;
4494;TERMINAL EMT 3/4;HERRAMIENTA MANUAL;;
4498;COMPRESOR HORIZONTAL 25LITROS 3HP 127V;HERRAMIENTA MANUAL;;
4499;VASTAGO CARTUCHO CERAMICO DERECHO LARGO GRIVAL;GRIFERIA;;
4500;BREAKER TACO PLUG 20 A EXE;ELECTRICOS;;
4501;ASPIRADORA DE SOLIDOS Y LIQUIDOS G GL TRUPER;HERRAMIENTA ELECTRICA;;
4502;EXTENSION CON POLO NARANJA 3MT;ELECTRICOS;;
4503;TEJA PLASTICA MARFIL TIPO ETERNIT #8 244X92CM GERFOR;CONSTRUCCION;;
;GUANTE CAUCHO INDUSTRIAL PREMIUM GOYA T 10;DOTACION INDUSTRIAL;;
4506;"LLAVE DE TUBO 36"" TRUPER";HERRAMIENTA MANUAL;;
4495;ARTICULOS DE FERRETERIA;HERRAMIENTA MANUAL;;
4156;ALAMBRE N10 X ROLLO 100MT CENTELSA;ELECTRICOS;;
4315;ANTENA TDT PARA TV 1.50MT;ELECTRICOS;;
4443;TEE GALVANIZADA 3/8;TUBERIAS Y ACCESORIOS;;
4496;SENSOR DE PARED INCRUSTAR MERCURY;ELECTRICOS;;
4497;LLANA BOCETO PLASTICO;HERRAMIENTA MANUAL;;
4505;TAPA OIDOS COPA TRUPER;DOTACION INDUSTRIAL;;
4509;FUSIBLE OLLA PUNTO VERDE, ROJO, NARANJA GRANDE;HOGAR Y COCINA;;
4510;LUBRICANTE CADENAS MOTOS/BICLICLETAS 200 MERCURY;LUBRICANTES;;
4507;REDUCTOR BRONCE 1/2 X 1/4;PARTES Y REPUESTOS;;
4508;REDUCTOR BRONCE 1/2 X 3/8;PARTES Y REPUESTOS;;
4511;VASTAGO BRONCE IZQUIERDO GRICOL;GRIFERIA;;
4512;REDUCTOR BRONCE 3/8 X 1/4;PARTES Y REPUESTOS;;
4513;CHUPA CON GANCHO N 6;HERRAJES Y SOPORTES;;
4514;CINTA REFLECTIVA R WH 5CM X 1MT 3M;ELECTRICOS;;
4516;BOMBILLO LED VELA E27 5W6500K MERCURY;ELECTRICOS;;
4517;LAMPARA DE EMERGENCIA LUM 30 LEDS RECARGABLE 100ML SEGURIMAX;ELECTRICOS;;
4515;CINTA REFLECTIVA R WH 5CM X 45.7MT 3M;ELECTRICOS;;
4518;BOLSA DE ESTOPA FINA 400G AZUL;PINTURAS Y DISOLVENTES;;
4519;BOLSA DE ESTOPA FINA 800G AMARILLA;PINTURAS Y DISOLVENTES;;
4520;VALVULA DE REGULACION SENCILLA EN ZING 1/2 BOCCHERINI;GRIFERIA;;
4521;VALVULA DE REGULACION DOBLE  EN ZING 1/2 BOCCHERINI;GRIFERIA;;
4522;SECUENCIADOR CINTA LED NEON RGB120V;ELECTRICOS;;
;DESCUENTOS COMERCIALES;;;
4523;LLANA MADERA BOCETO DE PUNTA 9CM X 20CM;HERRAMIENTA MANUAL;;
4525;CABO CEPILLO X 1.20 MTS CORRIENTE;HERRAMIENTA MANUAL;;
4526;CABO MACETA N3 LIJADO FINO;HERRAMIENTA MANUAL;;
4527;CABO MARTILLO Uï¿½A N2;HERRAMIENTA MANUAL;;
4528;CEPILLO CARRETERO PLASTICO 34CM SIN CABO;HERRAMIENTA MANUAL;;
4529;MASILLA DRYWALL PANEL TEC PROFESSIONAL BALDE 14KG CORONA;PINTURAS Y DISOLVENTES;;
4530;VINILO T1 PROFESSIONAL 1A BLANCO BALDE 2.5 G CORONA;PINTURAS Y DISOLVENTES;;
4531;VINILO T1 PROFESSIONAL 1A BLANCO 1 G CORONA;PINTURAS Y DISOLVENTES;;
4532;VINILO T2 TOTAL 2.5 G CORONA;PINTURAS Y DISOLVENTES;;
4534;VINILO T2 PROFESSIONAL ALTA COBERTURA 5 G CORONA;PINTURAS Y DISOLVENTES;;
4535;MOTOR TOOL PROFESIONAL 1509W 97 ACCESORIOS;ELECTRICOS;;
4524;CABO AZADON CORRIENTE;HERRAMIENTA MANUAL;;
4536;LLANA MADERA 14X21CM PINO;HERRAMIENTA MANUAL;;
4537;CINTA LED 110V 5050 LUZ CALIDA X 1 METRO MERCURY;ELECTRICOS;;
4533;VINILO T2 TOTAL 1 G CORONA;PINTURAS Y DISOLVENTES;;
4538;JUEGO DE LLAVES BRISTOL EXTRALARGAS PULGDAS 7 PIEZAS TRUPER;HERRAMIENTA MANUAL;;
4540;TAPAOIDO DE INSERCION ECO;DOTACION INDUSTRIAL;;
5441;"BUJE PVC SOLDADO 11/2X 1""";TUBERIAS Y ACCESORIOS;;
4542;"CINTA ENMASCARAR 1"" X 50M TRUPER";PEGANTES;;
4539;CEPILLO DE PISO DOBLE USO BLANCO 1A SIN PALO;HOGAR Y COCINA;;
4543;LUCES DE NAVIDAD LED LINEAL X30 FAROLITO;ELECTRICOS;;
4544;LUCES DE NAVIDAD LED LINEAL BOMBILLO GRANDE HUMO X200;ELECTRICOS;;
4545;LUCES DE NAVIDAD LED ESTRELLA PUNTA ARBOL;ELECTRICOS;;
4546;LUCES DE NAVIDAD LED CORTINA FIGURAS ESTRELLAS G26-1;ELECTRICOS;;
4547;LUCES DE NAVIDAD LED CORTINA BOMBILLO PAPA NOEL YG-007;ELECTRICOS;;
4548;LUCES DE NAVIDAD LED CORTINA FIGURAS RENOS YG-357;ELECTRICOS;;
4549;LUCES DE NAVIDAD LED CORTINA FIGURAS COPOS YG-356;ELECTRICOS;;
4550;LUCES DE NAVIDAD LED CORTINA FIGURAS CIRCULOS PAPA NOEL YG-020;ELECTRICOS;;
4551;LUCES DE NAVIDAD LED CORTINA FIGURAS YG115;ELECTRICOS;;
4552;LUCES DE NAVIDAD LED PILA CORCHO PEQUEï¿½A;ELECTRICOS;;
4553;LUCES DE NAVIDAD LED ALAMBRADA X 100B YG-254;ELECTRICOS;;
4554;LUCES DE NAVIDAD LED ALAMBRADA X 200B  YG-255;ELECTRICOS;;
4555;LUCES DE NAVIDAD LED CORTINA RVP 3X1MT YG-150;ELECTRICOS;;
4556;LUCES DE NAVIDAD LED CORTINA RVP 3X2MT YG-151;ELECTRICOS;;
4557;LUCES DE NAVIDAD LED CORTINA RVP 3X3MT YG-149;ELECTRICOS;;
4558;LUCES DE NAVIDAD LED CORTINA 3X1MT YG-11O;ELECTRICOS;;
4559;LUCES DE NAVIDAD LED CORTINA 3X2MT YG-111;ELECTRICOS;;
4560;LUCES DE NAVIDAD LED CORTINA  3X3MT YG-106;ELECTRICOS;;
4561;LUCES DE NAVIDAD LED MANGUERA X10MT YG-155;ELECTRICOS;;
4562;VELITA LED AB-1, 2;ELECTRICOS;;
4563;LUCES DE NAVIDAD BOMBILLO GIRATORIO LED 12104;ELECTRICOS;;
4564;ACRILICO BOTERO PARA MANUALIDADES COLORES X60ML;PINTURAS Y DISOLVENTES;;
4565;ACRILICO BOTERO METALIZADO DORADO / PLATEADO X60ML;PINTURAS Y DISOLVENTES;;
4566;PAPEL ROCA PESEBRE MAQUETA VERDE O CAFï¿½ PLIEGO;PAPELERIA Y ESCOLAR;;
4567;HILO DORADO 1MT;PAPELERIA Y ESCOLAR;;
4568;HILO PLATEADO 1MT;PAPELERIA Y ESCOLAR;;
4569;NIEVE ARTIFICIAL EN SPRAY X4ONZ;PAPELERIA Y ESCOLAR;;
4570;ESPONJA OROPLATA;HOGAR Y COCINA;;
4571;ESPONJA DE ESPUMA DOBLE USO;HOGAR Y COCINA;;
4572;BOMBILLO VEHICULO 5 17053 NARVA;ELECTRICOS;;
4573;BOMBILLO VEHICULO HALOGENO 60155 NARVA;ELECTRICOS;;
4574;KIT PARA DESPINCHAR BICICLETA;HERRAMIENTA MANUAL;;
4575;BREAKER TACO PLUG 30 A EXE;ELECTRICOS;;
4576;CANDADO CON GUAYA PARA BICICLETA FORTE;CERRAJERIA Y SEGURIDAD;;
4577;LINTERNA MULTIFUNC FLEXIBLE 24 LED FORTE;ELECTRICOS;;
4578;TOALLITA MICROFIBRA UNICOLOR;HOGAR Y COCINA;;
4579;POMA LLAVE CRUCETA UNIVERSAL;GRIFERIA;;
4580;EXTENSION 10 MTS 30ft DUPLEX OSBLACK/TITANIUM;ELECTRICOS;;
4581;KIT BRICOLAGE BANDEJA PARA PINTAR;PINTURAS Y DISOLVENTES;;
4582;AMARRE PLASTICO BLANCO 4.8 X 20cm FORTE UN;SOGAS Y CADENAS;;
4582P;AMARRE PLASTICO BLANCO 4.8 X 20cm FORTE PAQ;SOGAS Y CADENAS;;
4584P;AMARRE PLASTICO BLANCO 4.8 X 25cm FORTE PAQ;;;
3368P;AMARRE PLASTICO BLANCO 4.8 X 37cm FORTE PAQ;SOGAS Y CADENAS;;
108P;AMARRE PLASTICO BLANCO 7.6 X 40cm FORTE PAQ;SOGAS Y CADENAS;;
4587;AMARRE PLASTICO NEGRO 4.8 X 20cm FORTE UN;SOGAS Y CADENAS;;
4587P;AMARRE PLASTICO NEGRO 4.8 X 20cm FORTE PAQ;SOGAS Y CADENAS;;
4589;ESMALTE EXPERTO BLANCO 1/4 G SUPER;PINTURAS Y DISOLVENTES;;
3373P;AMARRE PLASTICO NEGRO 4.8 X 25cm FORTE PAQ;HERRAJES Y SOPORTES;;
4591;AMARRE PLASTICO NEGRO 4.8 X 30cm FORTE UN;HERRAJES Y SOPORTES;;
4591P;AMARRE PLASTICO NEGRO 4.8 X 30cm FORTE PAQ;HERRAJES Y SOPORTES;;
4593;AMARRE PLASTICO NEGRO 4.8 X 37cm FORTE UN;HERRAJES Y SOPORTES;;
4593P;AMARRE PLASTICO NEGRO 4.8 X 37cm FORTE PAQ;HERRAJES Y SOPORTES;;
4596;"CANCAMO EN ELE 3/4""";HERRAJES Y SOPORTES;;
4597;CANCAMO CERRADO N 0 RANGER;TORNILLERIA;;
;CANCAMO CERRADO N 00 RANGER;TORNILLERIA;;
4599;"CANCAMO ABIERTO 11/2"" RANGER";TORNILLERIA;;
4600;"CANCAMO ABIERTO 2"" RANGER";TORNILLERIA;;
4601;ENTREPAï¿½O TRANSPARENTE 3/16 ESPIGO METALICO;HERRAJES Y SOPORTES;;
4602;PASADOR FAYEBA COLONIAL IZQ /DER 37CM;HERRAJES Y SOPORTES;;
4603;RODACHINA PESADA 1.5 CON FRENO NARANJA;HERRAJES Y SOPORTES;;
4604;"RODACHINA PESADA 2"" SIN FRENO NARANJA";HERRAJES Y SOPORTES;;
4605;"PATA TUBULAR METALICA 2"" X8CM";HERRAJES Y SOPORTES;;
4606;"PATA TUBULAR METALICA 2"" X10CM";HERRAJES Y SOPORTES;;
4607;ARGOLLA LATONADA 3/4;HERRAJES Y SOPORTES;;
4608;ARGOLLA LATONADA 11/4;HERRAJES Y SOPORTES;;
4609;TUBO OVALADO CROMADO PARA CLOSET X 3MT;HERRAJES Y SOPORTES;;
4610;SOPORTE OVALADO PARA CLOSET 5/8 MATALICO;HERRAJES Y SOPORTES;;
4611;"VALVULA POZUELO PVC 11/2"" SIN SOSCO";GRIFERIA;;
4612;YEE LAVADORA CON LLAVE PLASTGRIFOS;GRIFERIA;;
4613;POMA PERILLA PALANCA ESTRIA PARA LLAVE;GRIFERIA;;
4614;POMA PERILLA CRUCETA ESTRIA PARA LLAVE;GRIFERIA;;
4615;DUCHA LAVAPLATOS CAUCHO A PRESION;GRIFERIA;;
4616;TORNILLO HEX RO PAVONADO GRADO 5 1/4X3/4;TORNILLERIA;;
4617;TORNILLO HEX RO PAVONADO GRADO 5 1/4X1;TORNILLERIA;;
4618;TORNILLO HEX RO PAVONADO GRADO 5 1/4X11/2;TORNILLERIA;;
4619;TORNILLO HEX RO PAVONADO GRADO 5 1/4X2;TORNILLERIA;;
4620;TORNILLO HEX RO PAVONADO GRADO 5 5/16X3/4;TORNILLERIA;;
4621;TORNILLO HEX RO PAVONADO GRADO 5 5/16X1;TORNILLERIA;;
4622;TORNILLO HEX RO PAVONADO GRADO 5 5/16X11/2;TORNILLERIA;;
4623;TORNILLO HEX RO PAVONADO GRADO 5 5/16X2;TORNILLERIA;;
4624;TORNILLO HEX RO PAVONADO GRADO 5 3/8X1;TORNILLERIA;;
4625;TORNILLO HEX RO PAVONADO GRADO 5 3/8X11/2;TORNILLERIA;;
4626;TORNILLO HEX RO PAVONADO GRADO 5 3/8X2;TORNILLERIA;;
4627;TORNILLO CR MM 8X20;TORNILLERIA;;
4628;TORNILLO CR MM 8X25;TORNILLERIA;;
4629;TARUGO MADERA 6MM;TORNILLERIA;;
4630;"TUERCA HEX RO GRADO 5 PAVONADA 1/4"" UN";TORNILLERIA;;
4631;"TUERCA HEX RO GRADO 5 PAVONADA 5/16"" UN";TORNILLERIA;;
4633;"TORNILLO LAMINA AVELLANA 8X1"" UN";TORNILLERIA;;
4634;"TORNILLO LAMINA AVELLANA 8X3/4"" UN";TORNILLERIA;;
4635;"TORNILLO LAMINA AVELLANA 8X11/2"" UN";TORNILLERIA;;
4636;"TORNILLO LAMINA AVELLANA 10X3/4"" UN";TORNILLERIA;;
4637;"TORNILLO LAMINA AVELLANA 10X1"" UN";TORNILLERIA;;
4638;"TORNILLO LAMINA AVELLANA 10X11/2"" UN";TORNILLERIA;;
4639;"TORNILLO LAMINA AVELLANA 12X1"" UN";TORNILLERIA;;
4640;"TORNILLO LAMINA AVELLANA 12X11/2"" UN";TORNILLERIA;;
4641;MANIJA DECO PUNTO N 3;HERRAJES Y SOPORTES;;
4642;RODACHINA COLGANTE CURVA RC 30 METALICA;HERRAJES Y SOPORTES;;
4632;"TUERCA HEX RO GRADO 5 PAVONADA 3/8"" UN";TORNILLERIA;;
4647;EXTENSION 5 MTS 15ft DUPLEX OSBLACK/TITANIUM;ELECTRICOS;;
4648;CUERDA TRENZADA VERDE MILITAR #2 TRENZACOL 1M;SOGAS Y CADENAS;;
4649;"SOPORTE BASE PARA TV FIJO 26""-63"" CAJA VERDE";HERRAJES Y SOPORTES;;
4650;"SOPORTE BASE PARA TV MOVIL 17""-42"" BASEX200";HERRAJES Y SOPORTES;;
4651;"SOPORTE BASE PARA TV MOVIL 32""-60"" BASE P4";HERRAJES Y SOPORTES;;
4643;BISAGRA REDONDA ALA N2 PEQUEï¿½A UNIDAD;HERRAJES Y SOPORTES;;
4644;BISAGRA REDONDA ALA N5 GRANDE UNIDAD;HERRAJES Y SOPORTES;;
4645;EMPAQUE BOQUILLA LAVAMANOS;GRIFERIA;;
4646;TORNILLO CR MM 8X50;TORNILLERIA;;
4652;CANDADO DE SEGURIDAD PARA FRENO DE DISCO DE MOTO;CERRAJERIA Y SEGURIDAD;;
4653;TORNILLO CR PAVONADO GRADO 5 8X35 MM;TORNILLERIA;;
4654;GUIRNALDA NAVIDAD BRILLANTE 2MT;HOGAR Y COCINA;;
4655;GUIRNALDA NAVIDAD VERDE 4-5MT;HOGAR Y COCINA;;
4656;GUIRNALDA NAVIDAD BLANCA;HOGAR Y COCINA;;
4657;ADORNO NAVIDAD MUï¿½ECO DE FIELTRO;HOGAR Y COCINA;;
4658;BALACA NAVIDAD;HOGAR Y COCINA;;
4659;BOLA NAVIDAD N 6 X 10U;HOGAR Y COCINA;;
4660;BOLA NAVIDAD N 4 X 18U;HOGAR Y COCINA;;
4661;BOLA NAVIDAD N 3 X 12U;HOGAR Y COCINA;;
4662;CINTA NAVIDAD 24MM ROLLO X 2.5MT;HOGAR Y COCINA;;
4663;BALDOZA BLANCA 30x20CM REPARACIONES;CONSTRUCCION;;
4664;BALDOZA NEGRA 30x30CM REPARACIONES;CONSTRUCCION;;
4665;BOMBILLO BI PIN 7W LUZ CALIDA MAGIC LIGHT;TORNILLERIA;;
4666;"SERRUCHO DE PODA 12"" HOJA CURVA 6DPP TRUPER";HERRAMIENTA MANUAL;;
4667;VELITAS DE NAVIDAD PAQ X10;;;
4668;CINTA NAVIDAD MALLA  15CM ROLLO X 2MT;HOGAR Y COCINA;;
4669;VENENO PARA RATA GUAYAQUIL;ASEO;;
4670;REPELENTE PARA PERROS Y GATOS 500ML;ASEO;;
4671;LUCES DE NAVIDAD LED LLUVIA DE 6x0.60CM;HOGAR Y COCINA;;
4672;LUCES DE NAVIDAD ESTRELLA GRANDE CORTINA;HOGAR Y COCINA;;
4673;SIKAFLEX 212 FC NEGRO X 300ML;CONSTRUCCION;;
4674;CINTA ANTIDESLIZANTE 25MM X 5M TRUPER;CONSTRUCCION;;
4675;"BROCA CONCRETO 1/2 X 6"" TRUPER";ABRASIVOS Y CONSUMIBLES;;
4676;GUANTE CAUCHO TRITON CAL35 T 9;DOTACION INDUSTRIAL;;
4677;VINIPEL-STRETCH NEGRO 15 CM CALIBRE 8 BOCCHERINI;CONSTRUCCION;;
4679;VINIPEL-STRETCH NEGRO 20 CM CALIBRE 8 BOCCHERINI;CONSTRUCCION;;
4680;VINIPEL-STRETCH NEGRO 30 CM CALIBRE 8 BOCCHERINI;CONSTRUCCION;;
4681;JUEGO DE 2 ESLINGAS REATA CON RATCHET CARGA 400KG TRUPER;HERRAMIENTA MANUAL;;
4682;DUCHA VICTORY FUSION BLANCA CON 120V SELECTOR BOCCHERINI;ELECTRICOS;;
4683;"TERMINAL ANILLO COBRE 5/16"" 8 AWG";ELECTRICOS;;
4684;CAPUCHON CON RESORTE DE NYLON 20X3 AWG COLOR NARANJA;ELECTRICOS;;
4685;TEJA PLASTICA MARFIL TIPO ETERNIT #4 122X92CM GERFOR;CONSTRUCCION;;
4686;REFLECTOR LED TIPO TABLETA 30W MERCURY;ELECTRICOS;;
4687;REFLECTOR LED TIPO TABLETA 50W MERCURY;ELECTRICOS;;
4688;TERMINAL ANILLO 3/16 ï¿½ 5 MM CABLE 22-16 AMG ROJO MAX 19A;ELECTRICOS;;
4689;TERMINAL ANILLO 3/16 AZUL CABLE 16-14 AWG;ELECTRICOS;;
4690;TERMINAL HORQUILLA 5/32 ï¿½ 4 MM 12-10 AWG AMARILLO MAX;ELECTRICOS;;
4691;TERMINAL HORQUILLA 3/16 ï¿½ 5MM CABLE 12-10 AMARILLO AWG;ELECTRICOS;;
4692;TERMINAL MACHO PLANO 250 ï¿½ 1/4 22-16 AWG ROJO MAX 19A;ELECTRICOS;;
4693;TERMINAL MACHO REDONDO 156 ï¿½ 4 MM CABLE 22-16 AWG ROJO MAX;ELECTRICOS;;
4694;TERMINAL PIN PUNTA AZUL CABLE 16 - 14 AWG;ELECTRICOS;;
4695;TERMINAL EMPALME TOPE AZUL CABLE 16-14 AWG;ELECTRICOS;;
4696;FUNDA DE CARNAZA PARA TIJERAS TRUPER;HOGAR Y COCINA;;
4697;GUANTE POLIESTER RECUBIERTO NITRILO T7;DOTACION INDUSTRIAL;;
17003;"Cuchillo 7-1/2"" para electricista, Truper";ELECTRICOS;;
4698;BOMBILLO LED 12W ZAFIRO;ELECTRICOS;;
4699;BASCULADE DE RESORTE 100KG PRETUL;CONSTRUCCION;;
4700;"PASADOR ALEMAN 21/2""";CERRAJERIA Y SEGURIDAD;;
4701;JUEGO DE 7 DESTORNILLADORES DE PRESICION CORNETA;HERRAMIENTA MANUAL;;
4702;KIT REPUESTO PISTOLA GRAVEDAD AEROGRAFO 1.5MM CORNETA;PARTES Y REPUESTOS;;
4703;KIT REPUESTO PISTOLA BAJA PRESION 0.8MM CORNETA;PARTES Y REPUESTOS;;
4704;CABUYA FIQUE NATURAL 6MM X 1MT FORTE;SOGAS Y CADENAS;;
4705;CABUYA FIQUE NATURAL 8MM X 1MT FORTE;SOGAS Y CADENAS;;
4706;CABUYA FIQUE NATURAL 13MM X 1MT FORTE;SOGAS Y CADENAS;;
4707;ESCOBA PLASTICA DE JARDIN 22 DIENTES SIN MANGO;HERRAMIENTA MANUAL;;
4709;CEMENTO BLANCO USO GENERAL 1 LIBRA;;;
4708;"COPA GALVANIZADA 3/4"" X 1/2""";;;
4710;FILTRO DE GASOLINA MOTOBOMBA TRUPER;PARTES Y REPUESTOS;;
4711;"SOLDADURA ELECTRICA 7018 3/32"" 1K TRUPER";ABRASIVOS Y CONSUMIBLES;;
4712;"SOLDADURA ELECTRICA 7018 3/32"" 5K TRUPER";ABRASIVOS Y CONSUMIBLES;;
4713;TAPA BOCAS PARA POLVO CONCHA TRUPER;DOTACION INDUSTRIAL;;
4714;"ESCUADRA CARPINTERO 12"" 30CM TRUPER";HERRAMIENTA MANUAL;;
4715;ACEITERA DE PIPETA FLEXIBLE 500 ML;LUBRICANTES;;
4716;"CIZALLA CORTAPERNOS 12"" PRETUL";HERRAMIENTA MANUAL;;
4717;SIKA SET L ACELERANTE PARA MORTERO X 2,6K;CONSTRUCCION;;
4718;VINILO TIPO 1 VINILICO GRIS BASALTO 1 GALON PINTUCO;PINTURAS Y DISOLVENTES;;
4719;VINILO TIPO 1 VINILICO GRIS BASALTO 1/2 G PINTUCO;PINTURAS Y DISOLVENTES;;
4720;VINILO TIPO 1 VINILICO GRIS BASALTO 1/4 G PINTUCO;PINTURAS Y DISOLVENTES;;
4721;VINILO TIPO 1 VINILICO GRIS BASALTO 1/8 G PINTUCO;PINTURAS Y DISOLVENTES;;
4722;VINILO TIPO 1 VINILICO GRIS BASALTO 1/32 G PINTUCO;PINTURAS Y DISOLVENTES;;
4723;SILICONA GRIS AUTOMOTRIZ ALTA Tï¿½ 70ML TENKBOND;PEGANTES;;
4724;SILICONA GRIS AUTOMOTRIZ ALTA Tï¿½ 32G MKNICAL;PEGANTES;;
4725;"PORTACANDADO 21/2"" INDUMA";CERRAJERIA Y SEGURIDAD;;
4726;"JUEGO DE 5 SEGUETAS PARA CALADORA ""T"" CORTE MADERA TRUPER";HERRAMIENTA MANUAL;;
4727;"JUEGO DE 5 SEGUETAS PARA CALADORA ""T"" CORTE METAL TRUPER";HERRAMIENTA MANUAL;;
4728;"JUEGO DE 5 SEGUETAS PARA CALADORA ""U"" CORTE MADERA TRUPER";HERRAMIENTA MANUAL;;
4730;"JUEGO DE 2 SEGUETAS PARA SIERRA SABLE 6"" BIMETALICA TRUPER";HERRAMIENTA MANUAL;;
4729;JUEGO DE ACCESORIOS DE PISTOLA PARA PINTAR  TRUPER;PARTES Y REPUESTOS;;
4731;RAFIA MILENIO 3 MM (1000) 1M;SOGAS Y CADENAS;;
4732;"BUJE PVC SOLDADO 11/4""X1/2""";TUBERIAS Y ACCESORIOS;;
4733;"BUJE PVC SOLDADO 2""X1/2""";TUBERIAS Y ACCESORIOS;;
4734;"BUJE PVC SOLDADO 11/2""X1/2""";TUBERIAS Y ACCESORIOS;;
4735;ABRAZADERA REF ACERO INOX AB - 104;HERRAJES Y SOPORTES;;
4736;BOQUILLA GRIS 2K MAXI;CONSTRUCCION;;
4737;LLAVE MIXTA CON RATCHET 15MM TRUPER EXP;HERRAMIENTA MANUAL;;
4738;"ALICATE PARA ANILLOS 6"" CABEZAS INTERCAMBIABLES TRUPER";HERRAMIENTA MANUAL;;
4739;ALICATE PUNTA PUNTA 90ï¿½ PARA CERRAR ANILLOS TRUPER;HERRAMIENTA MANUAL;;
4740;KIT CINTA LED 12V LUZ BLANCA 5M + ADAPTADOR MERCURY;ELECTRICOS;;
4741;KIT CINTA LED 12V COLORES LUZ RGB 5M + ADAPTADOR MERCURY;ELECTRICOS;;
4742;LUBRICANTE CADENAS MOTOS/BICLICLETAS 400 MERCURY;LUBRICANTES;;
4743;BISAGRA OMEGA 3 X 1 LATONADA INDUMA;HERRAJES Y SOPORTES;;
4744;LLANA LISA MANGO DE MADERA DTURIN;HERRAMIENTA MANUAL;;
4746;SUPERMASTICK 1/4 1.4GM;;;
4747;SUPERMASTICK CAJA 28k;;;
4748;"DISCO DESBASTE METAL 7"" X 1/4"" X 7/8"" PREMIER";ABRASIVOS Y CONSUMIBLES;;
4749;TOMA DOBLE TIPO LEVINTON NARANJA REGULADA CILES;ELECTRICOS;;
4750;CINTA ANTIDESLIZANTE NEGRA 50MM X 6MT 3M;CONSTRUCCION;;
4751;TOALLITA COLORES BORDADA;HOGAR Y COCINA;;
4752;CRUCETA 10MM - 12MM - 14MM LARGA;HERRAMIENTA MANUAL;;
4753;CRUCETA 9MM - 11MM - 13MM LARGA;HERRAMIENTA MANUAL;;
4754;REGISTRO DUCHA MANIJA ALUVIA CORONA;GRIFERIA;;
4755;"COPA MAGNETICA 5/16 LARGO 2"" TRUPER";HERRAMIENTA MANUAL;;
4756;"TORNILLO HEXAGONAL LAMINA PUNTA BROCA ANP 10 X 2""";TORNILLERIA;;
4757;LLAVE LAVAPLATOS SENCILLA BRISA GRIVAL;GRIFERIA;;
4758;PULPO 2MT;SOGAS Y CADENAS;;
4759;GASTOP FUERZA MEDIA 36ML UNIFIX;PEGANTES;;
4760;FLEXOMETRO FLEX 8 MT LUFKIN;HERRAMIENTA MANUAL;;
4761;CANDADO RIGIDO TIPO U 12MM HERMEX;;;
4762;CANDADO DE LATON  30MM GANCHO EXTRA LARGO HERMEX;;;
4763;BISTURI 18MM TRABAJO PESADO ALMA METAL GRIP EXPERT TRUPER;;;
4764;CANDADO CLAVE 20MM EN LATON BLISTER;;;
4765;ALAMBRE 7 HILOS N 12 COLORES 1MT PROCABLES;;;
4767;BLOQUE N 4 ROJO 10X30CM;CONSTRUCCION;;
4766;LADRILLO COMUN;CONSTRUCCION;;
4768;BROCA LAMINA HSS POINT TEQ 5/64 BOSH;;;
4769;BROCA LAMINA HSS POINT TEQ 7/16 BOSH;;;
4770;BROCA LAMINA HSS POINT TEQ 5/32 BOSH;;;
4771;BROCA LAMINA HSS POINT TEQ 3/8 BOSH;;;
4772;BROCA LAMINA HSS POINT TEQ 1/2 BOSH;;;
4773;BROCA LAMINA HSS POINT TEQ 15/64 BOSH;;;
4774;"BROCA MURO 3/16 x 4"" BOSH";;;
4775;TERMINAL LUZ GRIS INDEXCOL SEMIPESADA 1/2;;;
4776;CURVA LUZ GRIS INDEXCOL SEMIPESADA 1/2;;;
4777;MALLA REJA LIVIANA 15X15 1.03 VERDE AGROTEK;;;
4778;PANEL LED CUADRADO 3W INCRUSTAR MERCURY;;;
4779;REFLECTOR LED TIPO TABLETA 150W 6500K MERCURY;;;
4780;REFLECTOR LED TIPO TABLETA 100W 6500K MERCURY;;;
4781;MANTO ASFALTICO SIN LLAMA 2MM ISOVER 1MT X 1MT;;;
4782;CINTA TAPAGOTERAS 10 CM X 10MT ALUMBAND;;;
4783;CEMENTO ASFALTICO MULTIUSOS DOY PACK 200ML;;;
4784;"TUBO SANITARIO SEMIPESADO 6"" X 6MT INDEXCOL";;;
4785;"TUBO SANITARIO SEMIPESADO 6"" X 1MT INDEXCOL";;;
4786;KIT VALVULA TANQUE FLOTADOR ABASTO BRONCE 1/2 GRIVAL;;;
4787;BOMBILLO LED EMERGENCIA 9W 5 HORAS MERCURY;;;
4788;BOMBILLO LED CON SENSOR 9W E27 MERCURY;;;
4789;IMPERMEABILIZANTE PARAGUAS MULTIPROPOSITO BLANCO CUï¿½ETE CORONA;;;
4790;IMPERMEABILIZANTE PARAGUAS MULTIPROPOSITO BLANCO 1/4 CORONA;;;
4791;IMPERMEABILIZANTE PARAGUAS MULTIPROPOSITO GRIS BALDE 2.5G CORONA;;;
4792;PARAGUAS ULTRA 12 Aï¿½OS BLANCO 1 GALON;;;
4793;PARAGUAS ULTRA 12 Aï¿½OS BLANCO 1/4 GALON;;;
4794;MASILLA DRYWALL PANEL TEC PROFESSIONAL CUï¿½ETE 27KG CORONA;;;
4795;TEXTUCO BOLSA 400GMS CORONA;;;
4796;MASILLA ZOCALO 1 GALON 6.7KG CORONA;;;
4797;MASILLA ZOCALO 1/4 1.5KG CORONA;;;
4799;VINILO T1 VINILICO AZUL MEDITERRANEO 1 G PINTUCO;PINTURAS Y DISOLVENTES;;
4798;VINILO T2 TOTAL CANECA 5 G CORONA;;;
4800;VINILO T1 VINILICO AZUL MEDITERRANEO 1/2 G PINTUCO;;;
4801;VINILO T1 VINILICO AZUL MEDITERRANEO 1/4 G PINTUCO;;;
4802;VINILO T1 VINILICO AZUL MEDITERRANEO 1/8 G PINTUCO;;;
4803;VINILO T1 VINILICO AZUL MEDITERRANEO 1/32 G PINTUCO;;;
4804;HIDROLAVADORA 1.200W 1305PSI HL7000/120M GLADIATOR PRO;;;
4805;"MINIPULIDORA 5""1.100W VV AA1025 (40400) NEO";;;
4806;"TALADRO PERCUTOR 1/2"" 810W VV TP913 NEO";;;
4807;"TALADRO PERCUTOR INALAMBRICO 3/8"" 12V DDI10/2/12 ENERGY";;;
4808;SOLDADOR INVERSOR 200A 110/220 IE 8200/7+CARETA GLADIATOR;;;
4809;SOLDADOR INVERSOR 130A 110V I130/6 ENERGY;;;
4810;ASPIRADORA SECO/HUMEDO Y SOPLADOR GLADIATOR;;;
4811;TALADRO INALAMBRICO 1/2+MINIPULIDORA 4.1/2 INALAMBRICO+BATERIA+DISCO ENERGY;;;
4812;BOMBILLO LED 30W E27 LUZ BLANCA MERCURY;;;
4813;BOMBILLO LED 20W E27 LUZ BLANCA MERCURY;;;
4814;GUARDA ESCOBA PVC NEGRO, BLANCO Y CEREZO CLARO;;;
4815;MALLA ZARANDA MADERA PEQUEï¿½A 29CM X50CM;;;
4816;LLANA DENTADA MANGO DE PLASTICO 6 REMACHES TRUPER;;;
4825;ESMALTE ANOLOK CHAMPAï¿½A 1 GALON SUPER;PINTURAS Y DISOLVENTES;;
4826;ESMALTE ANOLOK CHAMPAï¿½A 1/2G SUPER;PINTURAS Y DISOLVENTES;;
4830;PRIMER CROMATO DE ZINC VERDE 1 GALON;PINTURAS Y DISOLVENTES;;
4817;ESMALTE EXPERTO BLANCO 1 CANECA SUPER;PINTURAS Y DISOLVENTES;;
4835;"CAJA PARA PESCA 16"" CON 3 BANDEJAS DESLIZABLES TRUPER";HERRAMIENTA MANUAL;;
4839;"PRENSA EN C DE HIERRO 3"" PRETUL";HERRAMIENTA MANUAL;;
4818;TEJA PLASTICA TRANSPARENTE #8 244X92CM GERFOR;CONSTRUCCION;;
4819;TEJA PLASTICA TRANSPARENTE #10 305X92CM GERFOR;CONSTRUCCION;;
4820;ABRAZADERA METALICA INOX 4.6 X 10 CM UND;HERRAJES Y SOPORTES;;
4821;ABRAZADERA METALICA INOX 4.6 X 15 CM UND;HERRAJES Y SOPORTES;;
4822;ABRAZADERA METALICA INOX 4.6 X 20 CM UND;HERRAJES Y SOPORTES;;
4823;BOCETO PLASTICO FOAMI 8MM PUNTA 10CM X 20CM;HERRAMIENTA MANUAL;;
4824;BREAKER TACO PLUG 60 A EXE;ELECTRICOS;;
4827;ESMALTE ANOLOK CHAMPAï¿½A 1/8 SUPER;PINTURAS Y DISOLVENTES;;
4828;ESMALTE ANOLOK CHAMPAï¿½A 1/4 SUPER;PINTURAS Y DISOLVENTES;;
4829;ESMALTE ANOLOK CHAMPAï¿½A 1/32 SUPER;PINTURAS Y DISOLVENTES;;
4840;TEJA PLASTICA TRANSPARENTE #6 183X92CM GERFOR;CONSTRUCCION;;
4831;ESMALTE SECADO RAPIDO BASE AGUA BLANCO 1/2G CORONA;;;
4832;ESMALTE SECADO RAPIDO BASE AGUA BLANCO 1/4 CORONA;;;
4833;ESMALTE SECADO RAPIDO BASE AGUA BLANCO 1/8 CORONA;;;
4834;ESMALTE SECADO RAPIDO BASE AGUA BLANCO 3/32 CORONA;;;
4836;ARENA DE RIO 1 PALADA;;;
4837;ARENA DE POZO 1 PALADA;;;
4838;MIXTO 1 PALADA;;;
4841;JUEGO DE 6 FRESAS PARA ROUTER TRUPER;;;
4842;"FRESA PARA ROUTER RECTA 2 FILOS DE 1/4"" TRUPER";;;
4843;"FRESA PARA ROUTER REDONDEADA DE 1"" TRUPER";;;
4844;BROCA ESCALONADA OXIDO NEGRO 13 ESCALONES 1/8 A 1/2 TRUPER;;;
4845;"PUNTA ESTRELLA N 1 LARGO 2"" UNIDAD TRUPER";;;
4846;"PUNTA ESTRELLA N 3 LARGO 2"" UNIDAD TRUPER";;;
4847;"COPA MAGNETICA 7/16 LARGO 21/2"" TRUPER";;;
4848;"COPA MAGNETICA 12MM LARGO 21/2"" TRUPER";;;
4849;ACEITE SINTETICO PARA MOTOR 2 TIEMPOS 60ML TRUPER;;;
4850;BOQUILLA PARA SOLDADURAS TRUPER;;;
4851;"BROCHA CERDA SINTETICA 3"" FORTE";;;
4852;"BROCHA CERDA SINTETICA 21/2"" FORTE";;;
4853;COPA PUNTA TORX 3/8 T30 STANLEY;;;
4854;COPA PUNTA TORX 3/8 T40 STANLEY;;;
4855;"RIEL EXTENSION 16""  40 CM U FORTE";;;
4856;COPA LARGA HEXAGONAL 3/8 11MM FORTE;;;
4857;COPA LARGA HEXAGONAL 3/8 12MM FORTE;;;
4858;COPA PUNTA TORX 3/8 T15 FORTE;;;
4868;"DISCO CORTE METAL STANDAR 41/2"" X 3/64"" X 7/8"" NORTON";ABRASIVOS Y CONSUMIBLES;;
4860;SILICONA COGIN MEKANICAL 90GRMS GRIS;PEGANTES;;
4859;COPA PUNTA TORX 3/8 T25 FORTE;HERRAMIENTA MANUAL;;
4870;LLAVE LAVAPLATOS MESON FLEXIBLE CRUCETA FORTE;GRIFERIA;;
4861;"UNION CONDUIT 1/2""";;;
4862;"PUNTA COPA MAGNETICA 7/16"" FORTE";;;
4863;BOQUILLA NEGRA CONCOLOR 2K CORONA;;;
4864;BOQUILLA BEIGE CONCOLOR 2K CORONA;;;
4865;BOQUILLA TABACO CONCOLOR 2K CORONA;;;
4866;PALO DE ESCOBA;;;
4867;NO MAS CLAVOS 227 G PATTEX;;;
4869;ESMALTE PINTULUX TEU NEGRO 1/2G PINTUCO;;;
4871;ESMALTE PINTULUX TEU NEGRO 1/8G PINTUCO;;;
4872;ESMALTE PINTULUX TEU NEGRO 1/32G PINTUCO;;;
4873;MICOS MEDIANO BRONCE PARA GUAYA;;;
4874;BOTON CISTERNA PUSH SUPERIOR DOBLE PEQUEï¿½O;;;
4875;BOTON CISTERNA PUSH SUPERIOR DOBLE GRANDE;;;
4876;CHAZO SUPRA MARIPOSA PLASTICO 3/8;;;
4877;RODACHINA PISO RPR 40 METALICO;;;
4878;RODACHINA PISO RP 30 METALICO;;;
4879;BOTON METALICO BICELADO PEQUEï¿½O;;;
4880;MANIJA 1/2 LUNA PARA VENTANA;;;
4881;ASIENTO SANITARIO TRADICIONAL COLORES CARDENAS;;;
4882;ASIENTO SANITARIO PLUS BLANCO CARDENAS;;;
4883;ESMALTE PINTULUX TEU GRIS PLATA 1/2G PINTUCO;;;
4884;ESMALTE PINTULUX TEU GRIS PLATA 1/8G PINTUCO;;;
4885;ESMALTE PINTULUX TEU GRISPLATA 1/32G PINTUCO;;;
4886;ESMALTE PINTULUX TEU BLANCO 1/2G PINTUCO;;;
4887;ESMALTE PINTULUX TEU BLANCO 1/8G PINTUCO;;;
4888;ESMALTE PINTULUX TEU BLANCO 1/32G PINTUCO;;;
4889;TORNILLO BRISTOL 4 X 16 NEGRO;;;
4890;TORNILLO BRISTOL 4 X 20 NEGRO;;;
4891;TORNILLO BRISTOL 4 X 30 NEGRO;;;
4892;TORNILLO BRISTOL 5 X 20 NEGRO;;;
4893;TORNILLO BRISTOL 5 X 25 NEGRO;;;
4894;TORNILLO BRISTOL 5 X 30 NEGRO;;;
4895;TORNILLO BRISTOL 5 X 40 NEGRO;;;
4896;TORNILLO BRISTOL 6 X 20 NEGRO;;;
4897;TORNILLO BRISTOL 6 X 25 NEGRO;;;
4898;TORNILLO BRISTOL 6 X 30 NEGRO;;;
4899;TORNILLO BRISTOL 6 X 35 NEGRO;;;
4900;"TORNILLO HEX RO PAVONADO GRADO 5 3/8X3""";;;
4901;"TORNILLO HEX RO PAVONADO GRADO 5 3/8X4""";;;
4902;DUPLICADO DE LLAVE YALE ORIGINAL;;;
;CINTA AISLANTE NEGRA 1.8 CM X 4 YARDAS CAROPA;PEGANTES;;
4904;CINTA AISLANTE NEGRA 18MM X 5MTS MERCURY;PEGANTES;;
4905;"TORNILLO CR RO ZINC 3/16X5""UN";TORNILLERIA;;
4906;"TORNILLO CR RO ZINC 3/16X4""UN";TORNILLERIA;;
4907;RACOR HEMBRA 3/8 GAS;PARTES Y REPUESTOS;;
4908;"COPA PUNT HEXGONAL 3/8"" X 6MM FORTE";HERRAMIENTA MANUAL;;
4909;BISAGRA PARCHE CIERRE LENTO PAR;HERRAJES Y SOPORTES;;
4910;BISAGRA PARCHE MINI PAR;HERRAJES Y SOPORTES;;
4913;ESCUDO DUCHA CROMADO GRICOL;GRIFERIA;;
4914;MANIJA HELIX PALA GRICOL;GRIFERIA;;
4915;LAVADERO  DE 60 X 45 CM SILPLAS;GRIFERIA;;
4916;TEJA DE ZINC DE 305X92CM CAL 35 CORPACERA;CONSTRUCCION;;
4917;PEGACOR SIKACERAM 100 CERAMICO GRIS 25K;CONSTRUCCION;;
4918;SIKAFILL POWER 7 Aï¿½OS BLANCO GALON;PINTURAS Y DISOLVENTES;;
4919;ESTUCO CORONA ESTUCOR BLANCO 25KG;CONSTRUCCION;;
4920;SIKA ANCHOFIX S 300ML;PEGANTES;;
4921;SIKA TRANSPARENTE 5 Aï¿½OS GALON;PINTURAS Y DISOLVENTES;;
4911;"TORNILLO DRYWALL 10X4"" UND";TORNILLERIA;;
4911D;"TORNILLO DRYWALL 10X4"" DOC";TORNILLERIA;;
4912;"TORNILLO DRYWALL 8X4"" UND";TORNILLERIA;;
4912D;"TORNILLO DRYWALL 8X4"" DOC";TORNILLERIA;;
4926;PUNTAS PARA MULTIMETRO ECO;HERRAMIENTA ELECTRICA;;
4911C;"TORNILLO DRYWALL 10X4"" 50";TORNILLERIA;;
4912C;"TORNILLO DRYWALL 8X4"" 50";TORNILLERIA;;
4922;"BOQUILLERA ALUMINIO 3 X 11/2"" TIRA 6MT";PERFILES Y WINES;;
4923;"BOQUILLERA ALUMINIO 3 X 11/2"" 1M";PERFILES Y WINES;;
4924;CARRETILLA METALICA ROJA BELLOTA;CONSTRUCCION;;
4925;RUEDA CARRETILLA 4.8 PESADA BELLOTA;PARTES Y REPUESTOS;;
4928;TUBO CORTINA CAFE 3/4 1MT;PERFILES Y WINES;;
4928T;TUBO CORTINA CAFE 3/4 6MT;PERFILES Y WINES;;
4930;SOPORTE CORTINA METAL PARED CAFE;PERFILES Y WINES;;
4931;SOPORTE CORTINA METAL TECHO CAFE;PERFILES Y WINES;;
4927;ALAMBRE DE PUAS ROLLO 12.5 X200MTS LOWA;CONSTRUCCION;;
4932;SWITCH 6 PATAS;ELECTRICOS;;
4933;MEDIO BLOQUE #4 ROJO;CONSTRUCCION;;
4934;PALIN PALMERO AGROTEK;HERRAMIENTA MANUAL;;
4935;BOTON CROMADO DESAGUE SENCILLO FLUIDMASTER;GRIFERIA;;
4936;PANEL LED FREMELESS 18W REDONDO INCRUSTAR MERCURY;ELECTRICOS;;
4937;PANEL LED FREMELESS 24W REDONDO INCRUSTAR MERCURY;ELECTRICOS;;
4938;PANEL LED FREMELESS 9W REDONDO INCRUSTAR MERCURY;ELECTRICOS;;
4939;PANEL LED FREMELESS 36W REDONDO INCRUSTAR MERCURY;ELECTRICOS;;
4940;SET TARRAJAS 8 PIEZAS BESTTOOL;HERRAMIENTA MANUAL;;
4941;PALITOS DE PALETA UND;PAPELERIA Y ESCOLAR;;
4942;"CINTA DOBLE FAZ 1"" 2MT 3M";PEGANTES;;
4943;KIT VALVULA TANQUE FLOTADOR ABASTO  PLASTICO 1/2 GRIVAL;GRIFERIA;;
4944;JABON PARA LOZA LITRO;ASEO;;
4945;JABON PARA LOZA 500ML;ASEO;;
4946;JABON PARA LOZA GALON;ASEO;;
4947;LIMPIAVIDRIOS LITRO;ASEO;;
4949;LIMPIAVIDRIOS GALON;ASEO;;
3576CA;REMACHE MEJICANO 6-10 3/16 X 3/4 200U CAJA;TORNILLERIA;;
4950CA;REMACHE MEJICANO 6-6 3/16 X 1/2 200 U CAJA;TORNILLERIA;;
3577CA;REMACHE MEJICANO 6-8 3/16 X 5/8 200U CAJA;TORNILLERIA;;
3574CA;REMACHE MEJICANO 6-12 3/16 X 1 200U CAJA;TORNILLERIA;;
3575CA;REMACHE MEJICANO 6-14 3/16 X 11/16 200U CAJA;TORNILLERIA;;
4950;REMACHE MEJICANO 6-6 U;TORNILLERIA;;
4951;DESLIZANTES FIELTRO PARA MUEBLE CUADRADOS UND;HOGAR Y COCINA;;
4952;NYLON MULTIUSOS 16 LBS FORTE;SOGAS Y CADENAS;;
4953;NYLON MULTIUSOS 20 LBS FORTE;SOGAS Y CADENAS;;
4954;NYLON MULTIUSOS 40 LBS FORTE;SOGAS Y CADENAS;;
4955;NYLON MULTIUSOS 50 LBS FORTE;SOGAS Y CADENAS;;
4956;NYLON MULTIUSOS 60 LBS FORTE;SOGAS Y CADENAS;;
4957;NYLON MULTIUSOS 70 LBS FORTE;SOGAS Y CADENAS;;
4958;NYLON MULTIUSOS 80 LBS FORTE;SOGAS Y CADENAS;;
4959;NYLON MULTIUSOS 90 LBS FORTE;SOGAS Y CADENAS;;
4960;GRAVILLA MONA #2 20K;CONSTRUCCION;;
4961;GRAVILLA MONA #2 1K;CONSTRUCCION;;
4962;GRAVILLA MONA #3 20K;CONSTRUCCION;;
4963;GRAVILLA MONA #3 1K;CONSTRUCCION;;
4973;SOPORTE CORTINA DOBLE PARED CAFE;HERRAJES Y SOPORTES;;
4964;CERA ROJA COJIN 350G;HOGAR Y COCINA;;
4965;CERA BLANCA COJIN 350G;HOGAR Y COCINA;;
4966;KATORI ESPIRAL UNIDAD;HOGAR Y COCINA;;
4967;CEPILLO PARA LAVAR JUNTAS;ASEO;;
4968;RAID PASTILLA UNIDAD;ASEO;;
4969;BONAIRE VARITAS CANELA;HOGAR Y COCINA;;
4970;GUANTE POLIESTER RECUBIERTO POLIURETANOV AZUL TALLA 6;DOTACION INDUSTRIAL;;
4971;GUANTE NYLON 18 GAUGE POLIURETANO TALLA 8;DOTACION INDUSTRIAL;;
4972;GUANTE NYLON POLIURETANO FELX NEAON TALLA 9;DOTACION INDUSTRIAL;;
4974;COLBON PEGANTE PROFESIONAL MADERA 1/4 TONNER;PEGANTES;;
4975;ARBOL VALVULA DE ENTRADA TANQUE AEREO MAX;GRIFERIA;;
4976;SIFON FLEXIBLE BOTELLA LAVAPLATOS MAX;GRIFERIA;;
4977;VALVULA DE LLENADO AJUSTABLE DTURIN;GRIFERIA;;
4978;KIT DE 4 ACCESORIOS PARA BAï¿½O NOGAL GRIVAL;GRIFERIA;;
4979;BOTA PUNTA DE ACERO DIELECTRICA NEGRA T-39;DOTACION INDUSTRIAL;;
4980;"MOSQUETON DE ZINC 4""";CERRAJERIA Y SEGURIDAD;;
4981;KIT DE 3 PARES DE GUANTE LINEA HOGAR PRINCESS;HOGAR Y COCINA;;
4982;GUANTE POLIESTER LATEX AMARILLO TALLA L GOYA;DOTACION INDUSTRIAL;;
4983;"EXTENSION PARA RACHET 8"" MANDO 1/2 TRUPER";HERRAMIENTA MANUAL;;
4984;SELLADOR MULTIPROPOSITO  1/4 G CORONA;;;
4985;SUPERFACHADA BASE AGUA 1/4 G CORONA;;;
4997;BUSHING 3/4 X 3/8 GALVANIZADO;TUBERIAS Y ACCESORIOS;;
4998;"TUBO CONDUIT GRIS PESADO 1/2""GERFOR";TUBERIAS Y ACCESORIOS;;
4986;DETECTOR DE HUMO 360ï¿½ MERCURY;ELECTRICOS;;
4987;MULTITOMA CORTA PICOS 8 SLOTS 0.90M MERCURY;ELECTRICOS;;
4988;PROTECTOR DE VOLTAJE 120V MERCURY;ELECTRICOS;;
4989;TAPA TOMA DOBLE AMERICANA BLANCA MERCURY;PARTES Y REPUESTOS;;
4990;PILAS AAA PAR RECARGABLES ENERGIZER;ELECTRICOS;;
4991;CINTA LED VERDE 12 V ROLLO X 5MT MERCURY;ELECTRICOS;;
4992;CINTA LED LUZ CALIDA 12 V ROLLO X 5MT MERCURY;ELECTRICOS;;
4993;REFLECTOR PARED LUZ SOLAR LED LUZ BLANCA 2W CON SENSOR MERCURY;ELECTRICOS;;
4994;TIMBRE DE SISTEMA DE CONTROL DE ACCESO SAFE;ELECTRICOS;;
4995;TOMA DOBLE INDUSTRAIL P/TIERRA SOBRPONER BLANCA MERCURY;ELECTRICOS;;
4996;INTERRUPTOR PUSH BUTTON OFF-ON 30A MERCURY;ELECTRICOS;;
4999;"LIJA TELA FLEXIBLE 4"" #24 1MT";ABRASIVOS Y CONSUMIBLES;;
5000;"LIJA TELA FLEXIBLE 4"" #24 50CM";ABRASIVOS Y CONSUMIBLES;;
5001;"LIJA TELA FLEXIBLE 4"" #24 25CM";ABRASIVOS Y CONSUMIBLES;;
5002;"LIJA TELA FLEXIBLE 4"" #36 1MT";ABRASIVOS Y CONSUMIBLES;;
5003;"LIJA TELA FLEXIBLE 4"" #36 50CM";ABRASIVOS Y CONSUMIBLES;;
5004;"LIJA TELA FLEXIBLE 4"" #36 25CM";ABRASIVOS Y CONSUMIBLES;;
5005;TEE BRONCE 1/4;PARTES Y REPUESTOS;;
5007;UNION HEMBRA BRONCE 1/8;PARTES Y REPUESTOS;;
5008;BUSHIN BRONCE 1/2 X 1/4;PARTES Y REPUESTOS;;
5009;CANDADO ANTICIZALLA LATï¿½N SOLIDO 50MM KWIKSET;CERRAJERIA Y SEGURIDAD;;
5010;"BROCA ESPADA PARA MADERA 7/16"" TRUPER";CERRAJERIA Y SEGURIDAD;;
5006;UNION MACHO BRONCE 1/8;PARTES Y REPUESTOS;;
5011;RODACHINA PISO RP30 METALICO;CERRAJERIA Y SEGURIDAD;;
;VINIPEL-STRETCH NEGRO 12.5 CM CALIBRE 8 BOCCHERINI;PEGANTES;;
5012;SOLDADURA PVC 1/4 PAVCO;PEGANTES;;
5014;PASADOR DE SEGURIDAD DERECHA LLAVE TETRA FANAL;CERRAJERIA Y SEGURIDAD;;
5015;VALVULA AJUSTABLE DOBLE DESCARGA GRIVAL;GRIFERIA;;
5016;BROCA ACERO HSS 1/8 SATA;ABRASIVOS Y CONSUMIBLES;;
5017;BROCA ACERO HSS 3/16 SATA;ABRASIVOS Y CONSUMIBLES;;
5018;ACOPLE MONOCONTROL INOX 50 CM GRIVAL;GRIFERIA;;
5019;BOLSA REUTILIZABLE TRUPER;HOGAR Y COCINA;;
5020;EXTENSION 4 MTS 12ft DUPLEX OSBLACK/TITANIUM;ELECTRICOS;;
4449;"TORNILLO AVELLANA PUNTA DE BROCA 8 X 11/4"" U";TORNILLERIA;;
4449D;"TORNILLO AVELLANA PUNTA DE BROCA 8 X 11/4"" DOC";TORNILLERIA;;
4449C;"TORNILLO AVELLANA PUNTA DE BROCA 8 X 11/4"" 50U";TORNILLERIA;;
5021;BOQUILLA GRIS CLARO CONCOLOR 2K CORONA;CONSTRUCCION;;
5022;"ESPATULA GERMANY ACERO INOX 2""GOYA";HERRAMIENTA MANUAL;;
5023;COLBON 60 GR MULTIPEGA;PEGANTES;;
5024;CHIPOTE GOMA GRANDE NARANJA/VERDE;HERRAMIENTA MANUAL;;
5025;VASTAGO DUCHA ANTIGUO ROSCA ORDINARIA GRICOL;GRIFERIA;;
5026;TACO BREAKER 30 AMP LUMINEX;ELECTRICOS;;
5027;ACOPLE GRIFLEX INOX LAVAMANOS 40CM GRIVAL;GRIFERIA;;
5028;SOLDADURA S7018 3/32 1 K WEST ARCO;ABRASIVOS Y CONSUMIBLES;;
5029;SOLDADURA S7018 3/32 1/2 K WEST ARCO;ABRASIVOS Y CONSUMIBLES;;
5030;SOLDADURA S7018 3/32 5 K WEST ARCO;ABRASIVOS Y CONSUMIBLES;;
5031;SOLDADURA S7018 3/32 1 V WEST ARCO;ABRASIVOS Y CONSUMIBLES;;
5032;NO MAS CLAVOS FLEXTEC HIGH TACK 446 G PATTEX;PEGANTES;;
5033;ESMALTE EXPERTO BLANCO 2 EN 1 GALON SUPER;PINTURAS Y DISOLVENTES;;
5034;ESMALTE EXPERTO BLANCO 2 EN 1 1/2 G SUPER;PINTURAS Y DISOLVENTES;;
5035;ESMALTE EXPERTO BLANCO 2 EN 1 1/4 G SUPER;PINTURAS Y DISOLVENTES;;
5036;ESMALTE EXPERTO BLANCO 2 EN 1 1/8 G SUPER;PINTURAS Y DISOLVENTES;;
5037;ESMALTE EXPERTO BLANCO 2 EN 1 1/32 G SUPER;PINTURAS Y DISOLVENTES;;
5038;PINTURA BAï¿½OS Y COCINAS BLANCA 1 GALON CORONA;PINTURAS Y DISOLVENTES;;
5039;VINILO T2 ALTA COBERTURA BLANCO ARENA 1 GALON CORONA;PINTURAS Y DISOLVENTES;;
5040;VINILO T2 ALTA COBERTURA BLANCO HUESO 1 GALON CORONA;PINTURAS Y DISOLVENTES;;
5041;VINILO T2 ALTA COBERTURA BLANCO ALMENDRA 1 GALON CORONA;PINTURAS Y DISOLVENTES;;
5042;VINILO T2 ALTA COBERTURA BLANCO DURAZNO 1 GALON CORONA;PINTURAS Y DISOLVENTES;;
5043;VINILO T2 ALTA COBERTURA CHAMPAï¿½A 1 GALON CORONA;PINTURAS Y DISOLVENTES;;
5044;"COPA MAGNETICA 3/8 LARGO 21/2"" TRUPER";TORNILLERIA;;
5045;"COPA MANDO 1/2 6 PUNTAS 11/16"" TRUPER";HERRAMIENTA MANUAL;;
5046;"COPA DIAMANTADA CONTINO 11/2"" TRUPER";ABRASIVOS Y CONSUMIBLES;;
5047;MINI SOLDADOR INVERSOR 100A 127V TRUPER;ELECTRICOS;;
5048;SOLDADURA EN FRIO POXITANKE TRANSPARENTE 85 G;PEGANTES;;
5049;"REMACHADORA 8"" SATA";HERRAMIENTA MANUAL;;
5050;TOMA SENCILLA DE SOBREPONER BLANCA AVE;ELECTRICOS;;
5051;ORGANIZADOR DE CALBLES EN SILICONA 2 PIEZAS FORTE;PARTES Y REPUESTOS;;
5052;CHINCHES EN CAJA COLORES MEJIA;PAPELERIA Y ESCOLAR;;
5053;CORTINA BAï¿½O COLORES WINSOR;HOGAR Y COCINA;;
5054;"MANGUERA LAVADORA 11/4"" XMT";GRIFERIA;;
5056;VINILO T2 ALTA COBERTURA MAGENTA 1 GALON CORONA;PINTURAS Y DISOLVENTES;;
5062;VINILO T2 ALTA COBERTURA OCRE 1 GALON CORONA;PINTURAS Y DISOLVENTES;;
5063;"COPA MAGNETICA 8MM LARGO 21/2"" TRUPER";HERRAMIENTA MANUAL;;
5064;VINILO T2 ALTA COBERTURA ROJO VIVO 1 GALON CORONA;PINTURAS Y DISOLVENTES;;
5065;"NIPLE GALVANIZADO KAUDAL 3/8 X11/2""";GRIFERIA;;
5066;"NIPLE GALVANIZADO KAUDAL 1 X4""";GRIFERIA;;
5067;"NIPLE GALVANIZADO KAUDAL 1 X8""";GRIFERIA;;
5055;BOLSITA SURTIDA;TORNILLERIA;;
5057;ESMALTE DORADO MEZCLA 1 GALON SUPER;PINTURAS Y DISOLVENTES;;
5058;ESMALTE DORADO MEZCLA 1/2 G SUPER;PINTURAS Y DISOLVENTES;;
5059;ESMALTE DORADO MEZCLA 1/4 G SUPER;PINTURAS Y DISOLVENTES;;
5060;ESMALTE DORADO MEZCLA 1/8 G SUPER;PINTURAS Y DISOLVENTES;;
5061;ESMALTE DORADO MEZCLA 1/32 GALON SUPER;PINTURAS Y DISOLVENTES;;
5069;SECUENCIADOR DE 100 LUCES PARA MANGUERA;ELECTRICOS;;
5070;VINILO T2 ALTA COBERTURA VERDE PINO 1 GALON CORONA;PINTURAS Y DISOLVENTES;;
5071;VINILO T2 ALTA COBERTURA AMARILLO ORO 1 GALON CORONA;PINTURAS Y DISOLVENTES;;
5074;"MANGUERA ACOMETIDA PF - UAD 1/2"" NEGRO PAVCO 1 MT";TUBERIAS Y ACCESORIOS;;
5075;"MANGUERA ACOMETIDA PF - UAD 1/2"" NEGRO PAVCO ROLLO 90 MT";TUBERIAS Y ACCESORIOS;;
5076;VALVULA DE ENTRADA BOCCHERINI;GRIFERIA;;
5077;VASTAGO DUCHA LARGO IZQUIERDO GRICOL;GRIFERIA;;
5078;"TUBO SANITARIO PESADO 11/2"" 6MT PAVCO";TUBERIAS Y ACCESORIOS;;
5079;"TUBO SANITARIO PESADO 2"" 6MT PAVCO";TUBERIAS Y ACCESORIOS;;
5080;"TUBO SANITARIO PESADO 3"" 6MT PAVCO";TUBERIAS Y ACCESORIOS;;
5081;PISTOLA SILICONA GRANDE AMARILLA MERCURY;ELECTRICOS;;
5082;PISTOLA SILICONA PEQUEï¿½A AMARILLA MERCURY;ELECTRICOS;;
5083;LLAVE LAVAMANOS + ACOPLE NOGAL GRIVAL;GRIFERIA;;
5084;VASELINA PEQUEï¿½A;HOGAR Y COCINA;;
5085;CORRECTOR LAPIZ OFFIESCO 256;HOGAR Y COCINA;;
5086;TIZA TABLERO BLANCA;HOGAR Y COCINA;;
5072;PAQUETE SILICONA EN BARRA DELGADA X 60 U APROX;HOGAR Y COCINA;;
5073;PAQUETE SILICONA EN BARRA GRUESA X 26 U APROX;HOGAR Y COCINA;;
5087;"RIEL EXTENSION 14"" 35 CM U FORTE";HERRAJES Y SOPORTES;;
5088;"RIEL EXTENSION 20"" 50 CM U FORTE";HERRAJES Y SOPORTES;;
5089;"RIEL EXTENSION 18"" 45 CM U FORTE";HERRAJES Y SOPORTES;;
5090;PINTURA EN SPRAY BLANCO MATE ANTICORROSIVO 400ML PINTE;PINTURAS Y DISOLVENTES;;
5091;PINTURA EN SPRAY NEGRO MATE ANTICORROSIVO 400ML PINTE;PINTURAS Y DISOLVENTES;;
5092;JUEGO DE COPAS TAG 1/4 X PUNTAS 25 PIEZAS SATA;PINTURAS Y DISOLVENTES;;
5093;SILICONA LIQUIDA MULTIUSO TESA 100ML;PEGANTES;;
5094;FILTRO LAVAPLATOS BORDE ANCHO PEQUEï¿½O;HOGAR Y COCINA;;
5095;BRIDA SANITARIA MIXTA 3 Y 4 GRIVAL;GRIFERIA;;
